2025-08-27 00:01:16.561 INFO  org.hibernate.validator.internal.util.Version     :21   [32m                  [0;39m HV000001: Hibernate Validator 8.0.2.Final
2025-08-27 00:01:16.582 INFO  com.matt.wiki.WikiApplication                     :53   [32m                  [0;39m Starting WikiApplication using Java 20.0.1 with PID 4826 (/Users/yushuzhan/Documents/GitHub/FullStackPractices/wiki/target/classes started by yushuzhan in /Users/yushuzhan/Documents/GitHub/FullStackPractices/wiki)
2025-08-27 00:01:16.582 INFO  com.matt.wiki.WikiApplication                     :652  [32m                  [0;39m No active profile set, falling back to 1 default profile: "default"
2025-08-27 00:01:16.608 INFO  o.s.boot.devtools.restart.ChangeableUrls          :252  [32m                  [0;39m The Class-Path manifest attribute in /Users/yushuzhan/.m2/repository/org/apache/opennlp/opennlp-tools/2.5.4/opennlp-tools-2.5.4.jar referenced one or more files that do not exist: file:/Users/yushuzhan/.m2/repository/org/apache/opennlp/opennlp-tools/2.5.4/slf4j-api-2.0.17.jar
2025-08-27 00:01:16.609 INFO  o.s.b.d.env.DevToolsPropertyDefaultsPostProcessor :252  [32m                  [0;39m Devtools property defaults active! Set 'spring.devtools.add-properties' to 'false' to disable
2025-08-27 00:01:16.609 INFO  o.s.b.d.env.DevToolsPropertyDefaultsPostProcessor :252  [32m                  [0;39m For additional web related logging consider setting the 'logging.level.web' property to 'DEBUG'
2025-08-27 00:01:17.082 INFO  o.s.d.r.config.RepositoryConfigurationDelegate    :294  [32m                  [0;39m Multiple Spring Data modules found, entering strict repository configuration mode
2025-08-27 00:01:17.083 INFO  o.s.d.r.config.RepositoryConfigurationDelegate    :145  [32m                  [0;39m Bootstrapping Spring Data JPA repositories in DEFAULT mode.
2025-08-27 00:01:17.157 INFO  o.s.d.r.config.RepositoryConfigurationDelegate    :213  [32m                  [0;39m Finished Spring Data repository scanning in 70 ms. Found 3 JPA repository interfaces.
2025-08-27 00:01:17.166 INFO  o.s.d.r.config.RepositoryConfigurationDelegate    :294  [32m                  [0;39m Multiple Spring Data modules found, entering strict repository configuration mode
2025-08-27 00:01:17.166 INFO  o.s.d.r.config.RepositoryConfigurationDelegate    :145  [32m                  [0;39m Bootstrapping Spring Data Redis repositories in DEFAULT mode.
2025-08-27 00:01:17.174 INFO  o.s.d.r.c.RepositoryConfigurationExtensionSupport :327  [32m                  [0;39m Spring Data Redis - Could not safely identify store assignment for repository candidate interface com.matt.wiki.repository.BaseRepository; If you want this repository to be a Redis repository, consider annotating your entities with one of these annotations: org.springframework.data.redis.core.RedisHash (preferred), or consider extending one of the following types with your repository: org.springframework.data.keyvalue.repository.KeyValueRepository
2025-08-27 00:01:17.174 INFO  o.s.d.r.c.RepositoryConfigurationExtensionSupport :327  [32m                  [0;39m Spring Data Redis - Could not safely identify store assignment for repository candidate interface com.matt.wiki.repository.ChatHistoryRepository; If you want this repository to be a Redis repository, consider annotating your entities with one of these annotations: org.springframework.data.redis.core.RedisHash (preferred), or consider extending one of the following types with your repository: org.springframework.data.keyvalue.repository.KeyValueRepository
2025-08-27 00:01:17.174 INFO  o.s.d.r.c.RepositoryConfigurationExtensionSupport :327  [32m                  [0;39m Spring Data Redis - Could not safely identify store assignment for repository candidate interface com.matt.wiki.repository.GuestRegisterRepository; If you want this repository to be a Redis repository, consider annotating your entities with one of these annotations: org.springframework.data.redis.core.RedisHash (preferred), or consider extending one of the following types with your repository: org.springframework.data.keyvalue.repository.KeyValueRepository
2025-08-27 00:01:17.175 INFO  o.s.d.r.config.RepositoryConfigurationDelegate    :213  [32m                  [0;39m Finished Spring Data repository scanning in 3 ms. Found 0 Redis repository interfaces.
2025-08-27 00:01:17.635 INFO  o.s.boot.web.embedded.tomcat.TomcatWebServer      :111  [32m                  [0;39m Tomcat initialized with port 8080 (http)
2025-08-27 00:01:17.642 INFO  org.apache.coyote.http11.Http11NioProtocol        :168  [32m                  [0;39m Initializing ProtocolHandler ["http-nio-8080"]
2025-08-27 00:01:17.643 INFO  org.apache.catalina.core.StandardService          :168  [32m                  [0;39m Starting service [Tomcat]
2025-08-27 00:01:17.643 INFO  org.apache.catalina.core.StandardEngine           :168  [32m                  [0;39m Starting Servlet engine: [Apache Tomcat/10.1.42]
2025-08-27 00:01:17.660 INFO  o.a.c.core.ContainerBase.[Tomcat].[localhost].[/] :168  [32m                  [0;39m Initializing Spring embedded WebApplicationContext
2025-08-27 00:01:17.660 INFO  o.s.b.w.s.c.ServletWebServerApplicationContext    :301  [32m                  [0;39m Root WebApplicationContext: initialization completed in 1051 ms
2025-08-27 00:01:17.710 INFO  o.s.b.d.autoconfigure.OptionalLiveReloadServer    :59   [32m                  [0;39m LiveReload server is running on port 35729
2025-08-27 00:01:17.771 INFO  com.zaxxer.hikari.HikariDataSource                :109  [32m                  [0;39m HikariPool-1 - Starting...
2025-08-27 00:01:20.179 INFO  com.zaxxer.hikari.pool.HikariPool                 :575  [32m                  [0;39m HikariPool-1 - Added connection com.mysql.cj.jdbc.ConnectionImpl@201609e6
2025-08-27 00:01:20.181 INFO  com.zaxxer.hikari.HikariDataSource                :122  [32m                  [0;39m HikariPool-1 - Start completed.
2025-08-27 00:01:20.215 INFO  org.hibernate.jpa.internal.util.LogHelper         :31   [32m                  [0;39m HHH000204: Processing PersistenceUnitInfo [name: default]
2025-08-27 00:01:20.240 INFO  org.hibernate.Version                             :44   [32m                  [0;39m HHH000412: Hibernate ORM core version 6.6.18.Final
2025-08-27 00:01:20.257 INFO  o.hibernate.cache.internal.RegionFactoryInitiator :50   [32m                  [0;39m HHH000026: Second-level cache disabled
2025-08-27 00:01:20.379 INFO  o.s.o.j.persistenceunit.SpringPersistenceUnitInfo :87   [32m                  [0;39m No LoadTimeWeaver setup: ignoring JPA class transformer
2025-08-27 00:01:20.958 INFO  org.hibernate.orm.connections.pooling             :163  [32m                  [0;39m HHH10001005: Database info:
	Database JDBC URL [Connecting through datasource 'HikariDataSource (HikariPool-1)']
	Database driver: undefined/unknown
	Database version: 8.0.36
	Autocommit mode: undefined/unknown
	Isolation level: undefined/unknown
	Minimum pool size: undefined/unknown
	Maximum pool size: undefined/unknown
2025-08-27 00:01:20.962 DEBUG o.h.type.descriptor.sql.spi.DdlTypeRegistry       :64   [32m                  [0;39m addDescriptor(12, org.hibernate.type.descriptor.sql.internal.CapacityDependentDdlType@3f98db0e) replaced previous registration(org.hibernate.type.descriptor.sql.internal.CapacityDependentDdlType@455b5a44)
2025-08-27 00:01:20.963 DEBUG o.h.type.descriptor.sql.spi.DdlTypeRegistry       :64   [32m                  [0;39m addDescriptor(-9, org.hibernate.type.descriptor.sql.internal.CapacityDependentDdlType@394dfd8e) replaced previous registration(org.hibernate.type.descriptor.sql.internal.CapacityDependentDdlType@4a75c36e)
2025-08-27 00:01:20.963 DEBUG o.h.type.descriptor.sql.spi.DdlTypeRegistry       :64   [32m                  [0;39m addDescriptor(-3, org.hibernate.type.descriptor.sql.internal.CapacityDependentDdlType@334c3185) replaced previous registration(org.hibernate.type.descriptor.sql.internal.CapacityDependentDdlType@2c5ad4d2)
2025-08-27 00:01:20.963 DEBUG o.h.type.descriptor.sql.spi.DdlTypeRegistry       :64   [32m                  [0;39m addDescriptor(4003, org.hibernate.type.descriptor.sql.internal.DdlTypeImpl@7aadfd5a) replaced previous registration(org.hibernate.type.descriptor.sql.internal.DdlTypeImpl@1ea72fd2)
2025-08-27 00:01:20.963 DEBUG o.h.type.descriptor.sql.spi.DdlTypeRegistry       :64   [32m                  [0;39m addDescriptor(4001, org.hibernate.type.descriptor.sql.internal.DdlTypeImpl@4cb5f59a) replaced previous registration(org.hibernate.type.descriptor.sql.internal.DdlTypeImpl@36b3549a)
2025-08-27 00:01:20.963 DEBUG o.h.type.descriptor.sql.spi.DdlTypeRegistry       :64   [32m                  [0;39m addDescriptor(4002, org.hibernate.type.descriptor.sql.internal.DdlTypeImpl@23e1383b) replaced previous registration(org.hibernate.type.descriptor.sql.internal.DdlTypeImpl@41f5a2a)
2025-08-27 00:01:20.964 DEBUG o.h.type.descriptor.sql.spi.DdlTypeRegistry       :64   [32m                  [0;39m addDescriptor(2004, org.hibernate.type.descriptor.sql.internal.CapacityDependentDdlType@67656616) replaced previous registration(org.hibernate.type.descriptor.sql.internal.DdlTypeImpl@4bdef9e4)
2025-08-27 00:01:20.964 DEBUG o.h.type.descriptor.sql.spi.DdlTypeRegistry       :64   [32m                  [0;39m addDescriptor(2005, org.hibernate.type.descriptor.sql.internal.CapacityDependentDdlType@61d42044) replaced previous registration(org.hibernate.type.descriptor.sql.internal.DdlTypeImpl@1fe4f85e)
2025-08-27 00:01:20.964 DEBUG o.h.type.descriptor.sql.spi.DdlTypeRegistry       :64   [32m                  [0;39m addDescriptor(2011, org.hibernate.type.descriptor.sql.internal.CapacityDependentDdlType@53fd7862) replaced previous registration(org.hibernate.type.descriptor.sql.internal.DdlTypeImpl@6fd0ba20)
2025-08-27 00:01:21.390 INFO  o.h.e.t.jta.platform.internal.JtaPlatformInitiator:59   [32m                  [0;39m HHH000489: No JTA platform available (set 'hibernate.transaction.jta.platform' to enable JTA platform integration)
2025-08-27 00:01:21.392 INFO  o.s.orm.jpa.LocalContainerEntityManagerFactoryBean:447  [32m                  [0;39m Initialized JPA EntityManagerFactory for persistence unit 'default'
2025-08-27 00:01:21.524 WARN  o.s.b.w.s.c.AnnotationConfigServletWebServerApplicationContext:635  [32m                  [0;39m Exception encountered during context initialization - cancelling refresh attempt: org.springframework.beans.factory.BeanCreationException: Error creating bean with name 'chatFlowAop': Injection of resource dependencies failed
2025-08-27 00:01:21.525 INFO  o.s.orm.jpa.LocalContainerEntityManagerFactoryBean:660  [32m                  [0;39m Closing JPA EntityManagerFactory for persistence unit 'default'
2025-08-27 00:01:21.526 INFO  com.zaxxer.hikari.HikariDataSource                :349  [32m                  [0;39m HikariPool-1 - Shutdown initiated...
2025-08-27 00:01:22.094 INFO  com.zaxxer.hikari.HikariDataSource                :351  [32m                  [0;39m HikariPool-1 - Shutdown completed.
2025-08-27 00:01:22.101 INFO  org.apache.catalina.core.StandardService          :168  [32m                  [0;39m Stopping service [Tomcat]
2025-08-27 00:01:22.121 INFO  o.s.b.a.logging.ConditionEvaluationReportLogger   :82   [32m                  [0;39m 

Error starting ApplicationContext. To display the condition evaluation report re-run your application with 'debug' enabled.
2025-08-27 00:01:22.132 ERROR org.springframework.boot.SpringApplication        :857  [32m                  [0;39m Application run failed
org.springframework.beans.factory.BeanCreationException: Error creating bean with name 'chatFlowAop': Injection of resource dependencies failed
	at org.springframework.context.annotation.CommonAnnotationBeanPostProcessor.postProcessProperties(CommonAnnotationBeanPostProcessor.java:372)
	at org.springframework.beans.factory.support.AbstractAutowireCapableBeanFactory.populateBean(AbstractAutowireCapableBeanFactory.java:1459)
	at org.springframework.beans.factory.support.AbstractAutowireCapableBeanFactory.doCreateBean(AbstractAutowireCapableBeanFactory.java:606)
	at org.springframework.beans.factory.support.AbstractAutowireCapableBeanFactory.createBean(AbstractAutowireCapableBeanFactory.java:529)
	at org.springframework.beans.factory.support.AbstractBeanFactory.lambda$doGetBean$0(AbstractBeanFactory.java:339)
	at org.springframework.beans.factory.support.DefaultSingletonBeanRegistry.getSingleton(DefaultSingletonBeanRegistry.java:373)
	at org.springframework.beans.factory.support.AbstractBeanFactory.doGetBean(AbstractBeanFactory.java:337)
	at org.springframework.beans.factory.support.AbstractBeanFactory.getBean(AbstractBeanFactory.java:202)
	at org.springframework.beans.factory.support.DefaultListableBeanFactory.instantiateSingleton(DefaultListableBeanFactory.java:1222)
	at org.springframework.beans.factory.support.DefaultListableBeanFactory.preInstantiateSingleton(DefaultListableBeanFactory.java:1188)
	at org.springframework.beans.factory.support.DefaultListableBeanFactory.preInstantiateSingletons(DefaultListableBeanFactory.java:1123)
	at org.springframework.context.support.AbstractApplicationContext.finishBeanFactoryInitialization(AbstractApplicationContext.java:987)
	at org.springframework.context.support.AbstractApplicationContext.refresh(AbstractApplicationContext.java:627)
	at org.springframework.boot.web.servlet.context.ServletWebServerApplicationContext.refresh(ServletWebServerApplicationContext.java:146)
	at org.springframework.boot.SpringApplication.refresh(SpringApplication.java:752)
	at org.springframework.boot.SpringApplication.refreshContext(SpringApplication.java:439)
	at org.springframework.boot.SpringApplication.run(SpringApplication.java:318)
	at com.matt.wiki.WikiApplication.main(WikiApplication.java:27)
	at java.base/jdk.internal.reflect.DirectMethodHandleAccessor.invoke(DirectMethodHandleAccessor.java:104)
	at java.base/java.lang.reflect.Method.invoke(Method.java:578)
	at org.springframework.boot.devtools.restart.RestartLauncher.run(RestartLauncher.java:50)
Caused by: org.springframework.beans.factory.BeanCreationException: Error creating bean with name 'chatHistoryRepository' defined in com.matt.wiki.repository.ChatHistoryRepository defined in @EnableJpaRepositories declared on JpaRepositoriesRegistrar.EnableJpaRepositoriesConfiguration: Could not create query for public abstract java.util.List com.matt.wiki.repository.ChatHistoryRepository.findByTop20SessionIdOderByIdDesc(java.lang.String); Reason: Failed to create query for method public abstract java.util.List com.matt.wiki.repository.ChatHistoryRepository.findByTop20SessionIdOderByIdDesc(java.lang.String); No property 'top20SessionIdOderByIdDesc' found for type 'ChatHistoryEntity'
	at org.springframework.beans.factory.support.AbstractAutowireCapableBeanFactory.initializeBean(AbstractAutowireCapableBeanFactory.java:1826)
	at org.springframework.beans.factory.support.AbstractAutowireCapableBeanFactory.doCreateBean(AbstractAutowireCapableBeanFactory.java:607)
	at org.springframework.beans.factory.support.AbstractAutowireCapableBeanFactory.createBean(AbstractAutowireCapableBeanFactory.java:529)
	at org.springframework.beans.factory.support.AbstractBeanFactory.lambda$doGetBean$0(AbstractBeanFactory.java:339)
	at org.springframework.beans.factory.support.DefaultSingletonBeanRegistry.getSingleton(DefaultSingletonBeanRegistry.java:373)
	at org.springframework.beans.factory.support.AbstractBeanFactory.doGetBean(AbstractBeanFactory.java:337)
	at org.springframework.beans.factory.support.AbstractBeanFactory.getBean(AbstractBeanFactory.java:207)
	at org.springframework.beans.factory.support.AbstractAutowireCapableBeanFactory.resolveBeanByName(AbstractAutowireCapableBeanFactory.java:468)
	at org.springframework.context.annotation.CommonAnnotationBeanPostProcessor.autowireResource(CommonAnnotationBeanPostProcessor.java:606)
	at org.springframework.context.annotation.CommonAnnotationBeanPostProcessor.getResource(CommonAnnotationBeanPostProcessor.java:577)
	at org.springframework.context.annotation.CommonAnnotationBeanPostProcessor$ResourceElement.getResourceToInject(CommonAnnotationBeanPostProcessor.java:739)
	at org.springframework.beans.factory.annotation.InjectionMetadata$InjectedElement.inject(InjectionMetadata.java:272)
	at org.springframework.beans.factory.annotation.InjectionMetadata.inject(InjectionMetadata.java:146)
	at org.springframework.context.annotation.CommonAnnotationBeanPostProcessor.postProcessProperties(CommonAnnotationBeanPostProcessor.java:369)
	... 20 common frames omitted
Caused by: org.springframework.data.repository.query.QueryCreationException: Could not create query for public abstract java.util.List com.matt.wiki.repository.ChatHistoryRepository.findByTop20SessionIdOderByIdDesc(java.lang.String); Reason: Failed to create query for method public abstract java.util.List com.matt.wiki.repository.ChatHistoryRepository.findByTop20SessionIdOderByIdDesc(java.lang.String); No property 'top20SessionIdOderByIdDesc' found for type 'ChatHistoryEntity'
	at org.springframework.data.repository.query.QueryCreationException.create(QueryCreationException.java:101)
	at org.springframework.data.repository.core.support.QueryExecutorMethodInterceptor.lookupQuery(QueryExecutorMethodInterceptor.java:120)
	at org.springframework.data.repository.core.support.QueryExecutorMethodInterceptor.mapMethodsToQuery(QueryExecutorMethodInterceptor.java:104)
	at org.springframework.data.repository.core.support.QueryExecutorMethodInterceptor.lambda$new$0(QueryExecutorMethodInterceptor.java:92)
	at java.base/java.util.Optional.map(Optional.java:260)
	at org.springframework.data.repository.core.support.QueryExecutorMethodInterceptor.<init>(QueryExecutorMethodInterceptor.java:92)
	at org.springframework.data.repository.core.support.RepositoryFactorySupport.getRepository(RepositoryFactorySupport.java:434)
	at org.springframework.data.repository.core.support.RepositoryFactoryBeanSupport.lambda$afterPropertiesSet$4(RepositoryFactoryBeanSupport.java:350)
	at org.springframework.data.util.Lazy.getNullable(Lazy.java:135)
	at org.springframework.data.util.Lazy.get(Lazy.java:113)
	at org.springframework.data.repository.core.support.RepositoryFactoryBeanSupport.afterPropertiesSet(RepositoryFactoryBeanSupport.java:356)
	at org.springframework.data.jpa.repository.support.JpaRepositoryFactoryBean.afterPropertiesSet(JpaRepositoryFactoryBean.java:132)
	at org.springframework.beans.factory.support.AbstractAutowireCapableBeanFactory.invokeInitMethods(AbstractAutowireCapableBeanFactory.java:1873)
	at org.springframework.beans.factory.support.AbstractAutowireCapableBeanFactory.initializeBean(AbstractAutowireCapableBeanFactory.java:1822)
	... 33 common frames omitted
Caused by: java.lang.IllegalArgumentException: Failed to create query for method public abstract java.util.List com.matt.wiki.repository.ChatHistoryRepository.findByTop20SessionIdOderByIdDesc(java.lang.String); No property 'top20SessionIdOderByIdDesc' found for type 'ChatHistoryEntity'
	at org.springframework.data.jpa.repository.query.PartTreeJpaQuery.<init>(PartTreeJpaQuery.java:107)
	at org.springframework.data.jpa.repository.query.JpaQueryLookupStrategy$CreateQueryLookupStrategy.resolveQuery(JpaQueryLookupStrategy.java:128)
	at org.springframework.data.jpa.repository.query.JpaQueryLookupStrategy$CreateIfNotFoundQueryLookupStrategy.resolveQuery(JpaQueryLookupStrategy.java:260)
	at org.springframework.data.jpa.repository.query.JpaQueryLookupStrategy$AbstractQueryLookupStrategy.resolveQuery(JpaQueryLookupStrategy.java:99)
	at org.springframework.data.repository.core.support.QueryExecutorMethodInterceptor.lookupQuery(QueryExecutorMethodInterceptor.java:116)
	... 45 common frames omitted
Caused by: org.springframework.data.mapping.PropertyReferenceException: No property 'top20SessionIdOderByIdDesc' found for type 'ChatHistoryEntity'
	at org.springframework.data.mapping.PropertyPath.<init>(PropertyPath.java:94)
	at org.springframework.data.mapping.PropertyPath.create(PropertyPath.java:455)
	at org.springframework.data.mapping.PropertyPath.create(PropertyPath.java:431)
	at org.springframework.data.mapping.PropertyPath.lambda$from$0(PropertyPath.java:384)
	at java.base/java.util.concurrent.ConcurrentMap.computeIfAbsent(ConcurrentMap.java:330)
	at org.springframework.data.mapping.PropertyPath.from(PropertyPath.java:366)
	at org.springframework.data.mapping.PropertyPath.from(PropertyPath.java:344)
	at org.springframework.data.repository.query.parser.Part.<init>(Part.java:81)
	at org.springframework.data.repository.query.parser.PartTree$OrPart.lambda$new$0(PartTree.java:259)
	at java.base/java.util.stream.ReferencePipeline$3$1.accept(ReferencePipeline.java:197)
	at java.base/java.util.stream.ReferencePipeline$2$1.accept(ReferencePipeline.java:179)
	at java.base/java.util.Spliterators$ArraySpliterator.forEachRemaining(Spliterators.java:1006)
	at java.base/java.util.stream.AbstractPipeline.copyInto(AbstractPipeline.java:509)
	at java.base/java.util.stream.AbstractPipeline.wrapAndCopyInto(AbstractPipeline.java:499)
	at java.base/java.util.stream.ReduceOps$ReduceOp.evaluateSequential(ReduceOps.java:921)
	at java.base/java.util.stream.AbstractPipeline.evaluate(AbstractPipeline.java:234)
	at java.base/java.util.stream.ReferencePipeline.collect(ReferencePipeline.java:682)
	at org.springframework.data.repository.query.parser.PartTree$OrPart.<init>(PartTree.java:260)
	at org.springframework.data.repository.query.parser.PartTree$Predicate.lambda$new$0(PartTree.java:389)
	at java.base/java.util.stream.ReferencePipeline$3$1.accept(ReferencePipeline.java:197)
	at java.base/java.util.stream.ReferencePipeline$2$1.accept(ReferencePipeline.java:179)
	at java.base/java.util.Spliterators$ArraySpliterator.forEachRemaining(Spliterators.java:1006)
	at java.base/java.util.stream.AbstractPipeline.copyInto(AbstractPipeline.java:509)
	at java.base/java.util.stream.AbstractPipeline.wrapAndCopyInto(AbstractPipeline.java:499)
	at java.base/java.util.stream.ReduceOps$ReduceOp.evaluateSequential(ReduceOps.java:921)
	at java.base/java.util.stream.AbstractPipeline.evaluate(AbstractPipeline.java:234)
	at java.base/java.util.stream.ReferencePipeline.collect(ReferencePipeline.java:682)
	at org.springframework.data.repository.query.parser.PartTree$Predicate.<init>(PartTree.java:390)
	at org.springframework.data.repository.query.parser.PartTree.<init>(PartTree.java:103)
	at org.springframework.data.jpa.repository.query.PartTreeJpaQuery.<init>(PartTreeJpaQuery.java:101)
	... 49 common frames omitted
2025-08-27 00:02:55.292 INFO  org.hibernate.validator.internal.util.Version     :21   [32m                  [0;39m HV000001: Hibernate Validator 8.0.2.Final
2025-08-27 00:02:55.308 INFO  com.matt.wiki.WikiApplication                     :53   [32m                  [0;39m Starting WikiApplication using Java 20.0.1 with PID 4909 (/Users/yushuzhan/Documents/GitHub/FullStackPractices/wiki/target/classes started by yushuzhan in /Users/yushuzhan/Documents/GitHub/FullStackPractices/wiki)
2025-08-27 00:02:55.309 INFO  com.matt.wiki.WikiApplication                     :652  [32m                  [0;39m No active profile set, falling back to 1 default profile: "default"
2025-08-27 00:02:55.330 INFO  o.s.boot.devtools.restart.ChangeableUrls          :252  [32m                  [0;39m The Class-Path manifest attribute in /Users/yushuzhan/.m2/repository/org/apache/opennlp/opennlp-tools/2.5.4/opennlp-tools-2.5.4.jar referenced one or more files that do not exist: file:/Users/yushuzhan/.m2/repository/org/apache/opennlp/opennlp-tools/2.5.4/slf4j-api-2.0.17.jar
2025-08-27 00:02:55.330 INFO  o.s.b.d.env.DevToolsPropertyDefaultsPostProcessor :252  [32m                  [0;39m Devtools property defaults active! Set 'spring.devtools.add-properties' to 'false' to disable
2025-08-27 00:02:55.330 INFO  o.s.b.d.env.DevToolsPropertyDefaultsPostProcessor :252  [32m                  [0;39m For additional web related logging consider setting the 'logging.level.web' property to 'DEBUG'
2025-08-27 00:02:55.676 INFO  o.s.d.r.config.RepositoryConfigurationDelegate    :294  [32m                  [0;39m Multiple Spring Data modules found, entering strict repository configuration mode
2025-08-27 00:02:55.677 INFO  o.s.d.r.config.RepositoryConfigurationDelegate    :145  [32m                  [0;39m Bootstrapping Spring Data JPA repositories in DEFAULT mode.
2025-08-27 00:02:55.746 INFO  o.s.d.r.config.RepositoryConfigurationDelegate    :213  [32m                  [0;39m Finished Spring Data repository scanning in 64 ms. Found 3 JPA repository interfaces.
2025-08-27 00:02:55.753 INFO  o.s.d.r.config.RepositoryConfigurationDelegate    :294  [32m                  [0;39m Multiple Spring Data modules found, entering strict repository configuration mode
2025-08-27 00:02:55.753 INFO  o.s.d.r.config.RepositoryConfigurationDelegate    :145  [32m                  [0;39m Bootstrapping Spring Data Redis repositories in DEFAULT mode.
2025-08-27 00:02:55.760 INFO  o.s.d.r.c.RepositoryConfigurationExtensionSupport :327  [32m                  [0;39m Spring Data Redis - Could not safely identify store assignment for repository candidate interface com.matt.wiki.repository.BaseRepository; If you want this repository to be a Redis repository, consider annotating your entities with one of these annotations: org.springframework.data.redis.core.RedisHash (preferred), or consider extending one of the following types with your repository: org.springframework.data.keyvalue.repository.KeyValueRepository
2025-08-27 00:02:55.760 INFO  o.s.d.r.c.RepositoryConfigurationExtensionSupport :327  [32m                  [0;39m Spring Data Redis - Could not safely identify store assignment for repository candidate interface com.matt.wiki.repository.ChatHistoryRepository; If you want this repository to be a Redis repository, consider annotating your entities with one of these annotations: org.springframework.data.redis.core.RedisHash (preferred), or consider extending one of the following types with your repository: org.springframework.data.keyvalue.repository.KeyValueRepository
2025-08-27 00:02:55.760 INFO  o.s.d.r.c.RepositoryConfigurationExtensionSupport :327  [32m                  [0;39m Spring Data Redis - Could not safely identify store assignment for repository candidate interface com.matt.wiki.repository.GuestRegisterRepository; If you want this repository to be a Redis repository, consider annotating your entities with one of these annotations: org.springframework.data.redis.core.RedisHash (preferred), or consider extending one of the following types with your repository: org.springframework.data.keyvalue.repository.KeyValueRepository
2025-08-27 00:02:55.760 INFO  o.s.d.r.config.RepositoryConfigurationDelegate    :213  [32m                  [0;39m Finished Spring Data repository scanning in 2 ms. Found 0 Redis repository interfaces.
2025-08-27 00:02:56.142 INFO  o.s.boot.web.embedded.tomcat.TomcatWebServer      :111  [32m                  [0;39m Tomcat initialized with port 8080 (http)
2025-08-27 00:02:56.147 INFO  org.apache.coyote.http11.Http11NioProtocol        :168  [32m                  [0;39m Initializing ProtocolHandler ["http-nio-8080"]
2025-08-27 00:02:56.148 INFO  org.apache.catalina.core.StandardService          :168  [32m                  [0;39m Starting service [Tomcat]
2025-08-27 00:02:56.148 INFO  org.apache.catalina.core.StandardEngine           :168  [32m                  [0;39m Starting Servlet engine: [Apache Tomcat/10.1.42]
2025-08-27 00:02:56.163 INFO  o.a.c.core.ContainerBase.[Tomcat].[localhost].[/] :168  [32m                  [0;39m Initializing Spring embedded WebApplicationContext
2025-08-27 00:02:56.163 INFO  o.s.b.w.s.c.ServletWebServerApplicationContext    :301  [32m                  [0;39m Root WebApplicationContext: initialization completed in 833 ms
2025-08-27 00:02:56.202 INFO  o.s.b.d.autoconfigure.OptionalLiveReloadServer    :59   [32m                  [0;39m LiveReload server is running on port 35729
2025-08-27 00:02:56.253 INFO  com.zaxxer.hikari.HikariDataSource                :109  [32m                  [0;39m HikariPool-1 - Starting...
2025-08-27 00:02:59.135 INFO  com.zaxxer.hikari.pool.HikariPool                 :575  [32m                  [0;39m HikariPool-1 - Added connection com.mysql.cj.jdbc.ConnectionImpl@5cae1c38
2025-08-27 00:02:59.139 INFO  com.zaxxer.hikari.HikariDataSource                :122  [32m                  [0;39m HikariPool-1 - Start completed.
2025-08-27 00:02:59.176 INFO  org.hibernate.jpa.internal.util.LogHelper         :31   [32m                  [0;39m HHH000204: Processing PersistenceUnitInfo [name: default]
2025-08-27 00:02:59.205 INFO  org.hibernate.Version                             :44   [32m                  [0;39m HHH000412: Hibernate ORM core version 6.6.18.Final
2025-08-27 00:02:59.220 INFO  o.hibernate.cache.internal.RegionFactoryInitiator :50   [32m                  [0;39m HHH000026: Second-level cache disabled
2025-08-27 00:02:59.327 INFO  o.s.o.j.persistenceunit.SpringPersistenceUnitInfo :87   [32m                  [0;39m No LoadTimeWeaver setup: ignoring JPA class transformer
2025-08-27 00:02:59.900 INFO  org.hibernate.orm.connections.pooling             :163  [32m                  [0;39m HHH10001005: Database info:
	Database JDBC URL [Connecting through datasource 'HikariDataSource (HikariPool-1)']
	Database driver: undefined/unknown
	Database version: 8.0.36
	Autocommit mode: undefined/unknown
	Isolation level: undefined/unknown
	Minimum pool size: undefined/unknown
	Maximum pool size: undefined/unknown
2025-08-27 00:02:59.906 DEBUG o.h.type.descriptor.sql.spi.DdlTypeRegistry       :64   [32m                  [0;39m addDescriptor(12, org.hibernate.type.descriptor.sql.internal.CapacityDependentDdlType@1ec69c6d) replaced previous registration(org.hibernate.type.descriptor.sql.internal.CapacityDependentDdlType@2306aa7c)
2025-08-27 00:02:59.906 DEBUG o.h.type.descriptor.sql.spi.DdlTypeRegistry       :64   [32m                  [0;39m addDescriptor(-9, org.hibernate.type.descriptor.sql.internal.CapacityDependentDdlType@261e0ab8) replaced previous registration(org.hibernate.type.descriptor.sql.internal.CapacityDependentDdlType@9f2f00d)
2025-08-27 00:02:59.906 DEBUG o.h.type.descriptor.sql.spi.DdlTypeRegistry       :64   [32m                  [0;39m addDescriptor(-3, org.hibernate.type.descriptor.sql.internal.CapacityDependentDdlType@237d30aa) replaced previous registration(org.hibernate.type.descriptor.sql.internal.CapacityDependentDdlType@353e2bf3)
2025-08-27 00:02:59.906 DEBUG o.h.type.descriptor.sql.spi.DdlTypeRegistry       :64   [32m                  [0;39m addDescriptor(4003, org.hibernate.type.descriptor.sql.internal.DdlTypeImpl@63a3ac26) replaced previous registration(org.hibernate.type.descriptor.sql.internal.DdlTypeImpl@7dcf5ac7)
2025-08-27 00:02:59.906 DEBUG o.h.type.descriptor.sql.spi.DdlTypeRegistry       :64   [32m                  [0;39m addDescriptor(4001, org.hibernate.type.descriptor.sql.internal.DdlTypeImpl@37fdddb4) replaced previous registration(org.hibernate.type.descriptor.sql.internal.DdlTypeImpl@7358090b)
2025-08-27 00:02:59.906 DEBUG o.h.type.descriptor.sql.spi.DdlTypeRegistry       :64   [32m                  [0;39m addDescriptor(4002, org.hibernate.type.descriptor.sql.internal.DdlTypeImpl@d6449da) replaced previous registration(org.hibernate.type.descriptor.sql.internal.DdlTypeImpl@afa33d3)
2025-08-27 00:02:59.906 DEBUG o.h.type.descriptor.sql.spi.DdlTypeRegistry       :64   [32m                  [0;39m addDescriptor(2004, org.hibernate.type.descriptor.sql.internal.CapacityDependentDdlType@53334f45) replaced previous registration(org.hibernate.type.descriptor.sql.internal.DdlTypeImpl@60100479)
2025-08-27 00:02:59.907 DEBUG o.h.type.descriptor.sql.spi.DdlTypeRegistry       :64   [32m                  [0;39m addDescriptor(2005, org.hibernate.type.descriptor.sql.internal.CapacityDependentDdlType@4f15bb38) replaced previous registration(org.hibernate.type.descriptor.sql.internal.DdlTypeImpl@142a7da2)
2025-08-27 00:02:59.907 DEBUG o.h.type.descriptor.sql.spi.DdlTypeRegistry       :64   [32m                  [0;39m addDescriptor(2011, org.hibernate.type.descriptor.sql.internal.CapacityDependentDdlType@5daa5105) replaced previous registration(org.hibernate.type.descriptor.sql.internal.DdlTypeImpl@3d79b505)
2025-08-27 00:03:00.290 INFO  o.h.e.t.jta.platform.internal.JtaPlatformInitiator:59   [32m                  [0;39m HHH000489: No JTA platform available (set 'hibernate.transaction.jta.platform' to enable JTA platform integration)
2025-08-27 00:03:00.291 INFO  o.s.orm.jpa.LocalContainerEntityManagerFactoryBean:447  [32m                  [0;39m Initialized JPA EntityManagerFactory for persistence unit 'default'
2025-08-27 00:03:00.406 WARN  o.s.b.w.s.c.AnnotationConfigServletWebServerApplicationContext:635  [32m                  [0;39m Exception encountered during context initialization - cancelling refresh attempt: org.springframework.beans.factory.BeanCreationException: Error creating bean with name 'chatFlowAop': Injection of resource dependencies failed
2025-08-27 00:03:00.406 INFO  o.s.orm.jpa.LocalContainerEntityManagerFactoryBean:660  [32m                  [0;39m Closing JPA EntityManagerFactory for persistence unit 'default'
2025-08-27 00:03:00.407 INFO  com.zaxxer.hikari.HikariDataSource                :349  [32m                  [0;39m HikariPool-1 - Shutdown initiated...
2025-08-27 00:03:01.114 INFO  com.zaxxer.hikari.HikariDataSource                :351  [32m                  [0;39m HikariPool-1 - Shutdown completed.
2025-08-27 00:03:01.122 INFO  org.apache.catalina.core.StandardService          :168  [32m                  [0;39m Stopping service [Tomcat]
2025-08-27 00:03:01.139 INFO  o.s.b.a.logging.ConditionEvaluationReportLogger   :82   [32m                  [0;39m 

Error starting ApplicationContext. To display the condition evaluation report re-run your application with 'debug' enabled.
2025-08-27 00:03:01.153 ERROR org.springframework.boot.SpringApplication        :857  [32m                  [0;39m Application run failed
org.springframework.beans.factory.BeanCreationException: Error creating bean with name 'chatFlowAop': Injection of resource dependencies failed
	at org.springframework.context.annotation.CommonAnnotationBeanPostProcessor.postProcessProperties(CommonAnnotationBeanPostProcessor.java:372)
	at org.springframework.beans.factory.support.AbstractAutowireCapableBeanFactory.populateBean(AbstractAutowireCapableBeanFactory.java:1459)
	at org.springframework.beans.factory.support.AbstractAutowireCapableBeanFactory.doCreateBean(AbstractAutowireCapableBeanFactory.java:606)
	at org.springframework.beans.factory.support.AbstractAutowireCapableBeanFactory.createBean(AbstractAutowireCapableBeanFactory.java:529)
	at org.springframework.beans.factory.support.AbstractBeanFactory.lambda$doGetBean$0(AbstractBeanFactory.java:339)
	at org.springframework.beans.factory.support.DefaultSingletonBeanRegistry.getSingleton(DefaultSingletonBeanRegistry.java:373)
	at org.springframework.beans.factory.support.AbstractBeanFactory.doGetBean(AbstractBeanFactory.java:337)
	at org.springframework.beans.factory.support.AbstractBeanFactory.getBean(AbstractBeanFactory.java:202)
	at org.springframework.beans.factory.support.DefaultListableBeanFactory.instantiateSingleton(DefaultListableBeanFactory.java:1222)
	at org.springframework.beans.factory.support.DefaultListableBeanFactory.preInstantiateSingleton(DefaultListableBeanFactory.java:1188)
	at org.springframework.beans.factory.support.DefaultListableBeanFactory.preInstantiateSingletons(DefaultListableBeanFactory.java:1123)
	at org.springframework.context.support.AbstractApplicationContext.finishBeanFactoryInitialization(AbstractApplicationContext.java:987)
	at org.springframework.context.support.AbstractApplicationContext.refresh(AbstractApplicationContext.java:627)
	at org.springframework.boot.web.servlet.context.ServletWebServerApplicationContext.refresh(ServletWebServerApplicationContext.java:146)
	at org.springframework.boot.SpringApplication.refresh(SpringApplication.java:752)
	at org.springframework.boot.SpringApplication.refreshContext(SpringApplication.java:439)
	at org.springframework.boot.SpringApplication.run(SpringApplication.java:318)
	at com.matt.wiki.WikiApplication.main(WikiApplication.java:27)
	at java.base/jdk.internal.reflect.DirectMethodHandleAccessor.invoke(DirectMethodHandleAccessor.java:104)
	at java.base/java.lang.reflect.Method.invoke(Method.java:578)
	at org.springframework.boot.devtools.restart.RestartLauncher.run(RestartLauncher.java:50)
Caused by: org.springframework.beans.factory.BeanCreationException: Error creating bean with name 'chatHistoryRepository' defined in com.matt.wiki.repository.ChatHistoryRepository defined in @EnableJpaRepositories declared on JpaRepositoriesRegistrar.EnableJpaRepositoriesConfiguration: Could not create query for public abstract java.util.List com.matt.wiki.repository.ChatHistoryRepository.findByTop20SessionIdOderByIdDesc(java.lang.String); Reason: Failed to create query for method public abstract java.util.List com.matt.wiki.repository.ChatHistoryRepository.findByTop20SessionIdOderByIdDesc(java.lang.String); No property 'top20SessionIdOderByIdDesc' found for type 'ChatHistoryEntity'
	at org.springframework.beans.factory.support.AbstractAutowireCapableBeanFactory.initializeBean(AbstractAutowireCapableBeanFactory.java:1826)
	at org.springframework.beans.factory.support.AbstractAutowireCapableBeanFactory.doCreateBean(AbstractAutowireCapableBeanFactory.java:607)
	at org.springframework.beans.factory.support.AbstractAutowireCapableBeanFactory.createBean(AbstractAutowireCapableBeanFactory.java:529)
	at org.springframework.beans.factory.support.AbstractBeanFactory.lambda$doGetBean$0(AbstractBeanFactory.java:339)
	at org.springframework.beans.factory.support.DefaultSingletonBeanRegistry.getSingleton(DefaultSingletonBeanRegistry.java:373)
	at org.springframework.beans.factory.support.AbstractBeanFactory.doGetBean(AbstractBeanFactory.java:337)
	at org.springframework.beans.factory.support.AbstractBeanFactory.getBean(AbstractBeanFactory.java:207)
	at org.springframework.beans.factory.support.AbstractAutowireCapableBeanFactory.resolveBeanByName(AbstractAutowireCapableBeanFactory.java:468)
	at org.springframework.context.annotation.CommonAnnotationBeanPostProcessor.autowireResource(CommonAnnotationBeanPostProcessor.java:606)
	at org.springframework.context.annotation.CommonAnnotationBeanPostProcessor.getResource(CommonAnnotationBeanPostProcessor.java:577)
	at org.springframework.context.annotation.CommonAnnotationBeanPostProcessor$ResourceElement.getResourceToInject(CommonAnnotationBeanPostProcessor.java:739)
	at org.springframework.beans.factory.annotation.InjectionMetadata$InjectedElement.inject(InjectionMetadata.java:272)
	at org.springframework.beans.factory.annotation.InjectionMetadata.inject(InjectionMetadata.java:146)
	at org.springframework.context.annotation.CommonAnnotationBeanPostProcessor.postProcessProperties(CommonAnnotationBeanPostProcessor.java:369)
	... 20 common frames omitted
Caused by: org.springframework.data.repository.query.QueryCreationException: Could not create query for public abstract java.util.List com.matt.wiki.repository.ChatHistoryRepository.findByTop20SessionIdOderByIdDesc(java.lang.String); Reason: Failed to create query for method public abstract java.util.List com.matt.wiki.repository.ChatHistoryRepository.findByTop20SessionIdOderByIdDesc(java.lang.String); No property 'top20SessionIdOderByIdDesc' found for type 'ChatHistoryEntity'
	at org.springframework.data.repository.query.QueryCreationException.create(QueryCreationException.java:101)
	at org.springframework.data.repository.core.support.QueryExecutorMethodInterceptor.lookupQuery(QueryExecutorMethodInterceptor.java:120)
	at org.springframework.data.repository.core.support.QueryExecutorMethodInterceptor.mapMethodsToQuery(QueryExecutorMethodInterceptor.java:104)
	at org.springframework.data.repository.core.support.QueryExecutorMethodInterceptor.lambda$new$0(QueryExecutorMethodInterceptor.java:92)
	at java.base/java.util.Optional.map(Optional.java:260)
	at org.springframework.data.repository.core.support.QueryExecutorMethodInterceptor.<init>(QueryExecutorMethodInterceptor.java:92)
	at org.springframework.data.repository.core.support.RepositoryFactorySupport.getRepository(RepositoryFactorySupport.java:434)
	at org.springframework.data.repository.core.support.RepositoryFactoryBeanSupport.lambda$afterPropertiesSet$4(RepositoryFactoryBeanSupport.java:350)
	at org.springframework.data.util.Lazy.getNullable(Lazy.java:135)
	at org.springframework.data.util.Lazy.get(Lazy.java:113)
	at org.springframework.data.repository.core.support.RepositoryFactoryBeanSupport.afterPropertiesSet(RepositoryFactoryBeanSupport.java:356)
	at org.springframework.data.jpa.repository.support.JpaRepositoryFactoryBean.afterPropertiesSet(JpaRepositoryFactoryBean.java:132)
	at org.springframework.beans.factory.support.AbstractAutowireCapableBeanFactory.invokeInitMethods(AbstractAutowireCapableBeanFactory.java:1873)
	at org.springframework.beans.factory.support.AbstractAutowireCapableBeanFactory.initializeBean(AbstractAutowireCapableBeanFactory.java:1822)
	... 33 common frames omitted
Caused by: java.lang.IllegalArgumentException: Failed to create query for method public abstract java.util.List com.matt.wiki.repository.ChatHistoryRepository.findByTop20SessionIdOderByIdDesc(java.lang.String); No property 'top20SessionIdOderByIdDesc' found for type 'ChatHistoryEntity'
	at org.springframework.data.jpa.repository.query.PartTreeJpaQuery.<init>(PartTreeJpaQuery.java:107)
	at org.springframework.data.jpa.repository.query.JpaQueryLookupStrategy$CreateQueryLookupStrategy.resolveQuery(JpaQueryLookupStrategy.java:128)
	at org.springframework.data.jpa.repository.query.JpaQueryLookupStrategy$CreateIfNotFoundQueryLookupStrategy.resolveQuery(JpaQueryLookupStrategy.java:260)
	at org.springframework.data.jpa.repository.query.JpaQueryLookupStrategy$AbstractQueryLookupStrategy.resolveQuery(JpaQueryLookupStrategy.java:99)
	at org.springframework.data.repository.core.support.QueryExecutorMethodInterceptor.lookupQuery(QueryExecutorMethodInterceptor.java:116)
	... 45 common frames omitted
Caused by: org.springframework.data.mapping.PropertyReferenceException: No property 'top20SessionIdOderByIdDesc' found for type 'ChatHistoryEntity'
	at org.springframework.data.mapping.PropertyPath.<init>(PropertyPath.java:94)
	at org.springframework.data.mapping.PropertyPath.create(PropertyPath.java:455)
	at org.springframework.data.mapping.PropertyPath.create(PropertyPath.java:431)
	at org.springframework.data.mapping.PropertyPath.lambda$from$0(PropertyPath.java:384)
	at java.base/java.util.concurrent.ConcurrentMap.computeIfAbsent(ConcurrentMap.java:330)
	at org.springframework.data.mapping.PropertyPath.from(PropertyPath.java:366)
	at org.springframework.data.mapping.PropertyPath.from(PropertyPath.java:344)
	at org.springframework.data.repository.query.parser.Part.<init>(Part.java:81)
	at org.springframework.data.repository.query.parser.PartTree$OrPart.lambda$new$0(PartTree.java:259)
	at java.base/java.util.stream.ReferencePipeline$3$1.accept(ReferencePipeline.java:197)
	at java.base/java.util.stream.ReferencePipeline$2$1.accept(ReferencePipeline.java:179)
	at java.base/java.util.Spliterators$ArraySpliterator.forEachRemaining(Spliterators.java:1006)
	at java.base/java.util.stream.AbstractPipeline.copyInto(AbstractPipeline.java:509)
	at java.base/java.util.stream.AbstractPipeline.wrapAndCopyInto(AbstractPipeline.java:499)
	at java.base/java.util.stream.ReduceOps$ReduceOp.evaluateSequential(ReduceOps.java:921)
	at java.base/java.util.stream.AbstractPipeline.evaluate(AbstractPipeline.java:234)
	at java.base/java.util.stream.ReferencePipeline.collect(ReferencePipeline.java:682)
	at org.springframework.data.repository.query.parser.PartTree$OrPart.<init>(PartTree.java:260)
	at org.springframework.data.repository.query.parser.PartTree$Predicate.lambda$new$0(PartTree.java:389)
	at java.base/java.util.stream.ReferencePipeline$3$1.accept(ReferencePipeline.java:197)
	at java.base/java.util.stream.ReferencePipeline$2$1.accept(ReferencePipeline.java:179)
	at java.base/java.util.Spliterators$ArraySpliterator.forEachRemaining(Spliterators.java:1006)
	at java.base/java.util.stream.AbstractPipeline.copyInto(AbstractPipeline.java:509)
	at java.base/java.util.stream.AbstractPipeline.wrapAndCopyInto(AbstractPipeline.java:499)
	at java.base/java.util.stream.ReduceOps$ReduceOp.evaluateSequential(ReduceOps.java:921)
	at java.base/java.util.stream.AbstractPipeline.evaluate(AbstractPipeline.java:234)
	at java.base/java.util.stream.ReferencePipeline.collect(ReferencePipeline.java:682)
	at org.springframework.data.repository.query.parser.PartTree$Predicate.<init>(PartTree.java:390)
	at org.springframework.data.repository.query.parser.PartTree.<init>(PartTree.java:103)
	at org.springframework.data.jpa.repository.query.PartTreeJpaQuery.<init>(PartTreeJpaQuery.java:101)
	... 49 common frames omitted
2025-08-27 00:07:57.694 INFO  org.hibernate.validator.internal.util.Version     :21   [32m                  [0;39m HV000001: Hibernate Validator 8.0.2.Final
2025-08-27 00:07:57.711 INFO  com.matt.wiki.WikiApplication                     :53   [32m                  [0;39m Starting WikiApplication using Java 20.0.1 with PID 5188 (/Users/yushuzhan/Documents/GitHub/FullStackPractices/wiki/target/classes started by yushuzhan in /Users/yushuzhan/Documents/GitHub/FullStackPractices/wiki)
2025-08-27 00:07:57.712 INFO  com.matt.wiki.WikiApplication                     :652  [32m                  [0;39m No active profile set, falling back to 1 default profile: "default"
2025-08-27 00:07:57.733 INFO  o.s.boot.devtools.restart.ChangeableUrls          :252  [32m                  [0;39m The Class-Path manifest attribute in /Users/yushuzhan/.m2/repository/org/apache/opennlp/opennlp-tools/2.5.4/opennlp-tools-2.5.4.jar referenced one or more files that do not exist: file:/Users/yushuzhan/.m2/repository/org/apache/opennlp/opennlp-tools/2.5.4/slf4j-api-2.0.17.jar
2025-08-27 00:07:57.733 INFO  o.s.b.d.env.DevToolsPropertyDefaultsPostProcessor :252  [32m                  [0;39m Devtools property defaults active! Set 'spring.devtools.add-properties' to 'false' to disable
2025-08-27 00:07:57.733 INFO  o.s.b.d.env.DevToolsPropertyDefaultsPostProcessor :252  [32m                  [0;39m For additional web related logging consider setting the 'logging.level.web' property to 'DEBUG'
2025-08-27 00:07:58.061 INFO  o.s.d.r.config.RepositoryConfigurationDelegate    :294  [32m                  [0;39m Multiple Spring Data modules found, entering strict repository configuration mode
2025-08-27 00:07:58.062 INFO  o.s.d.r.config.RepositoryConfigurationDelegate    :145  [32m                  [0;39m Bootstrapping Spring Data JPA repositories in DEFAULT mode.
2025-08-27 00:07:58.125 INFO  o.s.d.r.config.RepositoryConfigurationDelegate    :213  [32m                  [0;39m Finished Spring Data repository scanning in 59 ms. Found 3 JPA repository interfaces.
2025-08-27 00:07:58.132 INFO  o.s.d.r.config.RepositoryConfigurationDelegate    :294  [32m                  [0;39m Multiple Spring Data modules found, entering strict repository configuration mode
2025-08-27 00:07:58.132 INFO  o.s.d.r.config.RepositoryConfigurationDelegate    :145  [32m                  [0;39m Bootstrapping Spring Data Redis repositories in DEFAULT mode.
2025-08-27 00:07:58.138 INFO  o.s.d.r.c.RepositoryConfigurationExtensionSupport :327  [32m                  [0;39m Spring Data Redis - Could not safely identify store assignment for repository candidate interface com.matt.wiki.repository.BaseRepository; If you want this repository to be a Redis repository, consider annotating your entities with one of these annotations: org.springframework.data.redis.core.RedisHash (preferred), or consider extending one of the following types with your repository: org.springframework.data.keyvalue.repository.KeyValueRepository
2025-08-27 00:07:58.138 INFO  o.s.d.r.c.RepositoryConfigurationExtensionSupport :327  [32m                  [0;39m Spring Data Redis - Could not safely identify store assignment for repository candidate interface com.matt.wiki.repository.ChatHistoryRepository; If you want this repository to be a Redis repository, consider annotating your entities with one of these annotations: org.springframework.data.redis.core.RedisHash (preferred), or consider extending one of the following types with your repository: org.springframework.data.keyvalue.repository.KeyValueRepository
2025-08-27 00:07:58.138 INFO  o.s.d.r.c.RepositoryConfigurationExtensionSupport :327  [32m                  [0;39m Spring Data Redis - Could not safely identify store assignment for repository candidate interface com.matt.wiki.repository.GuestRegisterRepository; If you want this repository to be a Redis repository, consider annotating your entities with one of these annotations: org.springframework.data.redis.core.RedisHash (preferred), or consider extending one of the following types with your repository: org.springframework.data.keyvalue.repository.KeyValueRepository
2025-08-27 00:07:58.138 INFO  o.s.d.r.config.RepositoryConfigurationDelegate    :213  [32m                  [0;39m Finished Spring Data repository scanning in 2 ms. Found 0 Redis repository interfaces.
2025-08-27 00:07:58.506 INFO  o.s.boot.web.embedded.tomcat.TomcatWebServer      :111  [32m                  [0;39m Tomcat initialized with port 8080 (http)
2025-08-27 00:07:58.511 INFO  org.apache.coyote.http11.Http11NioProtocol        :168  [32m                  [0;39m Initializing ProtocolHandler ["http-nio-8080"]
2025-08-27 00:07:58.512 INFO  org.apache.catalina.core.StandardService          :168  [32m                  [0;39m Starting service [Tomcat]
2025-08-27 00:07:58.512 INFO  org.apache.catalina.core.StandardEngine           :168  [32m                  [0;39m Starting Servlet engine: [Apache Tomcat/10.1.42]
2025-08-27 00:07:58.526 INFO  o.a.c.core.ContainerBase.[Tomcat].[localhost].[/] :168  [32m                  [0;39m Initializing Spring embedded WebApplicationContext
2025-08-27 00:07:58.526 INFO  o.s.b.w.s.c.ServletWebServerApplicationContext    :301  [32m                  [0;39m Root WebApplicationContext: initialization completed in 792 ms
2025-08-27 00:07:58.565 INFO  o.s.b.d.autoconfigure.OptionalLiveReloadServer    :59   [32m                  [0;39m LiveReload server is running on port 35729
2025-08-27 00:07:58.615 INFO  com.zaxxer.hikari.HikariDataSource                :109  [32m                  [0;39m HikariPool-1 - Starting...
2025-08-27 00:08:01.509 INFO  com.zaxxer.hikari.pool.HikariPool                 :575  [32m                  [0;39m HikariPool-1 - Added connection com.mysql.cj.jdbc.ConnectionImpl@7c19c8b8
2025-08-27 00:08:01.513 INFO  com.zaxxer.hikari.HikariDataSource                :122  [32m                  [0;39m HikariPool-1 - Start completed.
2025-08-27 00:08:01.549 INFO  org.hibernate.jpa.internal.util.LogHelper         :31   [32m                  [0;39m HHH000204: Processing PersistenceUnitInfo [name: default]
2025-08-27 00:08:01.578 INFO  org.hibernate.Version                             :44   [32m                  [0;39m HHH000412: Hibernate ORM core version 6.6.18.Final
2025-08-27 00:08:01.592 INFO  o.hibernate.cache.internal.RegionFactoryInitiator :50   [32m                  [0;39m HHH000026: Second-level cache disabled
2025-08-27 00:08:01.702 INFO  o.s.o.j.persistenceunit.SpringPersistenceUnitInfo :87   [32m                  [0;39m No LoadTimeWeaver setup: ignoring JPA class transformer
2025-08-27 00:08:02.429 INFO  org.hibernate.orm.connections.pooling             :163  [32m                  [0;39m HHH10001005: Database info:
	Database JDBC URL [Connecting through datasource 'HikariDataSource (HikariPool-1)']
	Database driver: undefined/unknown
	Database version: 8.0.36
	Autocommit mode: undefined/unknown
	Isolation level: undefined/unknown
	Minimum pool size: undefined/unknown
	Maximum pool size: undefined/unknown
2025-08-27 00:08:02.435 DEBUG o.h.type.descriptor.sql.spi.DdlTypeRegistry       :64   [32m                  [0;39m addDescriptor(12, org.hibernate.type.descriptor.sql.internal.CapacityDependentDdlType@71364c88) replaced previous registration(org.hibernate.type.descriptor.sql.internal.CapacityDependentDdlType@2e3ae762)
2025-08-27 00:08:02.435 DEBUG o.h.type.descriptor.sql.spi.DdlTypeRegistry       :64   [32m                  [0;39m addDescriptor(-9, org.hibernate.type.descriptor.sql.internal.CapacityDependentDdlType@58c30764) replaced previous registration(org.hibernate.type.descriptor.sql.internal.CapacityDependentDdlType@6c3403f7)
2025-08-27 00:08:02.435 DEBUG o.h.type.descriptor.sql.spi.DdlTypeRegistry       :64   [32m                  [0;39m addDescriptor(-3, org.hibernate.type.descriptor.sql.internal.CapacityDependentDdlType@2f2540f5) replaced previous registration(org.hibernate.type.descriptor.sql.internal.CapacityDependentDdlType@56dda384)
2025-08-27 00:08:02.435 DEBUG o.h.type.descriptor.sql.spi.DdlTypeRegistry       :64   [32m                  [0;39m addDescriptor(4003, org.hibernate.type.descriptor.sql.internal.DdlTypeImpl@1665761c) replaced previous registration(org.hibernate.type.descriptor.sql.internal.DdlTypeImpl@5a02e49c)
2025-08-27 00:08:02.435 DEBUG o.h.type.descriptor.sql.spi.DdlTypeRegistry       :64   [32m                  [0;39m addDescriptor(4001, org.hibernate.type.descriptor.sql.internal.DdlTypeImpl@5fa525c1) replaced previous registration(org.hibernate.type.descriptor.sql.internal.DdlTypeImpl@64df7c32)
2025-08-27 00:08:02.435 DEBUG o.h.type.descriptor.sql.spi.DdlTypeRegistry       :64   [32m                  [0;39m addDescriptor(4002, org.hibernate.type.descriptor.sql.internal.DdlTypeImpl@59373323) replaced previous registration(org.hibernate.type.descriptor.sql.internal.DdlTypeImpl@145c1a9d)
2025-08-27 00:08:02.436 DEBUG o.h.type.descriptor.sql.spi.DdlTypeRegistry       :64   [32m                  [0;39m addDescriptor(2004, org.hibernate.type.descriptor.sql.internal.CapacityDependentDdlType@6221befa) replaced previous registration(org.hibernate.type.descriptor.sql.internal.DdlTypeImpl@7d807060)
2025-08-27 00:08:02.436 DEBUG o.h.type.descriptor.sql.spi.DdlTypeRegistry       :64   [32m                  [0;39m addDescriptor(2005, org.hibernate.type.descriptor.sql.internal.CapacityDependentDdlType@1dcefad8) replaced previous registration(org.hibernate.type.descriptor.sql.internal.DdlTypeImpl@69b2930e)
2025-08-27 00:08:02.436 DEBUG o.h.type.descriptor.sql.spi.DdlTypeRegistry       :64   [32m                  [0;39m addDescriptor(2011, org.hibernate.type.descriptor.sql.internal.CapacityDependentDdlType@68b26ac) replaced previous registration(org.hibernate.type.descriptor.sql.internal.DdlTypeImpl@78f6456d)
2025-08-27 00:08:02.816 INFO  o.h.e.t.jta.platform.internal.JtaPlatformInitiator:59   [32m                  [0;39m HHH000489: No JTA platform available (set 'hibernate.transaction.jta.platform' to enable JTA platform integration)
2025-08-27 00:08:02.817 INFO  o.s.orm.jpa.LocalContainerEntityManagerFactoryBean:447  [32m                  [0;39m Initialized JPA EntityManagerFactory for persistence unit 'default'
2025-08-27 00:08:03.160 WARN  o.s.b.w.s.c.AnnotationConfigServletWebServerApplicationContext:635  [32m                  [0;39m Exception encountered during context initialization - cancelling refresh attempt: org.springframework.beans.factory.UnsatisfiedDependencyException: Error creating bean with name 'aiController': Unsatisfied dependency expressed through field 'aiAssistant': Error creating bean with name 'aiAssistant': Cannot resolve reference to bean 'ChatHistoryTools' while setting bean property 'tools' with key [0]
2025-08-27 00:08:03.164 INFO  o.s.orm.jpa.LocalContainerEntityManagerFactoryBean:660  [32m                  [0;39m Closing JPA EntityManagerFactory for persistence unit 'default'
2025-08-27 00:08:03.165 INFO  com.zaxxer.hikari.HikariDataSource                :349  [32m                  [0;39m HikariPool-1 - Shutdown initiated...
2025-08-27 00:08:03.953 INFO  com.zaxxer.hikari.HikariDataSource                :351  [32m                  [0;39m HikariPool-1 - Shutdown completed.
2025-08-27 00:08:03.961 INFO  org.apache.catalina.core.StandardService          :168  [32m                  [0;39m Stopping service [Tomcat]
2025-08-27 00:08:03.977 INFO  o.s.b.a.logging.ConditionEvaluationReportLogger   :82   [32m                  [0;39m 

Error starting ApplicationContext. To display the condition evaluation report re-run your application with 'debug' enabled.
2025-08-27 00:08:03.992 ERROR o.s.b.diagnostics.LoggingFailureAnalysisReporter  :40   [32m                  [0;39m 

***************************
APPLICATION FAILED TO START
***************************

Description:

Field aiAssistant in com.matt.wiki.controller.AiController required a bean named 'ChatHistoryTools' that could not be found.

The injection point has the following annotations:
	- @org.springframework.beans.factory.annotation.Autowired(required=true)


Action:

Consider defining a bean named 'ChatHistoryTools' in your configuration.

2025-08-27 00:08:31.358 INFO  org.hibernate.validator.internal.util.Version     :21   [32m                  [0;39m HV000001: Hibernate Validator 8.0.2.Final
2025-08-27 00:08:31.378 INFO  com.matt.wiki.WikiApplication                     :53   [32m                  [0;39m Starting WikiApplication using Java 20.0.1 with PID 5226 (/Users/yushuzhan/Documents/GitHub/FullStackPractices/wiki/target/classes started by yushuzhan in /Users/yushuzhan/Documents/GitHub/FullStackPractices/wiki)
2025-08-27 00:08:31.378 INFO  com.matt.wiki.WikiApplication                     :652  [32m                  [0;39m No active profile set, falling back to 1 default profile: "default"
2025-08-27 00:08:31.399 INFO  o.s.boot.devtools.restart.ChangeableUrls          :252  [32m                  [0;39m The Class-Path manifest attribute in /Users/yushuzhan/.m2/repository/org/apache/opennlp/opennlp-tools/2.5.4/opennlp-tools-2.5.4.jar referenced one or more files that do not exist: file:/Users/yushuzhan/.m2/repository/org/apache/opennlp/opennlp-tools/2.5.4/slf4j-api-2.0.17.jar
2025-08-27 00:08:31.399 INFO  o.s.b.d.env.DevToolsPropertyDefaultsPostProcessor :252  [32m                  [0;39m Devtools property defaults active! Set 'spring.devtools.add-properties' to 'false' to disable
2025-08-27 00:08:31.399 INFO  o.s.b.d.env.DevToolsPropertyDefaultsPostProcessor :252  [32m                  [0;39m For additional web related logging consider setting the 'logging.level.web' property to 'DEBUG'
2025-08-27 00:08:31.706 INFO  o.s.d.r.config.RepositoryConfigurationDelegate    :294  [32m                  [0;39m Multiple Spring Data modules found, entering strict repository configuration mode
2025-08-27 00:08:31.707 INFO  o.s.d.r.config.RepositoryConfigurationDelegate    :145  [32m                  [0;39m Bootstrapping Spring Data JPA repositories in DEFAULT mode.
2025-08-27 00:08:31.769 INFO  o.s.d.r.config.RepositoryConfigurationDelegate    :213  [32m                  [0;39m Finished Spring Data repository scanning in 59 ms. Found 3 JPA repository interfaces.
2025-08-27 00:08:31.776 INFO  o.s.d.r.config.RepositoryConfigurationDelegate    :294  [32m                  [0;39m Multiple Spring Data modules found, entering strict repository configuration mode
2025-08-27 00:08:31.776 INFO  o.s.d.r.config.RepositoryConfigurationDelegate    :145  [32m                  [0;39m Bootstrapping Spring Data Redis repositories in DEFAULT mode.
2025-08-27 00:08:31.782 INFO  o.s.d.r.c.RepositoryConfigurationExtensionSupport :327  [32m                  [0;39m Spring Data Redis - Could not safely identify store assignment for repository candidate interface com.matt.wiki.repository.BaseRepository; If you want this repository to be a Redis repository, consider annotating your entities with one of these annotations: org.springframework.data.redis.core.RedisHash (preferred), or consider extending one of the following types with your repository: org.springframework.data.keyvalue.repository.KeyValueRepository
2025-08-27 00:08:31.782 INFO  o.s.d.r.c.RepositoryConfigurationExtensionSupport :327  [32m                  [0;39m Spring Data Redis - Could not safely identify store assignment for repository candidate interface com.matt.wiki.repository.ChatHistoryRepository; If you want this repository to be a Redis repository, consider annotating your entities with one of these annotations: org.springframework.data.redis.core.RedisHash (preferred), or consider extending one of the following types with your repository: org.springframework.data.keyvalue.repository.KeyValueRepository
2025-08-27 00:08:31.783 INFO  o.s.d.r.c.RepositoryConfigurationExtensionSupport :327  [32m                  [0;39m Spring Data Redis - Could not safely identify store assignment for repository candidate interface com.matt.wiki.repository.GuestRegisterRepository; If you want this repository to be a Redis repository, consider annotating your entities with one of these annotations: org.springframework.data.redis.core.RedisHash (preferred), or consider extending one of the following types with your repository: org.springframework.data.keyvalue.repository.KeyValueRepository
2025-08-27 00:08:31.783 INFO  o.s.d.r.config.RepositoryConfigurationDelegate    :213  [32m                  [0;39m Finished Spring Data repository scanning in 2 ms. Found 0 Redis repository interfaces.
2025-08-27 00:08:32.153 INFO  o.s.boot.web.embedded.tomcat.TomcatWebServer      :111  [32m                  [0;39m Tomcat initialized with port 8080 (http)
2025-08-27 00:08:32.158 INFO  org.apache.coyote.http11.Http11NioProtocol        :168  [32m                  [0;39m Initializing ProtocolHandler ["http-nio-8080"]
2025-08-27 00:08:32.159 INFO  org.apache.catalina.core.StandardService          :168  [32m                  [0;39m Starting service [Tomcat]
2025-08-27 00:08:32.159 INFO  org.apache.catalina.core.StandardEngine           :168  [32m                  [0;39m Starting Servlet engine: [Apache Tomcat/10.1.42]
2025-08-27 00:08:32.174 INFO  o.a.c.core.ContainerBase.[Tomcat].[localhost].[/] :168  [32m                  [0;39m Initializing Spring embedded WebApplicationContext
2025-08-27 00:08:32.175 INFO  o.s.b.w.s.c.ServletWebServerApplicationContext    :301  [32m                  [0;39m Root WebApplicationContext: initialization completed in 776 ms
2025-08-27 00:08:32.215 INFO  o.s.b.d.autoconfigure.OptionalLiveReloadServer    :59   [32m                  [0;39m LiveReload server is running on port 35729
2025-08-27 00:08:32.272 INFO  com.zaxxer.hikari.HikariDataSource                :109  [32m                  [0;39m HikariPool-1 - Starting...
2025-08-27 00:08:34.700 INFO  com.zaxxer.hikari.pool.HikariPool                 :575  [32m                  [0;39m HikariPool-1 - Added connection com.mysql.cj.jdbc.ConnectionImpl@7ffaad62
2025-08-27 00:08:34.703 INFO  com.zaxxer.hikari.HikariDataSource                :122  [32m                  [0;39m HikariPool-1 - Start completed.
2025-08-27 00:08:34.739 INFO  org.hibernate.jpa.internal.util.LogHelper         :31   [32m                  [0;39m HHH000204: Processing PersistenceUnitInfo [name: default]
2025-08-27 00:08:34.769 INFO  org.hibernate.Version                             :44   [32m                  [0;39m HHH000412: Hibernate ORM core version 6.6.18.Final
2025-08-27 00:08:34.783 INFO  o.hibernate.cache.internal.RegionFactoryInitiator :50   [32m                  [0;39m HHH000026: Second-level cache disabled
2025-08-27 00:08:34.891 INFO  o.s.o.j.persistenceunit.SpringPersistenceUnitInfo :87   [32m                  [0;39m No LoadTimeWeaver setup: ignoring JPA class transformer
2025-08-27 00:08:35.474 INFO  org.hibernate.orm.connections.pooling             :163  [32m                  [0;39m HHH10001005: Database info:
	Database JDBC URL [Connecting through datasource 'HikariDataSource (HikariPool-1)']
	Database driver: undefined/unknown
	Database version: 8.0.36
	Autocommit mode: undefined/unknown
	Isolation level: undefined/unknown
	Minimum pool size: undefined/unknown
	Maximum pool size: undefined/unknown
2025-08-27 00:08:35.479 DEBUG o.h.type.descriptor.sql.spi.DdlTypeRegistry       :64   [32m                  [0;39m addDescriptor(12, org.hibernate.type.descriptor.sql.internal.CapacityDependentDdlType@3caa2ebc) replaced previous registration(org.hibernate.type.descriptor.sql.internal.CapacityDependentDdlType@32cc44ee)
2025-08-27 00:08:35.480 DEBUG o.h.type.descriptor.sql.spi.DdlTypeRegistry       :64   [32m                  [0;39m addDescriptor(-9, org.hibernate.type.descriptor.sql.internal.CapacityDependentDdlType@1bb10908) replaced previous registration(org.hibernate.type.descriptor.sql.internal.CapacityDependentDdlType@5ff0177e)
2025-08-27 00:08:35.480 DEBUG o.h.type.descriptor.sql.spi.DdlTypeRegistry       :64   [32m                  [0;39m addDescriptor(-3, org.hibernate.type.descriptor.sql.internal.CapacityDependentDdlType@32c21df2) replaced previous registration(org.hibernate.type.descriptor.sql.internal.CapacityDependentDdlType@62f9c470)
2025-08-27 00:08:35.480 DEBUG o.h.type.descriptor.sql.spi.DdlTypeRegistry       :64   [32m                  [0;39m addDescriptor(4003, org.hibernate.type.descriptor.sql.internal.DdlTypeImpl@7113686e) replaced previous registration(org.hibernate.type.descriptor.sql.internal.DdlTypeImpl@2e07dad5)
2025-08-27 00:08:35.480 DEBUG o.h.type.descriptor.sql.spi.DdlTypeRegistry       :64   [32m                  [0;39m addDescriptor(4001, org.hibernate.type.descriptor.sql.internal.DdlTypeImpl@c086f6a) replaced previous registration(org.hibernate.type.descriptor.sql.internal.DdlTypeImpl@20fee0df)
2025-08-27 00:08:35.480 DEBUG o.h.type.descriptor.sql.spi.DdlTypeRegistry       :64   [32m                  [0;39m addDescriptor(4002, org.hibernate.type.descriptor.sql.internal.DdlTypeImpl@4ac4bcb6) replaced previous registration(org.hibernate.type.descriptor.sql.internal.DdlTypeImpl@5a850649)
2025-08-27 00:08:35.480 DEBUG o.h.type.descriptor.sql.spi.DdlTypeRegistry       :64   [32m                  [0;39m addDescriptor(2004, org.hibernate.type.descriptor.sql.internal.CapacityDependentDdlType@1539414c) replaced previous registration(org.hibernate.type.descriptor.sql.internal.DdlTypeImpl@4296b32c)
2025-08-27 00:08:35.480 DEBUG o.h.type.descriptor.sql.spi.DdlTypeRegistry       :64   [32m                  [0;39m addDescriptor(2005, org.hibernate.type.descriptor.sql.internal.CapacityDependentDdlType@2d5886c4) replaced previous registration(org.hibernate.type.descriptor.sql.internal.DdlTypeImpl@5f9d7a68)
2025-08-27 00:08:35.481 DEBUG o.h.type.descriptor.sql.spi.DdlTypeRegistry       :64   [32m                  [0;39m addDescriptor(2011, org.hibernate.type.descriptor.sql.internal.CapacityDependentDdlType@f163f6) replaced previous registration(org.hibernate.type.descriptor.sql.internal.DdlTypeImpl@7789bf17)
2025-08-27 00:08:35.861 INFO  o.h.e.t.jta.platform.internal.JtaPlatformInitiator:59   [32m                  [0;39m HHH000489: No JTA platform available (set 'hibernate.transaction.jta.platform' to enable JTA platform integration)
2025-08-27 00:08:35.862 INFO  o.s.orm.jpa.LocalContainerEntityManagerFactoryBean:447  [32m                  [0;39m Initialized JPA EntityManagerFactory for persistence unit 'default'
2025-08-27 00:08:36.215 WARN  o.s.b.w.s.c.AnnotationConfigServletWebServerApplicationContext:635  [32m                  [0;39m Exception encountered during context initialization - cancelling refresh attempt: org.springframework.beans.factory.UnsatisfiedDependencyException: Error creating bean with name 'aiController': Unsatisfied dependency expressed through field 'aiAssistant': Error creating bean with name 'aiAssistant': FactoryBean threw exception on object creation
2025-08-27 00:08:36.219 INFO  o.s.orm.jpa.LocalContainerEntityManagerFactoryBean:660  [32m                  [0;39m Closing JPA EntityManagerFactory for persistence unit 'default'
2025-08-27 00:08:36.220 INFO  com.zaxxer.hikari.HikariDataSource                :349  [32m                  [0;39m HikariPool-1 - Shutdown initiated...
2025-08-27 00:08:36.714 INFO  com.zaxxer.hikari.HikariDataSource                :351  [32m                  [0;39m HikariPool-1 - Shutdown completed.
2025-08-27 00:08:36.722 INFO  org.apache.catalina.core.StandardService          :168  [32m                  [0;39m Stopping service [Tomcat]
2025-08-27 00:08:36.732 INFO  o.s.b.a.logging.ConditionEvaluationReportLogger   :82   [32m                  [0;39m 

Error starting ApplicationContext. To display the condition evaluation report re-run your application with 'debug' enabled.
2025-08-27 00:08:36.740 ERROR org.springframework.boot.SpringApplication        :857  [32m                  [0;39m Application run failed
org.springframework.beans.factory.UnsatisfiedDependencyException: Error creating bean with name 'aiController': Unsatisfied dependency expressed through field 'aiAssistant': Error creating bean with name 'aiAssistant': FactoryBean threw exception on object creation
	at org.springframework.beans.factory.annotation.AutowiredAnnotationBeanPostProcessor$AutowiredFieldElement.resolveFieldValue(AutowiredAnnotationBeanPostProcessor.java:788)
	at org.springframework.beans.factory.annotation.AutowiredAnnotationBeanPostProcessor$AutowiredFieldElement.inject(AutowiredAnnotationBeanPostProcessor.java:768)
	at org.springframework.beans.factory.annotation.InjectionMetadata.inject(InjectionMetadata.java:146)
	at org.springframework.beans.factory.annotation.AutowiredAnnotationBeanPostProcessor.postProcessProperties(AutowiredAnnotationBeanPostProcessor.java:509)
	at org.springframework.beans.factory.support.AbstractAutowireCapableBeanFactory.populateBean(AbstractAutowireCapableBeanFactory.java:1459)
	at org.springframework.beans.factory.support.AbstractAutowireCapableBeanFactory.doCreateBean(AbstractAutowireCapableBeanFactory.java:606)
	at org.springframework.beans.factory.support.AbstractAutowireCapableBeanFactory.createBean(AbstractAutowireCapableBeanFactory.java:529)
	at org.springframework.beans.factory.support.AbstractBeanFactory.lambda$doGetBean$0(AbstractBeanFactory.java:339)
	at org.springframework.beans.factory.support.DefaultSingletonBeanRegistry.getSingleton(DefaultSingletonBeanRegistry.java:373)
	at org.springframework.beans.factory.support.AbstractBeanFactory.doGetBean(AbstractBeanFactory.java:337)
	at org.springframework.beans.factory.support.AbstractBeanFactory.getBean(AbstractBeanFactory.java:202)
	at org.springframework.beans.factory.support.DefaultListableBeanFactory.instantiateSingleton(DefaultListableBeanFactory.java:1222)
	at org.springframework.beans.factory.support.DefaultListableBeanFactory.preInstantiateSingleton(DefaultListableBeanFactory.java:1188)
	at org.springframework.beans.factory.support.DefaultListableBeanFactory.preInstantiateSingletons(DefaultListableBeanFactory.java:1123)
	at org.springframework.context.support.AbstractApplicationContext.finishBeanFactoryInitialization(AbstractApplicationContext.java:987)
	at org.springframework.context.support.AbstractApplicationContext.refresh(AbstractApplicationContext.java:627)
	at org.springframework.boot.web.servlet.context.ServletWebServerApplicationContext.refresh(ServletWebServerApplicationContext.java:146)
	at org.springframework.boot.SpringApplication.refresh(SpringApplication.java:752)
	at org.springframework.boot.SpringApplication.refreshContext(SpringApplication.java:439)
	at org.springframework.boot.SpringApplication.run(SpringApplication.java:318)
	at com.matt.wiki.WikiApplication.main(WikiApplication.java:27)
	at java.base/jdk.internal.reflect.DirectMethodHandleAccessor.invoke(DirectMethodHandleAccessor.java:104)
	at java.base/java.lang.reflect.Method.invoke(Method.java:578)
	at org.springframework.boot.devtools.restart.RestartLauncher.run(RestartLauncher.java:50)
Caused by: org.springframework.beans.factory.BeanCreationException: Error creating bean with name 'aiAssistant': FactoryBean threw exception on object creation
	at org.springframework.beans.factory.support.FactoryBeanRegistrySupport.doGetObjectFromFactoryBean(FactoryBeanRegistrySupport.java:206)
	at org.springframework.beans.factory.support.FactoryBeanRegistrySupport.getObjectFromFactoryBean(FactoryBeanRegistrySupport.java:133)
	at org.springframework.beans.factory.support.AbstractBeanFactory.getObjectForBeanInstance(AbstractBeanFactory.java:1896)
	at org.springframework.beans.factory.support.AbstractAutowireCapableBeanFactory.getObjectForBeanInstance(AbstractAutowireCapableBeanFactory.java:1316)
	at org.springframework.beans.factory.support.AbstractBeanFactory.doGetBean(AbstractBeanFactory.java:349)
	at org.springframework.beans.factory.support.AbstractBeanFactory.getBean(AbstractBeanFactory.java:202)
	at org.springframework.beans.factory.support.DefaultListableBeanFactory.doResolveDependency(DefaultListableBeanFactory.java:1683)
	at org.springframework.beans.factory.support.DefaultListableBeanFactory.resolveDependency(DefaultListableBeanFactory.java:1628)
	at org.springframework.beans.factory.annotation.AutowiredAnnotationBeanPostProcessor$AutowiredFieldElement.resolveFieldValue(AutowiredAnnotationBeanPostProcessor.java:785)
	... 23 common frames omitted
Caused by: dev.langchain4j.service.IllegalConfigurationException: In order to use @MemoryId, please configure the ChatMemoryProvider on the 'com.matt.wiki.aiservice.AiAssistant'.
	at dev.langchain4j.service.IllegalConfigurationException.illegalConfiguration(IllegalConfigurationException.java:18)
	at dev.langchain4j.service.DefaultAiServices.validateMethods(DefaultAiServices.java:116)
	at dev.langchain4j.service.DefaultAiServices.validate(DefaultAiServices.java:128)
	at dev.langchain4j.service.DefaultAiServices.build(DefaultAiServices.java:142)
	at dev.langchain4j.service.spring.AiServiceFactory.getObject(AiServiceFactory.java:117)
	at org.springframework.beans.factory.support.FactoryBeanRegistrySupport.doGetObjectFromFactoryBean(FactoryBeanRegistrySupport.java:200)
	... 31 common frames omitted
2025-08-27 00:09:47.189 INFO  org.hibernate.validator.internal.util.Version     :21   [32m                  [0;39m HV000001: Hibernate Validator 8.0.2.Final
2025-08-27 00:09:47.208 INFO  com.matt.wiki.WikiApplication                     :53   [32m                  [0;39m Starting WikiApplication using Java 20.0.1 with PID 5279 (/Users/yushuzhan/Documents/GitHub/FullStackPractices/wiki/target/classes started by yushuzhan in /Users/yushuzhan/Documents/GitHub/FullStackPractices/wiki)
2025-08-27 00:09:47.208 INFO  com.matt.wiki.WikiApplication                     :652  [32m                  [0;39m No active profile set, falling back to 1 default profile: "default"
2025-08-27 00:09:47.231 INFO  o.s.boot.devtools.restart.ChangeableUrls          :252  [32m                  [0;39m The Class-Path manifest attribute in /Users/yushuzhan/.m2/repository/org/apache/opennlp/opennlp-tools/2.5.4/opennlp-tools-2.5.4.jar referenced one or more files that do not exist: file:/Users/yushuzhan/.m2/repository/org/apache/opennlp/opennlp-tools/2.5.4/slf4j-api-2.0.17.jar
2025-08-27 00:09:47.231 INFO  o.s.b.d.env.DevToolsPropertyDefaultsPostProcessor :252  [32m                  [0;39m Devtools property defaults active! Set 'spring.devtools.add-properties' to 'false' to disable
2025-08-27 00:09:47.231 INFO  o.s.b.d.env.DevToolsPropertyDefaultsPostProcessor :252  [32m                  [0;39m For additional web related logging consider setting the 'logging.level.web' property to 'DEBUG'
2025-08-27 00:09:47.564 INFO  o.s.d.r.config.RepositoryConfigurationDelegate    :294  [32m                  [0;39m Multiple Spring Data modules found, entering strict repository configuration mode
2025-08-27 00:09:47.565 INFO  o.s.d.r.config.RepositoryConfigurationDelegate    :145  [32m                  [0;39m Bootstrapping Spring Data JPA repositories in DEFAULT mode.
2025-08-27 00:09:47.628 INFO  o.s.d.r.config.RepositoryConfigurationDelegate    :213  [32m                  [0;39m Finished Spring Data repository scanning in 60 ms. Found 3 JPA repository interfaces.
2025-08-27 00:09:47.635 INFO  o.s.d.r.config.RepositoryConfigurationDelegate    :294  [32m                  [0;39m Multiple Spring Data modules found, entering strict repository configuration mode
2025-08-27 00:09:47.636 INFO  o.s.d.r.config.RepositoryConfigurationDelegate    :145  [32m                  [0;39m Bootstrapping Spring Data Redis repositories in DEFAULT mode.
2025-08-27 00:09:47.641 INFO  o.s.d.r.c.RepositoryConfigurationExtensionSupport :327  [32m                  [0;39m Spring Data Redis - Could not safely identify store assignment for repository candidate interface com.matt.wiki.repository.BaseRepository; If you want this repository to be a Redis repository, consider annotating your entities with one of these annotations: org.springframework.data.redis.core.RedisHash (preferred), or consider extending one of the following types with your repository: org.springframework.data.keyvalue.repository.KeyValueRepository
2025-08-27 00:09:47.642 INFO  o.s.d.r.c.RepositoryConfigurationExtensionSupport :327  [32m                  [0;39m Spring Data Redis - Could not safely identify store assignment for repository candidate interface com.matt.wiki.repository.ChatHistoryRepository; If you want this repository to be a Redis repository, consider annotating your entities with one of these annotations: org.springframework.data.redis.core.RedisHash (preferred), or consider extending one of the following types with your repository: org.springframework.data.keyvalue.repository.KeyValueRepository
2025-08-27 00:09:47.642 INFO  o.s.d.r.c.RepositoryConfigurationExtensionSupport :327  [32m                  [0;39m Spring Data Redis - Could not safely identify store assignment for repository candidate interface com.matt.wiki.repository.GuestRegisterRepository; If you want this repository to be a Redis repository, consider annotating your entities with one of these annotations: org.springframework.data.redis.core.RedisHash (preferred), or consider extending one of the following types with your repository: org.springframework.data.keyvalue.repository.KeyValueRepository
2025-08-27 00:09:47.642 INFO  o.s.d.r.config.RepositoryConfigurationDelegate    :213  [32m                  [0;39m Finished Spring Data repository scanning in 2 ms. Found 0 Redis repository interfaces.
2025-08-27 00:09:48.015 INFO  o.s.boot.web.embedded.tomcat.TomcatWebServer      :111  [32m                  [0;39m Tomcat initialized with port 8080 (http)
2025-08-27 00:09:48.020 INFO  org.apache.coyote.http11.Http11NioProtocol        :168  [32m                  [0;39m Initializing ProtocolHandler ["http-nio-8080"]
2025-08-27 00:09:48.020 INFO  org.apache.catalina.core.StandardService          :168  [32m                  [0;39m Starting service [Tomcat]
2025-08-27 00:09:48.021 INFO  org.apache.catalina.core.StandardEngine           :168  [32m                  [0;39m Starting Servlet engine: [Apache Tomcat/10.1.42]
2025-08-27 00:09:48.036 INFO  o.a.c.core.ContainerBase.[Tomcat].[localhost].[/] :168  [32m                  [0;39m Initializing Spring embedded WebApplicationContext
2025-08-27 00:09:48.036 INFO  o.s.b.w.s.c.ServletWebServerApplicationContext    :301  [32m                  [0;39m Root WebApplicationContext: initialization completed in 805 ms
2025-08-27 00:09:48.076 INFO  o.s.b.d.autoconfigure.OptionalLiveReloadServer    :59   [32m                  [0;39m LiveReload server is running on port 35729
2025-08-27 00:09:48.127 INFO  com.zaxxer.hikari.HikariDataSource                :109  [32m                  [0;39m HikariPool-1 - Starting...
2025-08-27 00:09:50.883 INFO  com.zaxxer.hikari.pool.HikariPool                 :575  [32m                  [0;39m HikariPool-1 - Added connection com.mysql.cj.jdbc.ConnectionImpl@7c19c8b8
2025-08-27 00:09:50.886 INFO  com.zaxxer.hikari.HikariDataSource                :122  [32m                  [0;39m HikariPool-1 - Start completed.
2025-08-27 00:09:50.904 INFO  org.hibernate.jpa.internal.util.LogHelper         :31   [32m                  [0;39m HHH000204: Processing PersistenceUnitInfo [name: default]
2025-08-27 00:09:50.931 INFO  org.hibernate.Version                             :44   [32m                  [0;39m HHH000412: Hibernate ORM core version 6.6.18.Final
2025-08-27 00:09:50.950 INFO  o.hibernate.cache.internal.RegionFactoryInitiator :50   [32m                  [0;39m HHH000026: Second-level cache disabled
2025-08-27 00:09:51.081 INFO  o.s.o.j.persistenceunit.SpringPersistenceUnitInfo :87   [32m                  [0;39m No LoadTimeWeaver setup: ignoring JPA class transformer
2025-08-27 00:09:51.637 INFO  org.hibernate.orm.connections.pooling             :163  [32m                  [0;39m HHH10001005: Database info:
	Database JDBC URL [Connecting through datasource 'HikariDataSource (HikariPool-1)']
	Database driver: undefined/unknown
	Database version: 8.0.36
	Autocommit mode: undefined/unknown
	Isolation level: undefined/unknown
	Minimum pool size: undefined/unknown
	Maximum pool size: undefined/unknown
2025-08-27 00:09:51.641 DEBUG o.h.type.descriptor.sql.spi.DdlTypeRegistry       :64   [32m                  [0;39m addDescriptor(12, org.hibernate.type.descriptor.sql.internal.CapacityDependentDdlType@71364c88) replaced previous registration(org.hibernate.type.descriptor.sql.internal.CapacityDependentDdlType@2e3ae762)
2025-08-27 00:09:51.641 DEBUG o.h.type.descriptor.sql.spi.DdlTypeRegistry       :64   [32m                  [0;39m addDescriptor(-9, org.hibernate.type.descriptor.sql.internal.CapacityDependentDdlType@58c30764) replaced previous registration(org.hibernate.type.descriptor.sql.internal.CapacityDependentDdlType@6c3403f7)
2025-08-27 00:09:51.641 DEBUG o.h.type.descriptor.sql.spi.DdlTypeRegistry       :64   [32m                  [0;39m addDescriptor(-3, org.hibernate.type.descriptor.sql.internal.CapacityDependentDdlType@2f2540f5) replaced previous registration(org.hibernate.type.descriptor.sql.internal.CapacityDependentDdlType@56dda384)
2025-08-27 00:09:51.642 DEBUG o.h.type.descriptor.sql.spi.DdlTypeRegistry       :64   [32m                  [0;39m addDescriptor(4003, org.hibernate.type.descriptor.sql.internal.DdlTypeImpl@1665761c) replaced previous registration(org.hibernate.type.descriptor.sql.internal.DdlTypeImpl@5a02e49c)
2025-08-27 00:09:51.642 DEBUG o.h.type.descriptor.sql.spi.DdlTypeRegistry       :64   [32m                  [0;39m addDescriptor(4001, org.hibernate.type.descriptor.sql.internal.DdlTypeImpl@5fa525c1) replaced previous registration(org.hibernate.type.descriptor.sql.internal.DdlTypeImpl@64df7c32)
2025-08-27 00:09:51.642 DEBUG o.h.type.descriptor.sql.spi.DdlTypeRegistry       :64   [32m                  [0;39m addDescriptor(4002, org.hibernate.type.descriptor.sql.internal.DdlTypeImpl@59373323) replaced previous registration(org.hibernate.type.descriptor.sql.internal.DdlTypeImpl@145c1a9d)
2025-08-27 00:09:51.642 DEBUG o.h.type.descriptor.sql.spi.DdlTypeRegistry       :64   [32m                  [0;39m addDescriptor(2004, org.hibernate.type.descriptor.sql.internal.CapacityDependentDdlType@6221befa) replaced previous registration(org.hibernate.type.descriptor.sql.internal.DdlTypeImpl@7d807060)
2025-08-27 00:09:51.642 DEBUG o.h.type.descriptor.sql.spi.DdlTypeRegistry       :64   [32m                  [0;39m addDescriptor(2005, org.hibernate.type.descriptor.sql.internal.CapacityDependentDdlType@1dcefad8) replaced previous registration(org.hibernate.type.descriptor.sql.internal.DdlTypeImpl@69b2930e)
2025-08-27 00:09:51.642 DEBUG o.h.type.descriptor.sql.spi.DdlTypeRegistry       :64   [32m                  [0;39m addDescriptor(2011, org.hibernate.type.descriptor.sql.internal.CapacityDependentDdlType@68b26ac) replaced previous registration(org.hibernate.type.descriptor.sql.internal.DdlTypeImpl@78f6456d)
2025-08-27 00:09:52.184 INFO  o.h.e.t.jta.platform.internal.JtaPlatformInitiator:59   [32m                  [0;39m HHH000489: No JTA platform available (set 'hibernate.transaction.jta.platform' to enable JTA platform integration)
2025-08-27 00:09:52.186 INFO  o.s.orm.jpa.LocalContainerEntityManagerFactoryBean:447  [32m                  [0;39m Initialized JPA EntityManagerFactory for persistence unit 'default'
2025-08-27 00:09:52.653 WARN  o.s.b.w.s.c.AnnotationConfigServletWebServerApplicationContext:635  [32m                  [0;39m Exception encountered during context initialization - cancelling refresh attempt: org.springframework.beans.factory.UnsatisfiedDependencyException: Error creating bean with name 'aiController': Unsatisfied dependency expressed through field 'aiAssistant': Error creating bean with name 'aiAssistant': FactoryBean threw exception on object creation
2025-08-27 00:09:52.658 INFO  o.s.orm.jpa.LocalContainerEntityManagerFactoryBean:660  [32m                  [0;39m Closing JPA EntityManagerFactory for persistence unit 'default'
2025-08-27 00:09:52.659 INFO  com.zaxxer.hikari.HikariDataSource                :349  [32m                  [0;39m HikariPool-1 - Shutdown initiated...
2025-08-27 00:09:52.988 INFO  com.zaxxer.hikari.HikariDataSource                :351  [32m                  [0;39m HikariPool-1 - Shutdown completed.
2025-08-27 00:09:52.992 INFO  org.apache.catalina.core.StandardService          :168  [32m                  [0;39m Stopping service [Tomcat]
2025-08-27 00:09:53.003 INFO  o.s.b.a.logging.ConditionEvaluationReportLogger   :82   [32m                  [0;39m 

Error starting ApplicationContext. To display the condition evaluation report re-run your application with 'debug' enabled.
2025-08-27 00:09:53.014 ERROR org.springframework.boot.SpringApplication        :857  [32m                  [0;39m Application run failed
org.springframework.beans.factory.UnsatisfiedDependencyException: Error creating bean with name 'aiController': Unsatisfied dependency expressed through field 'aiAssistant': Error creating bean with name 'aiAssistant': FactoryBean threw exception on object creation
	at org.springframework.beans.factory.annotation.AutowiredAnnotationBeanPostProcessor$AutowiredFieldElement.resolveFieldValue(AutowiredAnnotationBeanPostProcessor.java:788)
	at org.springframework.beans.factory.annotation.AutowiredAnnotationBeanPostProcessor$AutowiredFieldElement.inject(AutowiredAnnotationBeanPostProcessor.java:768)
	at org.springframework.beans.factory.annotation.InjectionMetadata.inject(InjectionMetadata.java:146)
	at org.springframework.beans.factory.annotation.AutowiredAnnotationBeanPostProcessor.postProcessProperties(AutowiredAnnotationBeanPostProcessor.java:509)
	at org.springframework.beans.factory.support.AbstractAutowireCapableBeanFactory.populateBean(AbstractAutowireCapableBeanFactory.java:1459)
	at org.springframework.beans.factory.support.AbstractAutowireCapableBeanFactory.doCreateBean(AbstractAutowireCapableBeanFactory.java:606)
	at org.springframework.beans.factory.support.AbstractAutowireCapableBeanFactory.createBean(AbstractAutowireCapableBeanFactory.java:529)
	at org.springframework.beans.factory.support.AbstractBeanFactory.lambda$doGetBean$0(AbstractBeanFactory.java:339)
	at org.springframework.beans.factory.support.DefaultSingletonBeanRegistry.getSingleton(DefaultSingletonBeanRegistry.java:373)
	at org.springframework.beans.factory.support.AbstractBeanFactory.doGetBean(AbstractBeanFactory.java:337)
	at org.springframework.beans.factory.support.AbstractBeanFactory.getBean(AbstractBeanFactory.java:202)
	at org.springframework.beans.factory.support.DefaultListableBeanFactory.instantiateSingleton(DefaultListableBeanFactory.java:1222)
	at org.springframework.beans.factory.support.DefaultListableBeanFactory.preInstantiateSingleton(DefaultListableBeanFactory.java:1188)
	at org.springframework.beans.factory.support.DefaultListableBeanFactory.preInstantiateSingletons(DefaultListableBeanFactory.java:1123)
	at org.springframework.context.support.AbstractApplicationContext.finishBeanFactoryInitialization(AbstractApplicationContext.java:987)
	at org.springframework.context.support.AbstractApplicationContext.refresh(AbstractApplicationContext.java:627)
	at org.springframework.boot.web.servlet.context.ServletWebServerApplicationContext.refresh(ServletWebServerApplicationContext.java:146)
	at org.springframework.boot.SpringApplication.refresh(SpringApplication.java:752)
	at org.springframework.boot.SpringApplication.refreshContext(SpringApplication.java:439)
	at org.springframework.boot.SpringApplication.run(SpringApplication.java:318)
	at com.matt.wiki.WikiApplication.main(WikiApplication.java:27)
	at java.base/jdk.internal.reflect.DirectMethodHandleAccessor.invoke(DirectMethodHandleAccessor.java:104)
	at java.base/java.lang.reflect.Method.invoke(Method.java:578)
	at org.springframework.boot.devtools.restart.RestartLauncher.run(RestartLauncher.java:50)
Caused by: org.springframework.beans.factory.BeanCreationException: Error creating bean with name 'aiAssistant': FactoryBean threw exception on object creation
	at org.springframework.beans.factory.support.FactoryBeanRegistrySupport.doGetObjectFromFactoryBean(FactoryBeanRegistrySupport.java:206)
	at org.springframework.beans.factory.support.FactoryBeanRegistrySupport.getObjectFromFactoryBean(FactoryBeanRegistrySupport.java:133)
	at org.springframework.beans.factory.support.AbstractBeanFactory.getObjectForBeanInstance(AbstractBeanFactory.java:1896)
	at org.springframework.beans.factory.support.AbstractAutowireCapableBeanFactory.getObjectForBeanInstance(AbstractAutowireCapableBeanFactory.java:1316)
	at org.springframework.beans.factory.support.AbstractBeanFactory.doGetBean(AbstractBeanFactory.java:349)
	at org.springframework.beans.factory.support.AbstractBeanFactory.getBean(AbstractBeanFactory.java:202)
	at org.springframework.beans.factory.support.DefaultListableBeanFactory.doResolveDependency(DefaultListableBeanFactory.java:1683)
	at org.springframework.beans.factory.support.DefaultListableBeanFactory.resolveDependency(DefaultListableBeanFactory.java:1628)
	at org.springframework.beans.factory.annotation.AutowiredAnnotationBeanPostProcessor$AutowiredFieldElement.resolveFieldValue(AutowiredAnnotationBeanPostProcessor.java:785)
	... 23 common frames omitted
Caused by: dev.langchain4j.service.IllegalConfigurationException: In order to use @MemoryId, please configure the ChatMemoryProvider on the 'com.matt.wiki.aiservice.AiAssistant'.
	at dev.langchain4j.service.IllegalConfigurationException.illegalConfiguration(IllegalConfigurationException.java:18)
	at dev.langchain4j.service.DefaultAiServices.validateMethods(DefaultAiServices.java:116)
	at dev.langchain4j.service.DefaultAiServices.validate(DefaultAiServices.java:128)
	at dev.langchain4j.service.DefaultAiServices.build(DefaultAiServices.java:142)
	at dev.langchain4j.service.spring.AiServiceFactory.getObject(AiServiceFactory.java:117)
	at org.springframework.beans.factory.support.FactoryBeanRegistrySupport.doGetObjectFromFactoryBean(FactoryBeanRegistrySupport.java:200)
	... 31 common frames omitted
2025-08-27 00:10:10.541 INFO  org.hibernate.validator.internal.util.Version     :21   [32m                  [0;39m HV000001: Hibernate Validator 8.0.2.Final
2025-08-27 00:10:10.559 INFO  com.matt.wiki.WikiApplication                     :53   [32m                  [0;39m Starting WikiApplication using Java 20.0.1 with PID 5294 (/Users/yushuzhan/Documents/GitHub/FullStackPractices/wiki/target/classes started by yushuzhan in /Users/yushuzhan/Documents/GitHub/FullStackPractices/wiki)
2025-08-27 00:10:10.560 INFO  com.matt.wiki.WikiApplication                     :652  [32m                  [0;39m No active profile set, falling back to 1 default profile: "default"
2025-08-27 00:10:10.583 INFO  o.s.boot.devtools.restart.ChangeableUrls          :252  [32m                  [0;39m The Class-Path manifest attribute in /Users/yushuzhan/.m2/repository/org/apache/opennlp/opennlp-tools/2.5.4/opennlp-tools-2.5.4.jar referenced one or more files that do not exist: file:/Users/yushuzhan/.m2/repository/org/apache/opennlp/opennlp-tools/2.5.4/slf4j-api-2.0.17.jar
2025-08-27 00:10:10.583 INFO  o.s.b.d.env.DevToolsPropertyDefaultsPostProcessor :252  [32m                  [0;39m Devtools property defaults active! Set 'spring.devtools.add-properties' to 'false' to disable
2025-08-27 00:10:10.583 INFO  o.s.b.d.env.DevToolsPropertyDefaultsPostProcessor :252  [32m                  [0;39m For additional web related logging consider setting the 'logging.level.web' property to 'DEBUG'
2025-08-27 00:10:10.914 INFO  o.s.d.r.config.RepositoryConfigurationDelegate    :294  [32m                  [0;39m Multiple Spring Data modules found, entering strict repository configuration mode
2025-08-27 00:10:10.915 INFO  o.s.d.r.config.RepositoryConfigurationDelegate    :145  [32m                  [0;39m Bootstrapping Spring Data JPA repositories in DEFAULT mode.
2025-08-27 00:10:10.975 INFO  o.s.d.r.config.RepositoryConfigurationDelegate    :213  [32m                  [0;39m Finished Spring Data repository scanning in 57 ms. Found 3 JPA repository interfaces.
2025-08-27 00:10:10.982 INFO  o.s.d.r.config.RepositoryConfigurationDelegate    :294  [32m                  [0;39m Multiple Spring Data modules found, entering strict repository configuration mode
2025-08-27 00:10:10.982 INFO  o.s.d.r.config.RepositoryConfigurationDelegate    :145  [32m                  [0;39m Bootstrapping Spring Data Redis repositories in DEFAULT mode.
2025-08-27 00:10:10.988 INFO  o.s.d.r.c.RepositoryConfigurationExtensionSupport :327  [32m                  [0;39m Spring Data Redis - Could not safely identify store assignment for repository candidate interface com.matt.wiki.repository.BaseRepository; If you want this repository to be a Redis repository, consider annotating your entities with one of these annotations: org.springframework.data.redis.core.RedisHash (preferred), or consider extending one of the following types with your repository: org.springframework.data.keyvalue.repository.KeyValueRepository
2025-08-27 00:10:10.988 INFO  o.s.d.r.c.RepositoryConfigurationExtensionSupport :327  [32m                  [0;39m Spring Data Redis - Could not safely identify store assignment for repository candidate interface com.matt.wiki.repository.ChatHistoryRepository; If you want this repository to be a Redis repository, consider annotating your entities with one of these annotations: org.springframework.data.redis.core.RedisHash (preferred), or consider extending one of the following types with your repository: org.springframework.data.keyvalue.repository.KeyValueRepository
2025-08-27 00:10:10.989 INFO  o.s.d.r.c.RepositoryConfigurationExtensionSupport :327  [32m                  [0;39m Spring Data Redis - Could not safely identify store assignment for repository candidate interface com.matt.wiki.repository.GuestRegisterRepository; If you want this repository to be a Redis repository, consider annotating your entities with one of these annotations: org.springframework.data.redis.core.RedisHash (preferred), or consider extending one of the following types with your repository: org.springframework.data.keyvalue.repository.KeyValueRepository
2025-08-27 00:10:10.989 INFO  o.s.d.r.config.RepositoryConfigurationDelegate    :213  [32m                  [0;39m Finished Spring Data repository scanning in 2 ms. Found 0 Redis repository interfaces.
2025-08-27 00:10:11.437 INFO  o.s.boot.web.embedded.tomcat.TomcatWebServer      :111  [32m                  [0;39m Tomcat initialized with port 8080 (http)
2025-08-27 00:10:11.442 INFO  org.apache.coyote.http11.Http11NioProtocol        :168  [32m                  [0;39m Initializing ProtocolHandler ["http-nio-8080"]
2025-08-27 00:10:11.443 INFO  org.apache.catalina.core.StandardService          :168  [32m                  [0;39m Starting service [Tomcat]
2025-08-27 00:10:11.443 INFO  org.apache.catalina.core.StandardEngine           :168  [32m                  [0;39m Starting Servlet engine: [Apache Tomcat/10.1.42]
2025-08-27 00:10:11.459 INFO  o.a.c.core.ContainerBase.[Tomcat].[localhost].[/] :168  [32m                  [0;39m Initializing Spring embedded WebApplicationContext
2025-08-27 00:10:11.459 INFO  o.s.b.w.s.c.ServletWebServerApplicationContext    :301  [32m                  [0;39m Root WebApplicationContext: initialization completed in 876 ms
2025-08-27 00:10:11.502 INFO  o.s.b.d.autoconfigure.OptionalLiveReloadServer    :59   [32m                  [0;39m LiveReload server is running on port 35729
2025-08-27 00:10:11.562 INFO  com.zaxxer.hikari.HikariDataSource                :109  [32m                  [0;39m HikariPool-1 - Starting...
2025-08-27 00:10:14.233 INFO  com.zaxxer.hikari.pool.HikariPool                 :575  [32m                  [0;39m HikariPool-1 - Added connection com.mysql.cj.jdbc.ConnectionImpl@4fbfadc1
2025-08-27 00:10:14.235 INFO  com.zaxxer.hikari.HikariDataSource                :122  [32m                  [0;39m HikariPool-1 - Start completed.
2025-08-27 00:10:14.272 INFO  org.hibernate.jpa.internal.util.LogHelper         :31   [32m                  [0;39m HHH000204: Processing PersistenceUnitInfo [name: default]
2025-08-27 00:10:14.303 INFO  org.hibernate.Version                             :44   [32m                  [0;39m HHH000412: Hibernate ORM core version 6.6.18.Final
2025-08-27 00:10:14.318 INFO  o.hibernate.cache.internal.RegionFactoryInitiator :50   [32m                  [0;39m HHH000026: Second-level cache disabled
2025-08-27 00:10:14.424 INFO  o.s.o.j.persistenceunit.SpringPersistenceUnitInfo :87   [32m                  [0;39m No LoadTimeWeaver setup: ignoring JPA class transformer
2025-08-27 00:10:14.981 INFO  org.hibernate.orm.connections.pooling             :163  [32m                  [0;39m HHH10001005: Database info:
	Database JDBC URL [Connecting through datasource 'HikariDataSource (HikariPool-1)']
	Database driver: undefined/unknown
	Database version: 8.0.36
	Autocommit mode: undefined/unknown
	Isolation level: undefined/unknown
	Minimum pool size: undefined/unknown
	Maximum pool size: undefined/unknown
2025-08-27 00:10:14.986 DEBUG o.h.type.descriptor.sql.spi.DdlTypeRegistry       :64   [32m                  [0;39m addDescriptor(12, org.hibernate.type.descriptor.sql.internal.CapacityDependentDdlType@42ed8dca) replaced previous registration(org.hibernate.type.descriptor.sql.internal.CapacityDependentDdlType@1b74883d)
2025-08-27 00:10:14.986 DEBUG o.h.type.descriptor.sql.spi.DdlTypeRegistry       :64   [32m                  [0;39m addDescriptor(-9, org.hibernate.type.descriptor.sql.internal.CapacityDependentDdlType@6a29d2a8) replaced previous registration(org.hibernate.type.descriptor.sql.internal.CapacityDependentDdlType@110cb158)
2025-08-27 00:10:14.986 DEBUG o.h.type.descriptor.sql.spi.DdlTypeRegistry       :64   [32m                  [0;39m addDescriptor(-3, org.hibernate.type.descriptor.sql.internal.CapacityDependentDdlType@3f21ed6e) replaced previous registration(org.hibernate.type.descriptor.sql.internal.CapacityDependentDdlType@abafd7)
2025-08-27 00:10:14.986 DEBUG o.h.type.descriptor.sql.spi.DdlTypeRegistry       :64   [32m                  [0;39m addDescriptor(4003, org.hibernate.type.descriptor.sql.internal.DdlTypeImpl@243381f8) replaced previous registration(org.hibernate.type.descriptor.sql.internal.DdlTypeImpl@50c17257)
2025-08-27 00:10:14.986 DEBUG o.h.type.descriptor.sql.spi.DdlTypeRegistry       :64   [32m                  [0;39m addDescriptor(4001, org.hibernate.type.descriptor.sql.internal.DdlTypeImpl@603bafbc) replaced previous registration(org.hibernate.type.descriptor.sql.internal.DdlTypeImpl@3db3717b)
2025-08-27 00:10:14.986 DEBUG o.h.type.descriptor.sql.spi.DdlTypeRegistry       :64   [32m                  [0;39m addDescriptor(4002, org.hibernate.type.descriptor.sql.internal.DdlTypeImpl@5371b74) replaced previous registration(org.hibernate.type.descriptor.sql.internal.DdlTypeImpl@5e3f824f)
2025-08-27 00:10:14.986 DEBUG o.h.type.descriptor.sql.spi.DdlTypeRegistry       :64   [32m                  [0;39m addDescriptor(2004, org.hibernate.type.descriptor.sql.internal.CapacityDependentDdlType@6344807b) replaced previous registration(org.hibernate.type.descriptor.sql.internal.DdlTypeImpl@455a1dc1)
2025-08-27 00:10:14.987 DEBUG o.h.type.descriptor.sql.spi.DdlTypeRegistry       :64   [32m                  [0;39m addDescriptor(2005, org.hibernate.type.descriptor.sql.internal.CapacityDependentDdlType@780b42a5) replaced previous registration(org.hibernate.type.descriptor.sql.internal.DdlTypeImpl@5a848a11)
2025-08-27 00:10:14.987 DEBUG o.h.type.descriptor.sql.spi.DdlTypeRegistry       :64   [32m                  [0;39m addDescriptor(2011, org.hibernate.type.descriptor.sql.internal.CapacityDependentDdlType@1d849e62) replaced previous registration(org.hibernate.type.descriptor.sql.internal.DdlTypeImpl@8a53c06)
2025-08-27 00:10:15.453 INFO  o.h.e.t.jta.platform.internal.JtaPlatformInitiator:59   [32m                  [0;39m HHH000489: No JTA platform available (set 'hibernate.transaction.jta.platform' to enable JTA platform integration)
2025-08-27 00:10:15.455 INFO  o.s.orm.jpa.LocalContainerEntityManagerFactoryBean:447  [32m                  [0;39m Initialized JPA EntityManagerFactory for persistence unit 'default'
2025-08-27 00:10:15.841 WARN  o.s.b.w.s.c.AnnotationConfigServletWebServerApplicationContext:635  [32m                  [0;39m Exception encountered during context initialization - cancelling refresh attempt: org.springframework.beans.factory.UnsatisfiedDependencyException: Error creating bean with name 'aiController': Unsatisfied dependency expressed through field 'aiAssistant': Error creating bean with name 'aiAssistant': Cannot resolve reference to bean 'ChatHistoryTools' while setting bean property 'tools' with key [0]
2025-08-27 00:10:15.846 INFO  o.s.orm.jpa.LocalContainerEntityManagerFactoryBean:660  [32m                  [0;39m Closing JPA EntityManagerFactory for persistence unit 'default'
2025-08-27 00:10:15.847 INFO  com.zaxxer.hikari.HikariDataSource                :349  [32m                  [0;39m HikariPool-1 - Shutdown initiated...
2025-08-27 00:10:16.268 INFO  com.zaxxer.hikari.HikariDataSource                :351  [32m                  [0;39m HikariPool-1 - Shutdown completed.
2025-08-27 00:10:16.272 INFO  org.apache.catalina.core.StandardService          :168  [32m                  [0;39m Stopping service [Tomcat]
2025-08-27 00:10:16.283 INFO  o.s.b.a.logging.ConditionEvaluationReportLogger   :82   [32m                  [0;39m 

Error starting ApplicationContext. To display the condition evaluation report re-run your application with 'debug' enabled.
2025-08-27 00:10:16.295 ERROR o.s.b.diagnostics.LoggingFailureAnalysisReporter  :40   [32m                  [0;39m 

***************************
APPLICATION FAILED TO START
***************************

Description:

Field aiAssistant in com.matt.wiki.controller.AiController required a bean named 'ChatHistoryTools' that could not be found.

The injection point has the following annotations:
	- @org.springframework.beans.factory.annotation.Autowired(required=true)


Action:

Consider defining a bean named 'ChatHistoryTools' in your configuration.

2025-08-27 00:11:47.523 INFO  org.hibernate.validator.internal.util.Version     :21   [32m                  [0;39m HV000001: Hibernate Validator 8.0.2.Final
2025-08-27 00:11:47.549 INFO  com.matt.wiki.WikiApplication                     :53   [32m                  [0;39m Starting WikiApplication using Java 20.0.1 with PID 5364 (/Users/yushuzhan/Documents/GitHub/FullStackPractices/wiki/target/classes started by yushuzhan in /Users/yushuzhan/Documents/GitHub/FullStackPractices/wiki)
2025-08-27 00:11:47.549 INFO  com.matt.wiki.WikiApplication                     :652  [32m                  [0;39m No active profile set, falling back to 1 default profile: "default"
2025-08-27 00:11:47.570 INFO  o.s.boot.devtools.restart.ChangeableUrls          :252  [32m                  [0;39m The Class-Path manifest attribute in /Users/yushuzhan/.m2/repository/org/apache/opennlp/opennlp-tools/2.5.4/opennlp-tools-2.5.4.jar referenced one or more files that do not exist: file:/Users/yushuzhan/.m2/repository/org/apache/opennlp/opennlp-tools/2.5.4/slf4j-api-2.0.17.jar
2025-08-27 00:11:47.571 INFO  o.s.b.d.env.DevToolsPropertyDefaultsPostProcessor :252  [32m                  [0;39m Devtools property defaults active! Set 'spring.devtools.add-properties' to 'false' to disable
2025-08-27 00:11:47.571 INFO  o.s.b.d.env.DevToolsPropertyDefaultsPostProcessor :252  [32m                  [0;39m For additional web related logging consider setting the 'logging.level.web' property to 'DEBUG'
2025-08-27 00:11:47.887 INFO  o.s.d.r.config.RepositoryConfigurationDelegate    :294  [32m                  [0;39m Multiple Spring Data modules found, entering strict repository configuration mode
2025-08-27 00:11:47.888 INFO  o.s.d.r.config.RepositoryConfigurationDelegate    :145  [32m                  [0;39m Bootstrapping Spring Data JPA repositories in DEFAULT mode.
2025-08-27 00:11:47.951 INFO  o.s.d.r.config.RepositoryConfigurationDelegate    :213  [32m                  [0;39m Finished Spring Data repository scanning in 59 ms. Found 3 JPA repository interfaces.
2025-08-27 00:11:47.957 INFO  o.s.d.r.config.RepositoryConfigurationDelegate    :294  [32m                  [0;39m Multiple Spring Data modules found, entering strict repository configuration mode
2025-08-27 00:11:47.958 INFO  o.s.d.r.config.RepositoryConfigurationDelegate    :145  [32m                  [0;39m Bootstrapping Spring Data Redis repositories in DEFAULT mode.
2025-08-27 00:11:47.964 INFO  o.s.d.r.c.RepositoryConfigurationExtensionSupport :327  [32m                  [0;39m Spring Data Redis - Could not safely identify store assignment for repository candidate interface com.matt.wiki.repository.BaseRepository; If you want this repository to be a Redis repository, consider annotating your entities with one of these annotations: org.springframework.data.redis.core.RedisHash (preferred), or consider extending one of the following types with your repository: org.springframework.data.keyvalue.repository.KeyValueRepository
2025-08-27 00:11:47.964 INFO  o.s.d.r.c.RepositoryConfigurationExtensionSupport :327  [32m                  [0;39m Spring Data Redis - Could not safely identify store assignment for repository candidate interface com.matt.wiki.repository.ChatHistoryRepository; If you want this repository to be a Redis repository, consider annotating your entities with one of these annotations: org.springframework.data.redis.core.RedisHash (preferred), or consider extending one of the following types with your repository: org.springframework.data.keyvalue.repository.KeyValueRepository
2025-08-27 00:11:47.964 INFO  o.s.d.r.c.RepositoryConfigurationExtensionSupport :327  [32m                  [0;39m Spring Data Redis - Could not safely identify store assignment for repository candidate interface com.matt.wiki.repository.GuestRegisterRepository; If you want this repository to be a Redis repository, consider annotating your entities with one of these annotations: org.springframework.data.redis.core.RedisHash (preferred), or consider extending one of the following types with your repository: org.springframework.data.keyvalue.repository.KeyValueRepository
2025-08-27 00:11:47.964 INFO  o.s.d.r.config.RepositoryConfigurationDelegate    :213  [32m                  [0;39m Finished Spring Data repository scanning in 2 ms. Found 0 Redis repository interfaces.
2025-08-27 00:11:48.329 INFO  o.s.boot.web.embedded.tomcat.TomcatWebServer      :111  [32m                  [0;39m Tomcat initialized with port 8080 (http)
2025-08-27 00:11:48.334 INFO  org.apache.coyote.http11.Http11NioProtocol        :168  [32m                  [0;39m Initializing ProtocolHandler ["http-nio-8080"]
2025-08-27 00:11:48.334 INFO  org.apache.catalina.core.StandardService          :168  [32m                  [0;39m Starting service [Tomcat]
2025-08-27 00:11:48.334 INFO  org.apache.catalina.core.StandardEngine           :168  [32m                  [0;39m Starting Servlet engine: [Apache Tomcat/10.1.42]
2025-08-27 00:11:48.349 INFO  o.a.c.core.ContainerBase.[Tomcat].[localhost].[/] :168  [32m                  [0;39m Initializing Spring embedded WebApplicationContext
2025-08-27 00:11:48.349 INFO  o.s.b.w.s.c.ServletWebServerApplicationContext    :301  [32m                  [0;39m Root WebApplicationContext: initialization completed in 778 ms
2025-08-27 00:11:48.391 INFO  o.s.b.d.autoconfigure.OptionalLiveReloadServer    :59   [32m                  [0;39m LiveReload server is running on port 35729
2025-08-27 00:11:48.439 INFO  com.zaxxer.hikari.HikariDataSource                :109  [32m                  [0;39m HikariPool-1 - Starting...
2025-08-27 00:11:51.411 INFO  com.zaxxer.hikari.pool.HikariPool                 :575  [32m                  [0;39m HikariPool-1 - Added connection com.mysql.cj.jdbc.ConnectionImpl@662e3dbb
2025-08-27 00:11:51.413 INFO  com.zaxxer.hikari.HikariDataSource                :122  [32m                  [0;39m HikariPool-1 - Start completed.
2025-08-27 00:11:51.439 INFO  org.hibernate.jpa.internal.util.LogHelper         :31   [32m                  [0;39m HHH000204: Processing PersistenceUnitInfo [name: default]
2025-08-27 00:11:51.466 INFO  org.hibernate.Version                             :44   [32m                  [0;39m HHH000412: Hibernate ORM core version 6.6.18.Final
2025-08-27 00:11:51.481 INFO  o.hibernate.cache.internal.RegionFactoryInitiator :50   [32m                  [0;39m HHH000026: Second-level cache disabled
2025-08-27 00:11:51.588 INFO  o.s.o.j.persistenceunit.SpringPersistenceUnitInfo :87   [32m                  [0;39m No LoadTimeWeaver setup: ignoring JPA class transformer
2025-08-27 00:11:52.152 INFO  org.hibernate.orm.connections.pooling             :163  [32m                  [0;39m HHH10001005: Database info:
	Database JDBC URL [Connecting through datasource 'HikariDataSource (HikariPool-1)']
	Database driver: undefined/unknown
	Database version: 8.0.36
	Autocommit mode: undefined/unknown
	Isolation level: undefined/unknown
	Minimum pool size: undefined/unknown
	Maximum pool size: undefined/unknown
2025-08-27 00:11:52.157 DEBUG o.h.type.descriptor.sql.spi.DdlTypeRegistry       :64   [32m                  [0;39m addDescriptor(12, org.hibernate.type.descriptor.sql.internal.CapacityDependentDdlType@56dda384) replaced previous registration(org.hibernate.type.descriptor.sql.internal.CapacityDependentDdlType@1665761c)
2025-08-27 00:11:52.158 DEBUG o.h.type.descriptor.sql.spi.DdlTypeRegistry       :64   [32m                  [0;39m addDescriptor(-9, org.hibernate.type.descriptor.sql.internal.CapacityDependentDdlType@5a02e49c) replaced previous registration(org.hibernate.type.descriptor.sql.internal.CapacityDependentDdlType@5fa525c1)
2025-08-27 00:11:52.158 DEBUG o.h.type.descriptor.sql.spi.DdlTypeRegistry       :64   [32m                  [0;39m addDescriptor(-3, org.hibernate.type.descriptor.sql.internal.CapacityDependentDdlType@64df7c32) replaced previous registration(org.hibernate.type.descriptor.sql.internal.CapacityDependentDdlType@59373323)
2025-08-27 00:11:52.158 DEBUG o.h.type.descriptor.sql.spi.DdlTypeRegistry       :64   [32m                  [0;39m addDescriptor(4003, org.hibernate.type.descriptor.sql.internal.DdlTypeImpl@145c1a9d) replaced previous registration(org.hibernate.type.descriptor.sql.internal.DdlTypeImpl@6221befa)
2025-08-27 00:11:52.158 DEBUG o.h.type.descriptor.sql.spi.DdlTypeRegistry       :64   [32m                  [0;39m addDescriptor(4001, org.hibernate.type.descriptor.sql.internal.DdlTypeImpl@7d807060) replaced previous registration(org.hibernate.type.descriptor.sql.internal.DdlTypeImpl@1dcefad8)
2025-08-27 00:11:52.158 DEBUG o.h.type.descriptor.sql.spi.DdlTypeRegistry       :64   [32m                  [0;39m addDescriptor(4002, org.hibernate.type.descriptor.sql.internal.DdlTypeImpl@69b2930e) replaced previous registration(org.hibernate.type.descriptor.sql.internal.DdlTypeImpl@68b26ac)
2025-08-27 00:11:52.159 DEBUG o.h.type.descriptor.sql.spi.DdlTypeRegistry       :64   [32m                  [0;39m addDescriptor(2004, org.hibernate.type.descriptor.sql.internal.CapacityDependentDdlType@78f6456d) replaced previous registration(org.hibernate.type.descriptor.sql.internal.DdlTypeImpl@12047891)
2025-08-27 00:11:52.159 DEBUG o.h.type.descriptor.sql.spi.DdlTypeRegistry       :64   [32m                  [0;39m addDescriptor(2005, org.hibernate.type.descriptor.sql.internal.CapacityDependentDdlType@6fd3b33c) replaced previous registration(org.hibernate.type.descriptor.sql.internal.DdlTypeImpl@30b2562c)
2025-08-27 00:11:52.159 DEBUG o.h.type.descriptor.sql.spi.DdlTypeRegistry       :64   [32m                  [0;39m addDescriptor(2011, org.hibernate.type.descriptor.sql.internal.CapacityDependentDdlType@7a25a07a) replaced previous registration(org.hibernate.type.descriptor.sql.internal.DdlTypeImpl@4bd49f5f)
2025-08-27 00:11:52.579 INFO  o.h.e.t.jta.platform.internal.JtaPlatformInitiator:59   [32m                  [0;39m HHH000489: No JTA platform available (set 'hibernate.transaction.jta.platform' to enable JTA platform integration)
2025-08-27 00:11:52.580 INFO  o.s.orm.jpa.LocalContainerEntityManagerFactoryBean:447  [32m                  [0;39m Initialized JPA EntityManagerFactory for persistence unit 'default'
2025-08-27 00:11:52.941 WARN  o.s.b.w.s.c.AnnotationConfigServletWebServerApplicationContext:635  [32m                  [0;39m Exception encountered during context initialization - cancelling refresh attempt: org.springframework.beans.factory.UnsatisfiedDependencyException: Error creating bean with name 'aiController': Unsatisfied dependency expressed through field 'aiAssistant': Error creating bean with name 'aiAssistant': Cannot resolve reference to bean 'ChatHistoryTools' while setting bean property 'tools' with key [0]
2025-08-27 00:11:52.946 INFO  o.s.orm.jpa.LocalContainerEntityManagerFactoryBean:660  [32m                  [0;39m Closing JPA EntityManagerFactory for persistence unit 'default'
2025-08-27 00:11:52.947 INFO  com.zaxxer.hikari.HikariDataSource                :349  [32m                  [0;39m HikariPool-1 - Shutdown initiated...
2025-08-27 00:11:53.360 INFO  com.zaxxer.hikari.HikariDataSource                :351  [32m                  [0;39m HikariPool-1 - Shutdown completed.
2025-08-27 00:11:53.369 INFO  org.apache.catalina.core.StandardService          :168  [32m                  [0;39m Stopping service [Tomcat]
2025-08-27 00:11:53.390 INFO  o.s.b.a.logging.ConditionEvaluationReportLogger   :82   [32m                  [0;39m 

Error starting ApplicationContext. To display the condition evaluation report re-run your application with 'debug' enabled.
2025-08-27 00:11:53.407 ERROR o.s.b.diagnostics.LoggingFailureAnalysisReporter  :40   [32m                  [0;39m 

***************************
APPLICATION FAILED TO START
***************************

Description:

Field aiAssistant in com.matt.wiki.controller.AiController required a bean named 'ChatHistoryTools' that could not be found.

The injection point has the following annotations:
	- @org.springframework.beans.factory.annotation.Autowired(required=true)


Action:

Consider defining a bean named 'ChatHistoryTools' in your configuration.

2025-08-27 00:15:24.676 INFO  org.hibernate.validator.internal.util.Version     :21   [32m                  [0;39m HV000001: Hibernate Validator 8.0.2.Final
2025-08-27 00:15:24.693 INFO  com.matt.wiki.WikiApplication                     :53   [32m                  [0;39m Starting WikiApplication using Java 20.0.1 with PID 5620 (/Users/yushuzhan/Documents/GitHub/FullStackPractices/wiki/target/classes started by yushuzhan in /Users/yushuzhan/Documents/GitHub/FullStackPractices/wiki)
2025-08-27 00:15:24.693 INFO  com.matt.wiki.WikiApplication                     :652  [32m                  [0;39m No active profile set, falling back to 1 default profile: "default"
2025-08-27 00:15:24.714 INFO  o.s.boot.devtools.restart.ChangeableUrls          :252  [32m                  [0;39m The Class-Path manifest attribute in /Users/yushuzhan/.m2/repository/org/apache/opennlp/opennlp-tools/2.5.4/opennlp-tools-2.5.4.jar referenced one or more files that do not exist: file:/Users/yushuzhan/.m2/repository/org/apache/opennlp/opennlp-tools/2.5.4/slf4j-api-2.0.17.jar
2025-08-27 00:15:24.714 INFO  o.s.b.d.env.DevToolsPropertyDefaultsPostProcessor :252  [32m                  [0;39m Devtools property defaults active! Set 'spring.devtools.add-properties' to 'false' to disable
2025-08-27 00:15:24.714 INFO  o.s.b.d.env.DevToolsPropertyDefaultsPostProcessor :252  [32m                  [0;39m For additional web related logging consider setting the 'logging.level.web' property to 'DEBUG'
2025-08-27 00:15:25.022 INFO  o.s.d.r.config.RepositoryConfigurationDelegate    :294  [32m                  [0;39m Multiple Spring Data modules found, entering strict repository configuration mode
2025-08-27 00:15:25.023 INFO  o.s.d.r.config.RepositoryConfigurationDelegate    :145  [32m                  [0;39m Bootstrapping Spring Data JPA repositories in DEFAULT mode.
2025-08-27 00:15:25.083 INFO  o.s.d.r.config.RepositoryConfigurationDelegate    :213  [32m                  [0;39m Finished Spring Data repository scanning in 56 ms. Found 3 JPA repository interfaces.
2025-08-27 00:15:25.089 INFO  o.s.d.r.config.RepositoryConfigurationDelegate    :294  [32m                  [0;39m Multiple Spring Data modules found, entering strict repository configuration mode
2025-08-27 00:15:25.090 INFO  o.s.d.r.config.RepositoryConfigurationDelegate    :145  [32m                  [0;39m Bootstrapping Spring Data Redis repositories in DEFAULT mode.
2025-08-27 00:15:25.096 INFO  o.s.d.r.c.RepositoryConfigurationExtensionSupport :327  [32m                  [0;39m Spring Data Redis - Could not safely identify store assignment for repository candidate interface com.matt.wiki.repository.BaseRepository; If you want this repository to be a Redis repository, consider annotating your entities with one of these annotations: org.springframework.data.redis.core.RedisHash (preferred), or consider extending one of the following types with your repository: org.springframework.data.keyvalue.repository.KeyValueRepository
2025-08-27 00:15:25.096 INFO  o.s.d.r.c.RepositoryConfigurationExtensionSupport :327  [32m                  [0;39m Spring Data Redis - Could not safely identify store assignment for repository candidate interface com.matt.wiki.repository.ChatHistoryRepository; If you want this repository to be a Redis repository, consider annotating your entities with one of these annotations: org.springframework.data.redis.core.RedisHash (preferred), or consider extending one of the following types with your repository: org.springframework.data.keyvalue.repository.KeyValueRepository
2025-08-27 00:15:25.096 INFO  o.s.d.r.c.RepositoryConfigurationExtensionSupport :327  [32m                  [0;39m Spring Data Redis - Could not safely identify store assignment for repository candidate interface com.matt.wiki.repository.GuestRegisterRepository; If you want this repository to be a Redis repository, consider annotating your entities with one of these annotations: org.springframework.data.redis.core.RedisHash (preferred), or consider extending one of the following types with your repository: org.springframework.data.keyvalue.repository.KeyValueRepository
2025-08-27 00:15:25.096 INFO  o.s.d.r.config.RepositoryConfigurationDelegate    :213  [32m                  [0;39m Finished Spring Data repository scanning in 2 ms. Found 0 Redis repository interfaces.
2025-08-27 00:15:25.581 INFO  o.s.boot.web.embedded.tomcat.TomcatWebServer      :111  [32m                  [0;39m Tomcat initialized with port 8080 (http)
2025-08-27 00:15:25.589 INFO  org.apache.coyote.http11.Http11NioProtocol        :168  [32m                  [0;39m Initializing ProtocolHandler ["http-nio-8080"]
2025-08-27 00:15:25.590 INFO  org.apache.catalina.core.StandardService          :168  [32m                  [0;39m Starting service [Tomcat]
2025-08-27 00:15:25.590 INFO  org.apache.catalina.core.StandardEngine           :168  [32m                  [0;39m Starting Servlet engine: [Apache Tomcat/10.1.42]
2025-08-27 00:15:25.609 INFO  o.a.c.core.ContainerBase.[Tomcat].[localhost].[/] :168  [32m                  [0;39m Initializing Spring embedded WebApplicationContext
2025-08-27 00:15:25.609 INFO  o.s.b.w.s.c.ServletWebServerApplicationContext    :301  [32m                  [0;39m Root WebApplicationContext: initialization completed in 895 ms
2025-08-27 00:15:25.662 INFO  o.s.b.d.autoconfigure.OptionalLiveReloadServer    :59   [32m                  [0;39m LiveReload server is running on port 35729
2025-08-27 00:15:25.733 INFO  com.zaxxer.hikari.HikariDataSource                :109  [32m                  [0;39m HikariPool-1 - Starting...
2025-08-27 00:15:28.806 INFO  com.zaxxer.hikari.pool.HikariPool                 :575  [32m                  [0;39m HikariPool-1 - Added connection com.mysql.cj.jdbc.ConnectionImpl@49a26231
2025-08-27 00:15:28.808 INFO  com.zaxxer.hikari.HikariDataSource                :122  [32m                  [0;39m HikariPool-1 - Start completed.
2025-08-27 00:15:28.829 INFO  org.hibernate.jpa.internal.util.LogHelper         :31   [32m                  [0;39m HHH000204: Processing PersistenceUnitInfo [name: default]
2025-08-27 00:15:28.862 INFO  org.hibernate.Version                             :44   [32m                  [0;39m HHH000412: Hibernate ORM core version 6.6.18.Final
2025-08-27 00:15:28.884 INFO  o.hibernate.cache.internal.RegionFactoryInitiator :50   [32m                  [0;39m HHH000026: Second-level cache disabled
2025-08-27 00:15:29.035 INFO  o.s.o.j.persistenceunit.SpringPersistenceUnitInfo :87   [32m                  [0;39m No LoadTimeWeaver setup: ignoring JPA class transformer
2025-08-27 00:15:29.590 INFO  org.hibernate.orm.connections.pooling             :163  [32m                  [0;39m HHH10001005: Database info:
	Database JDBC URL [Connecting through datasource 'HikariDataSource (HikariPool-1)']
	Database driver: undefined/unknown
	Database version: 8.0.36
	Autocommit mode: undefined/unknown
	Isolation level: undefined/unknown
	Minimum pool size: undefined/unknown
	Maximum pool size: undefined/unknown
2025-08-27 00:15:29.594 DEBUG o.h.type.descriptor.sql.spi.DdlTypeRegistry       :64   [32m                  [0;39m addDescriptor(12, org.hibernate.type.descriptor.sql.internal.CapacityDependentDdlType@5a3274df) replaced previous registration(org.hibernate.type.descriptor.sql.internal.CapacityDependentDdlType@1087f618)
2025-08-27 00:15:29.594 DEBUG o.h.type.descriptor.sql.spi.DdlTypeRegistry       :64   [32m                  [0;39m addDescriptor(-9, org.hibernate.type.descriptor.sql.internal.CapacityDependentDdlType@41e2de99) replaced previous registration(org.hibernate.type.descriptor.sql.internal.CapacityDependentDdlType@36844114)
2025-08-27 00:15:29.594 DEBUG o.h.type.descriptor.sql.spi.DdlTypeRegistry       :64   [32m                  [0;39m addDescriptor(-3, org.hibernate.type.descriptor.sql.internal.CapacityDependentDdlType@7f594f97) replaced previous registration(org.hibernate.type.descriptor.sql.internal.CapacityDependentDdlType@50415152)
2025-08-27 00:15:29.594 DEBUG o.h.type.descriptor.sql.spi.DdlTypeRegistry       :64   [32m                  [0;39m addDescriptor(4003, org.hibernate.type.descriptor.sql.internal.DdlTypeImpl@7804bd5) replaced previous registration(org.hibernate.type.descriptor.sql.internal.DdlTypeImpl@139826d0)
2025-08-27 00:15:29.594 DEBUG o.h.type.descriptor.sql.spi.DdlTypeRegistry       :64   [32m                  [0;39m addDescriptor(4001, org.hibernate.type.descriptor.sql.internal.DdlTypeImpl@2688e6c3) replaced previous registration(org.hibernate.type.descriptor.sql.internal.DdlTypeImpl@7c99f881)
2025-08-27 00:15:29.595 DEBUG o.h.type.descriptor.sql.spi.DdlTypeRegistry       :64   [32m                  [0;39m addDescriptor(4002, org.hibernate.type.descriptor.sql.internal.DdlTypeImpl@7942ca24) replaced previous registration(org.hibernate.type.descriptor.sql.internal.DdlTypeImpl@2bbecd7a)
2025-08-27 00:15:29.595 DEBUG o.h.type.descriptor.sql.spi.DdlTypeRegistry       :64   [32m                  [0;39m addDescriptor(2004, org.hibernate.type.descriptor.sql.internal.CapacityDependentDdlType@4ae18830) replaced previous registration(org.hibernate.type.descriptor.sql.internal.DdlTypeImpl@790f3c1d)
2025-08-27 00:15:29.595 DEBUG o.h.type.descriptor.sql.spi.DdlTypeRegistry       :64   [32m                  [0;39m addDescriptor(2005, org.hibernate.type.descriptor.sql.internal.CapacityDependentDdlType@1673caf2) replaced previous registration(org.hibernate.type.descriptor.sql.internal.DdlTypeImpl@4b7b005b)
2025-08-27 00:15:29.595 DEBUG o.h.type.descriptor.sql.spi.DdlTypeRegistry       :64   [32m                  [0;39m addDescriptor(2011, org.hibernate.type.descriptor.sql.internal.CapacityDependentDdlType@d1db10c) replaced previous registration(org.hibernate.type.descriptor.sql.internal.DdlTypeImpl@df28b66)
2025-08-27 00:15:30.047 INFO  o.h.e.t.jta.platform.internal.JtaPlatformInitiator:59   [32m                  [0;39m HHH000489: No JTA platform available (set 'hibernate.transaction.jta.platform' to enable JTA platform integration)
2025-08-27 00:15:30.048 INFO  o.s.orm.jpa.LocalContainerEntityManagerFactoryBean:447  [32m                  [0;39m Initialized JPA EntityManagerFactory for persistence unit 'default'
2025-08-27 00:15:30.468 WARN  o.s.b.w.s.c.AnnotationConfigServletWebServerApplicationContext:635  [32m                  [0;39m Exception encountered during context initialization - cancelling refresh attempt: org.springframework.beans.factory.UnsatisfiedDependencyException: Error creating bean with name 'aiController': Unsatisfied dependency expressed through field 'aiAssistant': Error creating bean with name 'aiAssistant': FactoryBean threw exception on object creation
2025-08-27 00:15:30.474 INFO  o.s.orm.jpa.LocalContainerEntityManagerFactoryBean:660  [32m                  [0;39m Closing JPA EntityManagerFactory for persistence unit 'default'
2025-08-27 00:15:30.476 INFO  com.zaxxer.hikari.HikariDataSource                :349  [32m                  [0;39m HikariPool-1 - Shutdown initiated...
2025-08-27 00:15:30.725 INFO  com.zaxxer.hikari.HikariDataSource                :351  [32m                  [0;39m HikariPool-1 - Shutdown completed.
2025-08-27 00:15:30.728 INFO  org.apache.catalina.core.StandardService          :168  [32m                  [0;39m Stopping service [Tomcat]
2025-08-27 00:15:30.735 INFO  o.s.b.a.logging.ConditionEvaluationReportLogger   :82   [32m                  [0;39m 

Error starting ApplicationContext. To display the condition evaluation report re-run your application with 'debug' enabled.
2025-08-27 00:15:30.743 ERROR org.springframework.boot.SpringApplication        :857  [32m                  [0;39m Application run failed
org.springframework.beans.factory.UnsatisfiedDependencyException: Error creating bean with name 'aiController': Unsatisfied dependency expressed through field 'aiAssistant': Error creating bean with name 'aiAssistant': FactoryBean threw exception on object creation
	at org.springframework.beans.factory.annotation.AutowiredAnnotationBeanPostProcessor$AutowiredFieldElement.resolveFieldValue(AutowiredAnnotationBeanPostProcessor.java:788)
	at org.springframework.beans.factory.annotation.AutowiredAnnotationBeanPostProcessor$AutowiredFieldElement.inject(AutowiredAnnotationBeanPostProcessor.java:768)
	at org.springframework.beans.factory.annotation.InjectionMetadata.inject(InjectionMetadata.java:146)
	at org.springframework.beans.factory.annotation.AutowiredAnnotationBeanPostProcessor.postProcessProperties(AutowiredAnnotationBeanPostProcessor.java:509)
	at org.springframework.beans.factory.support.AbstractAutowireCapableBeanFactory.populateBean(AbstractAutowireCapableBeanFactory.java:1459)
	at org.springframework.beans.factory.support.AbstractAutowireCapableBeanFactory.doCreateBean(AbstractAutowireCapableBeanFactory.java:606)
	at org.springframework.beans.factory.support.AbstractAutowireCapableBeanFactory.createBean(AbstractAutowireCapableBeanFactory.java:529)
	at org.springframework.beans.factory.support.AbstractBeanFactory.lambda$doGetBean$0(AbstractBeanFactory.java:339)
	at org.springframework.beans.factory.support.DefaultSingletonBeanRegistry.getSingleton(DefaultSingletonBeanRegistry.java:373)
	at org.springframework.beans.factory.support.AbstractBeanFactory.doGetBean(AbstractBeanFactory.java:337)
	at org.springframework.beans.factory.support.AbstractBeanFactory.getBean(AbstractBeanFactory.java:202)
	at org.springframework.beans.factory.support.DefaultListableBeanFactory.instantiateSingleton(DefaultListableBeanFactory.java:1222)
	at org.springframework.beans.factory.support.DefaultListableBeanFactory.preInstantiateSingleton(DefaultListableBeanFactory.java:1188)
	at org.springframework.beans.factory.support.DefaultListableBeanFactory.preInstantiateSingletons(DefaultListableBeanFactory.java:1123)
	at org.springframework.context.support.AbstractApplicationContext.finishBeanFactoryInitialization(AbstractApplicationContext.java:987)
	at org.springframework.context.support.AbstractApplicationContext.refresh(AbstractApplicationContext.java:627)
	at org.springframework.boot.web.servlet.context.ServletWebServerApplicationContext.refresh(ServletWebServerApplicationContext.java:146)
	at org.springframework.boot.SpringApplication.refresh(SpringApplication.java:752)
	at org.springframework.boot.SpringApplication.refreshContext(SpringApplication.java:439)
	at org.springframework.boot.SpringApplication.run(SpringApplication.java:318)
	at com.matt.wiki.WikiApplication.main(WikiApplication.java:27)
	at java.base/jdk.internal.reflect.DirectMethodHandleAccessor.invoke(DirectMethodHandleAccessor.java:104)
	at java.base/java.lang.reflect.Method.invoke(Method.java:578)
	at org.springframework.boot.devtools.restart.RestartLauncher.run(RestartLauncher.java:50)
Caused by: org.springframework.beans.factory.BeanCreationException: Error creating bean with name 'aiAssistant': FactoryBean threw exception on object creation
	at org.springframework.beans.factory.support.FactoryBeanRegistrySupport.doGetObjectFromFactoryBean(FactoryBeanRegistrySupport.java:206)
	at org.springframework.beans.factory.support.FactoryBeanRegistrySupport.getObjectFromFactoryBean(FactoryBeanRegistrySupport.java:133)
	at org.springframework.beans.factory.support.AbstractBeanFactory.getObjectForBeanInstance(AbstractBeanFactory.java:1896)
	at org.springframework.beans.factory.support.AbstractAutowireCapableBeanFactory.getObjectForBeanInstance(AbstractAutowireCapableBeanFactory.java:1316)
	at org.springframework.beans.factory.support.AbstractBeanFactory.doGetBean(AbstractBeanFactory.java:349)
	at org.springframework.beans.factory.support.AbstractBeanFactory.getBean(AbstractBeanFactory.java:202)
	at org.springframework.beans.factory.support.DefaultListableBeanFactory.doResolveDependency(DefaultListableBeanFactory.java:1683)
	at org.springframework.beans.factory.support.DefaultListableBeanFactory.resolveDependency(DefaultListableBeanFactory.java:1628)
	at org.springframework.beans.factory.annotation.AutowiredAnnotationBeanPostProcessor$AutowiredFieldElement.resolveFieldValue(AutowiredAnnotationBeanPostProcessor.java:785)
	... 23 common frames omitted
Caused by: dev.langchain4j.service.IllegalConfigurationException: In order to use @MemoryId, please configure the ChatMemoryProvider on the 'com.matt.wiki.aiservice.AiAssistant'.
	at dev.langchain4j.service.IllegalConfigurationException.illegalConfiguration(IllegalConfigurationException.java:18)
	at dev.langchain4j.service.DefaultAiServices.validateMethods(DefaultAiServices.java:116)
	at dev.langchain4j.service.DefaultAiServices.validate(DefaultAiServices.java:128)
	at dev.langchain4j.service.DefaultAiServices.build(DefaultAiServices.java:142)
	at dev.langchain4j.service.spring.AiServiceFactory.getObject(AiServiceFactory.java:117)
	at org.springframework.beans.factory.support.FactoryBeanRegistrySupport.doGetObjectFromFactoryBean(FactoryBeanRegistrySupport.java:200)
	... 31 common frames omitted
2025-08-27 00:17:09.277 INFO  org.hibernate.validator.internal.util.Version     :21   [32m                  [0;39m HV000001: Hibernate Validator 8.0.2.Final
2025-08-27 00:17:09.298 INFO  com.matt.wiki.WikiApplication                     :53   [32m                  [0;39m Starting WikiApplication using Java 20.0.1 with PID 5797 (/Users/yushuzhan/Documents/GitHub/FullStackPractices/wiki/target/classes started by yushuzhan in /Users/yushuzhan/Documents/GitHub/FullStackPractices/wiki)
2025-08-27 00:17:09.299 INFO  com.matt.wiki.WikiApplication                     :652  [32m                  [0;39m No active profile set, falling back to 1 default profile: "default"
2025-08-27 00:17:09.333 INFO  o.s.boot.devtools.restart.ChangeableUrls          :252  [32m                  [0;39m The Class-Path manifest attribute in /Users/yushuzhan/.m2/repository/org/apache/opennlp/opennlp-tools/2.5.4/opennlp-tools-2.5.4.jar referenced one or more files that do not exist: file:/Users/yushuzhan/.m2/repository/org/apache/opennlp/opennlp-tools/2.5.4/slf4j-api-2.0.17.jar
2025-08-27 00:17:09.333 INFO  o.s.b.d.env.DevToolsPropertyDefaultsPostProcessor :252  [32m                  [0;39m Devtools property defaults active! Set 'spring.devtools.add-properties' to 'false' to disable
2025-08-27 00:17:09.333 INFO  o.s.b.d.env.DevToolsPropertyDefaultsPostProcessor :252  [32m                  [0;39m For additional web related logging consider setting the 'logging.level.web' property to 'DEBUG'
2025-08-27 00:17:09.669 INFO  o.s.d.r.config.RepositoryConfigurationDelegate    :294  [32m                  [0;39m Multiple Spring Data modules found, entering strict repository configuration mode
2025-08-27 00:17:09.670 INFO  o.s.d.r.config.RepositoryConfigurationDelegate    :145  [32m                  [0;39m Bootstrapping Spring Data JPA repositories in DEFAULT mode.
2025-08-27 00:17:09.736 INFO  o.s.d.r.config.RepositoryConfigurationDelegate    :213  [32m                  [0;39m Finished Spring Data repository scanning in 62 ms. Found 3 JPA repository interfaces.
2025-08-27 00:17:09.742 INFO  o.s.d.r.config.RepositoryConfigurationDelegate    :294  [32m                  [0;39m Multiple Spring Data modules found, entering strict repository configuration mode
2025-08-27 00:17:09.743 INFO  o.s.d.r.config.RepositoryConfigurationDelegate    :145  [32m                  [0;39m Bootstrapping Spring Data Redis repositories in DEFAULT mode.
2025-08-27 00:17:09.749 INFO  o.s.d.r.c.RepositoryConfigurationExtensionSupport :327  [32m                  [0;39m Spring Data Redis - Could not safely identify store assignment for repository candidate interface com.matt.wiki.repository.BaseRepository; If you want this repository to be a Redis repository, consider annotating your entities with one of these annotations: org.springframework.data.redis.core.RedisHash (preferred), or consider extending one of the following types with your repository: org.springframework.data.keyvalue.repository.KeyValueRepository
2025-08-27 00:17:09.749 INFO  o.s.d.r.c.RepositoryConfigurationExtensionSupport :327  [32m                  [0;39m Spring Data Redis - Could not safely identify store assignment for repository candidate interface com.matt.wiki.repository.ChatHistoryRepository; If you want this repository to be a Redis repository, consider annotating your entities with one of these annotations: org.springframework.data.redis.core.RedisHash (preferred), or consider extending one of the following types with your repository: org.springframework.data.keyvalue.repository.KeyValueRepository
2025-08-27 00:17:09.749 INFO  o.s.d.r.c.RepositoryConfigurationExtensionSupport :327  [32m                  [0;39m Spring Data Redis - Could not safely identify store assignment for repository candidate interface com.matt.wiki.repository.GuestRegisterRepository; If you want this repository to be a Redis repository, consider annotating your entities with one of these annotations: org.springframework.data.redis.core.RedisHash (preferred), or consider extending one of the following types with your repository: org.springframework.data.keyvalue.repository.KeyValueRepository
2025-08-27 00:17:09.750 INFO  o.s.d.r.config.RepositoryConfigurationDelegate    :213  [32m                  [0;39m Finished Spring Data repository scanning in 2 ms. Found 0 Redis repository interfaces.
2025-08-27 00:17:10.118 INFO  o.s.boot.web.embedded.tomcat.TomcatWebServer      :111  [32m                  [0;39m Tomcat initialized with port 8080 (http)
2025-08-27 00:17:10.123 INFO  org.apache.coyote.http11.Http11NioProtocol        :168  [32m                  [0;39m Initializing ProtocolHandler ["http-nio-8080"]
2025-08-27 00:17:10.124 INFO  org.apache.catalina.core.StandardService          :168  [32m                  [0;39m Starting service [Tomcat]
2025-08-27 00:17:10.124 INFO  org.apache.catalina.core.StandardEngine           :168  [32m                  [0;39m Starting Servlet engine: [Apache Tomcat/10.1.42]
2025-08-27 00:17:10.138 INFO  o.a.c.core.ContainerBase.[Tomcat].[localhost].[/] :168  [32m                  [0;39m Initializing Spring embedded WebApplicationContext
2025-08-27 00:17:10.138 INFO  o.s.b.w.s.c.ServletWebServerApplicationContext    :301  [32m                  [0;39m Root WebApplicationContext: initialization completed in 805 ms
2025-08-27 00:17:10.177 INFO  o.s.b.d.autoconfigure.OptionalLiveReloadServer    :59   [32m                  [0;39m LiveReload server is running on port 35729
2025-08-27 00:17:10.229 INFO  com.zaxxer.hikari.HikariDataSource                :109  [32m                  [0;39m HikariPool-1 - Starting...
2025-08-27 00:17:12.846 INFO  com.zaxxer.hikari.pool.HikariPool                 :575  [32m                  [0;39m HikariPool-1 - Added connection com.mysql.cj.jdbc.ConnectionImpl@75d174c5
2025-08-27 00:17:12.849 INFO  com.zaxxer.hikari.HikariDataSource                :122  [32m                  [0;39m HikariPool-1 - Start completed.
2025-08-27 00:17:12.885 INFO  org.hibernate.jpa.internal.util.LogHelper         :31   [32m                  [0;39m HHH000204: Processing PersistenceUnitInfo [name: default]
2025-08-27 00:17:12.914 INFO  org.hibernate.Version                             :44   [32m                  [0;39m HHH000412: Hibernate ORM core version 6.6.18.Final
2025-08-27 00:17:12.929 INFO  o.hibernate.cache.internal.RegionFactoryInitiator :50   [32m                  [0;39m HHH000026: Second-level cache disabled
2025-08-27 00:17:13.043 INFO  o.s.o.j.persistenceunit.SpringPersistenceUnitInfo :87   [32m                  [0;39m No LoadTimeWeaver setup: ignoring JPA class transformer
2025-08-27 00:17:13.639 INFO  org.hibernate.orm.connections.pooling             :163  [32m                  [0;39m HHH10001005: Database info:
	Database JDBC URL [Connecting through datasource 'HikariDataSource (HikariPool-1)']
	Database driver: undefined/unknown
	Database version: 8.0.36
	Autocommit mode: undefined/unknown
	Isolation level: undefined/unknown
	Minimum pool size: undefined/unknown
	Maximum pool size: undefined/unknown
2025-08-27 00:17:13.644 DEBUG o.h.type.descriptor.sql.spi.DdlTypeRegistry       :64   [32m                  [0;39m addDescriptor(12, org.hibernate.type.descriptor.sql.internal.CapacityDependentDdlType@356b8ea2) replaced previous registration(org.hibernate.type.descriptor.sql.internal.CapacityDependentDdlType@266fe5f7)
2025-08-27 00:17:13.645 DEBUG o.h.type.descriptor.sql.spi.DdlTypeRegistry       :64   [32m                  [0;39m addDescriptor(-9, org.hibernate.type.descriptor.sql.internal.CapacityDependentDdlType@7100058e) replaced previous registration(org.hibernate.type.descriptor.sql.internal.CapacityDependentDdlType@2b9a1885)
2025-08-27 00:17:13.645 DEBUG o.h.type.descriptor.sql.spi.DdlTypeRegistry       :64   [32m                  [0;39m addDescriptor(-3, org.hibernate.type.descriptor.sql.internal.CapacityDependentDdlType@42ed8dca) replaced previous registration(org.hibernate.type.descriptor.sql.internal.CapacityDependentDdlType@1b74883d)
2025-08-27 00:17:13.645 DEBUG o.h.type.descriptor.sql.spi.DdlTypeRegistry       :64   [32m                  [0;39m addDescriptor(4003, org.hibernate.type.descriptor.sql.internal.DdlTypeImpl@6a29d2a8) replaced previous registration(org.hibernate.type.descriptor.sql.internal.DdlTypeImpl@110cb158)
2025-08-27 00:17:13.645 DEBUG o.h.type.descriptor.sql.spi.DdlTypeRegistry       :64   [32m                  [0;39m addDescriptor(4001, org.hibernate.type.descriptor.sql.internal.DdlTypeImpl@3f21ed6e) replaced previous registration(org.hibernate.type.descriptor.sql.internal.DdlTypeImpl@abafd7)
2025-08-27 00:17:13.645 DEBUG o.h.type.descriptor.sql.spi.DdlTypeRegistry       :64   [32m                  [0;39m addDescriptor(4002, org.hibernate.type.descriptor.sql.internal.DdlTypeImpl@243381f8) replaced previous registration(org.hibernate.type.descriptor.sql.internal.DdlTypeImpl@50c17257)
2025-08-27 00:17:13.645 DEBUG o.h.type.descriptor.sql.spi.DdlTypeRegistry       :64   [32m                  [0;39m addDescriptor(2004, org.hibernate.type.descriptor.sql.internal.CapacityDependentDdlType@603bafbc) replaced previous registration(org.hibernate.type.descriptor.sql.internal.DdlTypeImpl@3db3717b)
2025-08-27 00:17:13.645 DEBUG o.h.type.descriptor.sql.spi.DdlTypeRegistry       :64   [32m                  [0;39m addDescriptor(2005, org.hibernate.type.descriptor.sql.internal.CapacityDependentDdlType@5371b74) replaced previous registration(org.hibernate.type.descriptor.sql.internal.DdlTypeImpl@5e3f824f)
2025-08-27 00:17:13.645 DEBUG o.h.type.descriptor.sql.spi.DdlTypeRegistry       :64   [32m                  [0;39m addDescriptor(2011, org.hibernate.type.descriptor.sql.internal.CapacityDependentDdlType@6344807b) replaced previous registration(org.hibernate.type.descriptor.sql.internal.DdlTypeImpl@455a1dc1)
2025-08-27 00:17:14.022 INFO  o.h.e.t.jta.platform.internal.JtaPlatformInitiator:59   [32m                  [0;39m HHH000489: No JTA platform available (set 'hibernate.transaction.jta.platform' to enable JTA platform integration)
2025-08-27 00:17:14.023 INFO  o.s.orm.jpa.LocalContainerEntityManagerFactoryBean:447  [32m                  [0;39m Initialized JPA EntityManagerFactory for persistence unit 'default'
2025-08-27 00:17:14.372 WARN  o.s.b.w.s.c.AnnotationConfigServletWebServerApplicationContext:635  [32m                  [0;39m Exception encountered during context initialization - cancelling refresh attempt: org.springframework.beans.factory.UnsatisfiedDependencyException: Error creating bean with name 'aiController': Unsatisfied dependency expressed through field 'aiAssistant': Error creating bean with name 'aiAssistant': FactoryBean threw exception on object creation
2025-08-27 00:17:14.377 INFO  o.s.orm.jpa.LocalContainerEntityManagerFactoryBean:660  [32m                  [0;39m Closing JPA EntityManagerFactory for persistence unit 'default'
2025-08-27 00:17:14.378 INFO  com.zaxxer.hikari.HikariDataSource                :349  [32m                  [0;39m HikariPool-1 - Shutdown initiated...
2025-08-27 00:17:14.816 INFO  com.zaxxer.hikari.HikariDataSource                :351  [32m                  [0;39m HikariPool-1 - Shutdown completed.
2025-08-27 00:17:14.820 INFO  org.apache.catalina.core.StandardService          :168  [32m                  [0;39m Stopping service [Tomcat]
2025-08-27 00:17:14.834 INFO  o.s.b.a.logging.ConditionEvaluationReportLogger   :82   [32m                  [0;39m 

Error starting ApplicationContext. To display the condition evaluation report re-run your application with 'debug' enabled.
2025-08-27 00:17:14.845 ERROR org.springframework.boot.SpringApplication        :857  [32m                  [0;39m Application run failed
org.springframework.beans.factory.UnsatisfiedDependencyException: Error creating bean with name 'aiController': Unsatisfied dependency expressed through field 'aiAssistant': Error creating bean with name 'aiAssistant': FactoryBean threw exception on object creation
	at org.springframework.beans.factory.annotation.AutowiredAnnotationBeanPostProcessor$AutowiredFieldElement.resolveFieldValue(AutowiredAnnotationBeanPostProcessor.java:788)
	at org.springframework.beans.factory.annotation.AutowiredAnnotationBeanPostProcessor$AutowiredFieldElement.inject(AutowiredAnnotationBeanPostProcessor.java:768)
	at org.springframework.beans.factory.annotation.InjectionMetadata.inject(InjectionMetadata.java:146)
	at org.springframework.beans.factory.annotation.AutowiredAnnotationBeanPostProcessor.postProcessProperties(AutowiredAnnotationBeanPostProcessor.java:509)
	at org.springframework.beans.factory.support.AbstractAutowireCapableBeanFactory.populateBean(AbstractAutowireCapableBeanFactory.java:1459)
	at org.springframework.beans.factory.support.AbstractAutowireCapableBeanFactory.doCreateBean(AbstractAutowireCapableBeanFactory.java:606)
	at org.springframework.beans.factory.support.AbstractAutowireCapableBeanFactory.createBean(AbstractAutowireCapableBeanFactory.java:529)
	at org.springframework.beans.factory.support.AbstractBeanFactory.lambda$doGetBean$0(AbstractBeanFactory.java:339)
	at org.springframework.beans.factory.support.DefaultSingletonBeanRegistry.getSingleton(DefaultSingletonBeanRegistry.java:373)
	at org.springframework.beans.factory.support.AbstractBeanFactory.doGetBean(AbstractBeanFactory.java:337)
	at org.springframework.beans.factory.support.AbstractBeanFactory.getBean(AbstractBeanFactory.java:202)
	at org.springframework.beans.factory.support.DefaultListableBeanFactory.instantiateSingleton(DefaultListableBeanFactory.java:1222)
	at org.springframework.beans.factory.support.DefaultListableBeanFactory.preInstantiateSingleton(DefaultListableBeanFactory.java:1188)
	at org.springframework.beans.factory.support.DefaultListableBeanFactory.preInstantiateSingletons(DefaultListableBeanFactory.java:1123)
	at org.springframework.context.support.AbstractApplicationContext.finishBeanFactoryInitialization(AbstractApplicationContext.java:987)
	at org.springframework.context.support.AbstractApplicationContext.refresh(AbstractApplicationContext.java:627)
	at org.springframework.boot.web.servlet.context.ServletWebServerApplicationContext.refresh(ServletWebServerApplicationContext.java:146)
	at org.springframework.boot.SpringApplication.refresh(SpringApplication.java:752)
	at org.springframework.boot.SpringApplication.refreshContext(SpringApplication.java:439)
	at org.springframework.boot.SpringApplication.run(SpringApplication.java:318)
	at com.matt.wiki.WikiApplication.main(WikiApplication.java:27)
	at java.base/jdk.internal.reflect.DirectMethodHandleAccessor.invoke(DirectMethodHandleAccessor.java:104)
	at java.base/java.lang.reflect.Method.invoke(Method.java:578)
	at org.springframework.boot.devtools.restart.RestartLauncher.run(RestartLauncher.java:50)
Caused by: org.springframework.beans.factory.BeanCreationException: Error creating bean with name 'aiAssistant': FactoryBean threw exception on object creation
	at org.springframework.beans.factory.support.FactoryBeanRegistrySupport.doGetObjectFromFactoryBean(FactoryBeanRegistrySupport.java:206)
	at org.springframework.beans.factory.support.FactoryBeanRegistrySupport.getObjectFromFactoryBean(FactoryBeanRegistrySupport.java:133)
	at org.springframework.beans.factory.support.AbstractBeanFactory.getObjectForBeanInstance(AbstractBeanFactory.java:1896)
	at org.springframework.beans.factory.support.AbstractAutowireCapableBeanFactory.getObjectForBeanInstance(AbstractAutowireCapableBeanFactory.java:1316)
	at org.springframework.beans.factory.support.AbstractBeanFactory.doGetBean(AbstractBeanFactory.java:349)
	at org.springframework.beans.factory.support.AbstractBeanFactory.getBean(AbstractBeanFactory.java:202)
	at org.springframework.beans.factory.support.DefaultListableBeanFactory.doResolveDependency(DefaultListableBeanFactory.java:1683)
	at org.springframework.beans.factory.support.DefaultListableBeanFactory.resolveDependency(DefaultListableBeanFactory.java:1628)
	at org.springframework.beans.factory.annotation.AutowiredAnnotationBeanPostProcessor$AutowiredFieldElement.resolveFieldValue(AutowiredAnnotationBeanPostProcessor.java:785)
	... 23 common frames omitted
Caused by: dev.langchain4j.service.IllegalConfigurationException: In order to use @MemoryId, please configure the ChatMemoryProvider on the 'com.matt.wiki.aiservice.AiAssistant'.
	at dev.langchain4j.service.IllegalConfigurationException.illegalConfiguration(IllegalConfigurationException.java:18)
	at dev.langchain4j.service.DefaultAiServices.validateMethods(DefaultAiServices.java:116)
	at dev.langchain4j.service.DefaultAiServices.validate(DefaultAiServices.java:128)
	at dev.langchain4j.service.DefaultAiServices.build(DefaultAiServices.java:142)
	at dev.langchain4j.service.spring.AiServiceFactory.getObject(AiServiceFactory.java:117)
	at org.springframework.beans.factory.support.FactoryBeanRegistrySupport.doGetObjectFromFactoryBean(FactoryBeanRegistrySupport.java:200)
	... 31 common frames omitted
2025-08-27 00:21:07.957 INFO  org.hibernate.validator.internal.util.Version     :21   [32m                  [0;39m HV000001: Hibernate Validator 8.0.2.Final
2025-08-27 00:21:07.989 INFO  com.matt.wiki.WikiApplication                     :53   [32m                  [0;39m Starting WikiApplication using Java 20.0.1 with PID 5894 (/Users/yushuzhan/Documents/GitHub/FullStackPractices/wiki/target/classes started by yushuzhan in /Users/yushuzhan/Documents/GitHub/FullStackPractices/wiki)
2025-08-27 00:21:07.990 INFO  com.matt.wiki.WikiApplication                     :652  [32m                  [0;39m No active profile set, falling back to 1 default profile: "default"
2025-08-27 00:21:08.029 INFO  o.s.boot.devtools.restart.ChangeableUrls          :252  [32m                  [0;39m The Class-Path manifest attribute in /Users/yushuzhan/.m2/repository/org/apache/opennlp/opennlp-tools/2.5.4/opennlp-tools-2.5.4.jar referenced one or more files that do not exist: file:/Users/yushuzhan/.m2/repository/org/apache/opennlp/opennlp-tools/2.5.4/slf4j-api-2.0.17.jar
2025-08-27 00:21:08.029 INFO  o.s.b.d.env.DevToolsPropertyDefaultsPostProcessor :252  [32m                  [0;39m Devtools property defaults active! Set 'spring.devtools.add-properties' to 'false' to disable
2025-08-27 00:21:08.029 INFO  o.s.b.d.env.DevToolsPropertyDefaultsPostProcessor :252  [32m                  [0;39m For additional web related logging consider setting the 'logging.level.web' property to 'DEBUG'
2025-08-27 00:21:08.425 INFO  o.s.d.r.config.RepositoryConfigurationDelegate    :294  [32m                  [0;39m Multiple Spring Data modules found, entering strict repository configuration mode
2025-08-27 00:21:08.426 INFO  o.s.d.r.config.RepositoryConfigurationDelegate    :145  [32m                  [0;39m Bootstrapping Spring Data JPA repositories in DEFAULT mode.
2025-08-27 00:21:08.495 INFO  o.s.d.r.config.RepositoryConfigurationDelegate    :213  [32m                  [0;39m Finished Spring Data repository scanning in 65 ms. Found 3 JPA repository interfaces.
2025-08-27 00:21:08.503 INFO  o.s.d.r.config.RepositoryConfigurationDelegate    :294  [32m                  [0;39m Multiple Spring Data modules found, entering strict repository configuration mode
2025-08-27 00:21:08.504 INFO  o.s.d.r.config.RepositoryConfigurationDelegate    :145  [32m                  [0;39m Bootstrapping Spring Data Redis repositories in DEFAULT mode.
2025-08-27 00:21:08.511 INFO  o.s.d.r.c.RepositoryConfigurationExtensionSupport :327  [32m                  [0;39m Spring Data Redis - Could not safely identify store assignment for repository candidate interface com.matt.wiki.repository.BaseRepository; If you want this repository to be a Redis repository, consider annotating your entities with one of these annotations: org.springframework.data.redis.core.RedisHash (preferred), or consider extending one of the following types with your repository: org.springframework.data.keyvalue.repository.KeyValueRepository
2025-08-27 00:21:08.511 INFO  o.s.d.r.c.RepositoryConfigurationExtensionSupport :327  [32m                  [0;39m Spring Data Redis - Could not safely identify store assignment for repository candidate interface com.matt.wiki.repository.ChatHistoryRepository; If you want this repository to be a Redis repository, consider annotating your entities with one of these annotations: org.springframework.data.redis.core.RedisHash (preferred), or consider extending one of the following types with your repository: org.springframework.data.keyvalue.repository.KeyValueRepository
2025-08-27 00:21:08.511 INFO  o.s.d.r.c.RepositoryConfigurationExtensionSupport :327  [32m                  [0;39m Spring Data Redis - Could not safely identify store assignment for repository candidate interface com.matt.wiki.repository.GuestRegisterRepository; If you want this repository to be a Redis repository, consider annotating your entities with one of these annotations: org.springframework.data.redis.core.RedisHash (preferred), or consider extending one of the following types with your repository: org.springframework.data.keyvalue.repository.KeyValueRepository
2025-08-27 00:21:08.511 INFO  o.s.d.r.config.RepositoryConfigurationDelegate    :213  [32m                  [0;39m Finished Spring Data repository scanning in 3 ms. Found 0 Redis repository interfaces.
2025-08-27 00:21:08.927 INFO  o.s.boot.web.embedded.tomcat.TomcatWebServer      :111  [32m                  [0;39m Tomcat initialized with port 8080 (http)
2025-08-27 00:21:08.932 INFO  org.apache.coyote.http11.Http11NioProtocol        :168  [32m                  [0;39m Initializing ProtocolHandler ["http-nio-8080"]
2025-08-27 00:21:08.932 INFO  org.apache.catalina.core.StandardService          :168  [32m                  [0;39m Starting service [Tomcat]
2025-08-27 00:21:08.932 INFO  org.apache.catalina.core.StandardEngine           :168  [32m                  [0;39m Starting Servlet engine: [Apache Tomcat/10.1.42]
2025-08-27 00:21:08.947 INFO  o.a.c.core.ContainerBase.[Tomcat].[localhost].[/] :168  [32m                  [0;39m Initializing Spring embedded WebApplicationContext
2025-08-27 00:21:08.947 INFO  o.s.b.w.s.c.ServletWebServerApplicationContext    :301  [32m                  [0;39m Root WebApplicationContext: initialization completed in 917 ms
2025-08-27 00:21:08.987 INFO  o.s.b.d.autoconfigure.OptionalLiveReloadServer    :59   [32m                  [0;39m LiveReload server is running on port 35729
2025-08-27 00:21:09.039 INFO  com.zaxxer.hikari.HikariDataSource                :109  [32m                  [0;39m HikariPool-1 - Starting...
2025-08-27 00:21:11.993 INFO  com.zaxxer.hikari.pool.HikariPool                 :575  [32m                  [0;39m HikariPool-1 - Added connection com.mysql.cj.jdbc.ConnectionImpl@e40a547
2025-08-27 00:21:11.995 INFO  com.zaxxer.hikari.HikariDataSource                :122  [32m                  [0;39m HikariPool-1 - Start completed.
2025-08-27 00:21:12.032 INFO  org.hibernate.jpa.internal.util.LogHelper         :31   [32m                  [0;39m HHH000204: Processing PersistenceUnitInfo [name: default]
2025-08-27 00:21:12.064 INFO  org.hibernate.Version                             :44   [32m                  [0;39m HHH000412: Hibernate ORM core version 6.6.18.Final
2025-08-27 00:21:12.084 INFO  o.hibernate.cache.internal.RegionFactoryInitiator :50   [32m                  [0;39m HHH000026: Second-level cache disabled
2025-08-27 00:21:12.202 INFO  o.s.o.j.persistenceunit.SpringPersistenceUnitInfo :87   [32m                  [0;39m No LoadTimeWeaver setup: ignoring JPA class transformer
2025-08-27 00:21:12.791 INFO  org.hibernate.orm.connections.pooling             :163  [32m                  [0;39m HHH10001005: Database info:
	Database JDBC URL [Connecting through datasource 'HikariDataSource (HikariPool-1)']
	Database driver: undefined/unknown
	Database version: 8.0.36
	Autocommit mode: undefined/unknown
	Isolation level: undefined/unknown
	Minimum pool size: undefined/unknown
	Maximum pool size: undefined/unknown
2025-08-27 00:21:12.798 DEBUG o.h.type.descriptor.sql.spi.DdlTypeRegistry       :64   [32m                  [0;39m addDescriptor(12, org.hibernate.type.descriptor.sql.internal.CapacityDependentDdlType@abafd7) replaced previous registration(org.hibernate.type.descriptor.sql.internal.CapacityDependentDdlType@243381f8)
2025-08-27 00:21:12.799 DEBUG o.h.type.descriptor.sql.spi.DdlTypeRegistry       :64   [32m                  [0;39m addDescriptor(-9, org.hibernate.type.descriptor.sql.internal.CapacityDependentDdlType@50c17257) replaced previous registration(org.hibernate.type.descriptor.sql.internal.CapacityDependentDdlType@603bafbc)
2025-08-27 00:21:12.799 DEBUG o.h.type.descriptor.sql.spi.DdlTypeRegistry       :64   [32m                  [0;39m addDescriptor(-3, org.hibernate.type.descriptor.sql.internal.CapacityDependentDdlType@3db3717b) replaced previous registration(org.hibernate.type.descriptor.sql.internal.CapacityDependentDdlType@5371b74)
2025-08-27 00:21:12.799 DEBUG o.h.type.descriptor.sql.spi.DdlTypeRegistry       :64   [32m                  [0;39m addDescriptor(4003, org.hibernate.type.descriptor.sql.internal.DdlTypeImpl@5e3f824f) replaced previous registration(org.hibernate.type.descriptor.sql.internal.DdlTypeImpl@6344807b)
2025-08-27 00:21:12.799 DEBUG o.h.type.descriptor.sql.spi.DdlTypeRegistry       :64   [32m                  [0;39m addDescriptor(4001, org.hibernate.type.descriptor.sql.internal.DdlTypeImpl@455a1dc1) replaced previous registration(org.hibernate.type.descriptor.sql.internal.DdlTypeImpl@780b42a5)
2025-08-27 00:21:12.799 DEBUG o.h.type.descriptor.sql.spi.DdlTypeRegistry       :64   [32m                  [0;39m addDescriptor(4002, org.hibernate.type.descriptor.sql.internal.DdlTypeImpl@5a848a11) replaced previous registration(org.hibernate.type.descriptor.sql.internal.DdlTypeImpl@1d849e62)
2025-08-27 00:21:12.799 DEBUG o.h.type.descriptor.sql.spi.DdlTypeRegistry       :64   [32m                  [0;39m addDescriptor(2004, org.hibernate.type.descriptor.sql.internal.CapacityDependentDdlType@8a53c06) replaced previous registration(org.hibernate.type.descriptor.sql.internal.DdlTypeImpl@2a1959dd)
2025-08-27 00:21:12.800 DEBUG o.h.type.descriptor.sql.spi.DdlTypeRegistry       :64   [32m                  [0;39m addDescriptor(2005, org.hibernate.type.descriptor.sql.internal.CapacityDependentDdlType@54b38a8d) replaced previous registration(org.hibernate.type.descriptor.sql.internal.DdlTypeImpl@6dfd79f7)
2025-08-27 00:21:12.800 DEBUG o.h.type.descriptor.sql.spi.DdlTypeRegistry       :64   [32m                  [0;39m addDescriptor(2011, org.hibernate.type.descriptor.sql.internal.CapacityDependentDdlType@4c193d42) replaced previous registration(org.hibernate.type.descriptor.sql.internal.DdlTypeImpl@2c2e42ad)
2025-08-27 00:21:13.260 INFO  o.h.e.t.jta.platform.internal.JtaPlatformInitiator:59   [32m                  [0;39m HHH000489: No JTA platform available (set 'hibernate.transaction.jta.platform' to enable JTA platform integration)
2025-08-27 00:21:13.262 INFO  o.s.orm.jpa.LocalContainerEntityManagerFactoryBean:447  [32m                  [0;39m Initialized JPA EntityManagerFactory for persistence unit 'default'
2025-08-27 00:21:14.036 WARN  o.s.b.a.o.j.JpaBaseConfiguration$JpaWebConfiguration:258  [32m                  [0;39m spring.jpa.open-in-view is enabled by default. Therefore, database queries may be performed during view rendering. Explicitly configure spring.jpa.open-in-view to disable this warning
2025-08-27 00:21:14.377 INFO  org.apache.coyote.http11.Http11NioProtocol        :168  [32m                  [0;39m Starting ProtocolHandler ["http-nio-8080"]
2025-08-27 00:21:14.383 INFO  o.s.boot.web.embedded.tomcat.TomcatWebServer      :243  [32m                  [0;39m Tomcat started on port 8080 (http) with context path '/'
2025-08-27 00:21:14.390 INFO  com.matt.wiki.WikiApplication                     :59   [32m                  [0;39m Started WikiApplication in 6.63 seconds (process running for 6.923)
2025-08-27 00:21:14.391 INFO  com.matt.wiki.WikiApplication                     :168  [32m                  [0;39m Start Successful
2025-08-27 00:21:14.391 INFO  com.matt.wiki.WikiApplication                     :168  [32m                  [0;39m 地址:	http://127.0.0.1:8080
2025-08-27 00:21:24.243 INFO  o.a.c.core.ContainerBase.[Tomcat].[localhost].[/] :168  [32m                  [0;39m Initializing Spring DispatcherServlet 'dispatcherServlet'
2025-08-27 00:21:24.244 INFO  org.springframework.web.servlet.DispatcherServlet :532  [32m                  [0;39m Initializing Servlet 'dispatcherServlet'
2025-08-27 00:21:24.245 INFO  org.springframework.web.servlet.DispatcherServlet :554  [32m                  [0;39m Completed initialization in 1 ms
2025-08-27 00:21:24.272 INFO  com.matt.wiki.aspect.LogAspect                    :53   [32m615551375337721856[0;39m ------------- 开始 -------------
2025-08-27 00:21:24.272 INFO  com.matt.wiki.aspect.LogAspect                    :54   [32m615551375337721856[0;39m 请求地址: http://localhost:8080/ai/chat-stream GET
2025-08-27 00:21:24.273 INFO  com.matt.wiki.aspect.LogAspect                    :55   [32m615551375337721856[0;39m 类名方法: com.matt.wiki.controller.AiController.chatStream
2025-08-27 00:21:24.273 INFO  com.matt.wiki.aspect.LogAspect                    :56   [32m615551375337721856[0;39m 远程地址: 0:0:0:0:0:0:0:1
2025-08-27 00:21:24.290 INFO  com.matt.wiki.aspect.LogAspect                    :82   [32m615551375337721856[0;39m 请求参数: ["我想预约，张三，电话15926499414，邮箱：774364662@qq.com，离婚，悉尼，紧急","111"]
2025-08-27 00:21:27.630 DEBUG org.hibernate.SQL                                 :135  [32m615551375337721856[0;39m 
    select
        che1_0.id,
        che1_0.content,
        che1_0.created_date,
        che1_0.role,
        che1_0.session_id,
        che1_0.updated_date 
    from
        chat_history che1_0 
    where
        che1_0.session_id=? 
    order by
        che1_0.id desc 
    limit
        ?
2025-08-27 00:21:28.209 INFO  com.matt.wiki.util.ChatHistoryTools               :33   [32m615551375337721856[0;39m ========getChatHistory[]
2025-08-27 00:21:31.556 INFO  com.matt.wiki.service.CategoryService             :38   [32m615551375337721856[0;39m ----IntentionOutput(intention=1, output=为便于安排，请告知：①希望时间（如本周三下午或线上）)
2025-08-27 00:21:35.609 DEBUG org.hibernate.SQL                                 :135  [32m615551375337721856[0;39m 
    select
        che1_0.id,
        che1_0.content,
        che1_0.created_date,
        che1_0.role,
        che1_0.session_id,
        che1_0.updated_date 
    from
        chat_history che1_0 
    where
        che1_0.session_id=? 
    order by
        che1_0.id desc 
    limit
        ?
2025-08-27 00:21:35.912 INFO  com.matt.wiki.util.ChatHistoryTools               :33   [32m615551375337721856[0;39m ========getChatHistory[]
2025-08-27 00:21:42.578 INFO  com.matt.wiki.service.CategoryService             :69   [32m615551375337721856[0;39m ----GuestRegisterOutput(output=已记录：张三，电话15926499414，邮箱774364662@qq.com，案件类型为离婚，地区悉尼，情况紧急。您的登记已完成。, UserName=张三, phone=15926499414, email=774364662@qq.com, caseType=Family (divorce), area=Sydney, language=zh, urgency=high, completed=true)
2025-08-27 00:21:42.886 DEBUG org.hibernate.SQL                                 :135  [32m615551375337721856[0;39m 
    insert 
    into
        clients
        (area, case_type, created_date, email, language, phone, updated_date, urgency, user_name) 
    values
        (?, ?, ?, ?, ?, ?, ?, ?, ?)
2025-08-27 00:21:43.798 INFO  com.matt.wiki.aspect.LogAspect                    :96   [32m615551375337721856[0;39m 返回结果: FluxJust
2025-08-27 00:21:43.798 INFO  com.matt.wiki.aspect.LogAspect                    :100  [32m615551375337721856[0;39m ------------- 结束 耗时：19526 ms -------------
2025-08-27 00:22:00.006 INFO  com.matt.wiki.job.EbookSnapshotJob                :31   [32m615551525216980992[0;39m 生成今日电子书快照开始
2025-08-27 00:22:00.264 DEBUG c.m.w.mapper.EbookSnapshotMapperCust.genSnapshot  :135  [32m615551525216980992[0;39m ==>  Preparing: insert into ebook_snapshot(ebook_id, `date`, view_count, vote_count, view_increase, vote_increase) select t1.id, curdate(), 0, 0, 0, 0 from ebook t1 where not exists(select 1 from ebook_snapshot t2 where t1.id = t2.ebook_id and t2.`date` = curdate()); update ebook_snapshot t1, ebook t2 set t1.view_count = t2.view_count, t1.vote_count = t2.vote_count where t1.`date` = curdate() and t1.ebook_id = t2.id; update ebook_snapshot t1 left join (select ebook_id, view_count, vote_count from ebook_snapshot where `date` = date_sub(curdate(), interval 1 day)) t2 on t1.ebook_id = t2.ebook_id set t1.view_increase = (t1.view_count - ifnull(t2.view_count, 0)), t1.vote_increase = (t1.vote_count - ifnull(t2.vote_count, 0)) where t1.`date` = curdate();
2025-08-27 00:22:00.271 DEBUG c.m.w.mapper.EbookSnapshotMapperCust.genSnapshot  :135  [32m615551525216980992[0;39m ==> Parameters: 
2025-08-27 00:22:00.897 DEBUG c.m.w.mapper.EbookSnapshotMapperCust.genSnapshot  :135  [32m615551525216980992[0;39m <==    Updates: 0
2025-08-27 00:22:00.898 INFO  com.matt.wiki.job.EbookSnapshotJob                :34   [32m615551525216980992[0;39m 生成今日电子书快照结束，耗时：892毫秒
2025-08-27 00:22:00.899 INFO  com.matt.wiki.job.DocJob                          :30   [32m615551528962494464[0;39m 更新电子书下的文档数据开始
2025-08-27 00:22:00.899 DEBUG c.matt.wiki.mapper.DocMapperCust.updateEbookInfo  :135  [32m615551528962494464[0;39m ==>  Preparing: update ebook t1, (select ebook_id, count(1) doc_count, sum(view_count) view_count, sum(vote_count) vote_count from doc group by ebook_id) t2 set t1.doc_count = t2.doc_count, t1.view_count = t2.view_count, t1.vote_count = t2.vote_count where t1.id = t2.ebook_id
2025-08-27 00:22:00.900 DEBUG c.matt.wiki.mapper.DocMapperCust.updateEbookInfo  :135  [32m615551528962494464[0;39m ==> Parameters: 
2025-08-27 00:22:01.511 DEBUG c.matt.wiki.mapper.DocMapperCust.updateEbookInfo  :135  [32m615551528962494464[0;39m <==    Updates: 1
2025-08-27 00:22:01.512 INFO  com.matt.wiki.job.DocJob                          :33   [32m615551528962494464[0;39m 更新电子书下的文档数据结束，耗时：613毫秒
2025-08-27 00:23:00.001 INFO  com.matt.wiki.job.EbookSnapshotJob                :31   [32m615551776850055168[0;39m 生成今日电子书快照开始
2025-08-27 00:23:00.260 DEBUG c.m.w.mapper.EbookSnapshotMapperCust.genSnapshot  :135  [32m615551776850055168[0;39m ==>  Preparing: insert into ebook_snapshot(ebook_id, `date`, view_count, vote_count, view_increase, vote_increase) select t1.id, curdate(), 0, 0, 0, 0 from ebook t1 where not exists(select 1 from ebook_snapshot t2 where t1.id = t2.ebook_id and t2.`date` = curdate()); update ebook_snapshot t1, ebook t2 set t1.view_count = t2.view_count, t1.vote_count = t2.vote_count where t1.`date` = curdate() and t1.ebook_id = t2.id; update ebook_snapshot t1 left join (select ebook_id, view_count, vote_count from ebook_snapshot where `date` = date_sub(curdate(), interval 1 day)) t2 on t1.ebook_id = t2.ebook_id set t1.view_increase = (t1.view_count - ifnull(t2.view_count, 0)), t1.vote_increase = (t1.vote_count - ifnull(t2.vote_count, 0)) where t1.`date` = curdate();
2025-08-27 00:23:00.261 DEBUG c.m.w.mapper.EbookSnapshotMapperCust.genSnapshot  :135  [32m615551776850055168[0;39m ==> Parameters: 
2025-08-27 00:23:00.905 DEBUG c.m.w.mapper.EbookSnapshotMapperCust.genSnapshot  :135  [32m615551776850055168[0;39m <==    Updates: 0
2025-08-27 00:23:00.906 INFO  com.matt.wiki.job.EbookSnapshotJob                :34   [32m615551776850055168[0;39m 生成今日电子书快照结束，耗时：904毫秒
2025-08-27 00:23:00.907 INFO  com.matt.wiki.job.DocJob                          :30   [32m615551780654288896[0;39m 更新电子书下的文档数据开始
2025-08-27 00:23:00.907 DEBUG c.matt.wiki.mapper.DocMapperCust.updateEbookInfo  :135  [32m615551780654288896[0;39m ==>  Preparing: update ebook t1, (select ebook_id, count(1) doc_count, sum(view_count) view_count, sum(vote_count) vote_count from doc group by ebook_id) t2 set t1.doc_count = t2.doc_count, t1.view_count = t2.view_count, t1.vote_count = t2.vote_count where t1.id = t2.ebook_id
2025-08-27 00:23:00.908 DEBUG c.matt.wiki.mapper.DocMapperCust.updateEbookInfo  :135  [32m615551780654288896[0;39m ==> Parameters: 
2025-08-27 00:23:01.620 DEBUG c.matt.wiki.mapper.DocMapperCust.updateEbookInfo  :135  [32m615551780654288896[0;39m <==    Updates: 1
2025-08-27 00:23:01.620 INFO  com.matt.wiki.job.DocJob                          :33   [32m615551780654288896[0;39m 更新电子书下的文档数据结束，耗时：713毫秒
2025-08-27 00:23:05.744 INFO  o.s.boot.web.embedded.tomcat.GracefulShutdown     :54   [32m                  [0;39m Commencing graceful shutdown. Waiting for active requests to complete
2025-08-27 00:23:05.747 INFO  o.s.boot.web.embedded.tomcat.GracefulShutdown     :76   [32m                  [0;39m Graceful shutdown complete
2025-08-27 00:23:05.759 INFO  o.s.orm.jpa.LocalContainerEntityManagerFactoryBean:660  [32m                  [0;39m Closing JPA EntityManagerFactory for persistence unit 'default'
2025-08-27 00:23:05.761 INFO  com.zaxxer.hikari.HikariDataSource                :349  [32m                  [0;39m HikariPool-1 - Shutdown initiated...
2025-08-27 00:23:05.765 INFO  com.zaxxer.hikari.HikariDataSource                :351  [32m                  [0;39m HikariPool-1 - Shutdown completed.
2025-08-27 00:23:08.504 INFO  org.hibernate.validator.internal.util.Version     :21   [32m                  [0;39m HV000001: Hibernate Validator 8.0.2.Final
2025-08-27 00:23:08.524 INFO  com.matt.wiki.WikiApplication                     :53   [32m                  [0;39m Starting WikiApplication using Java 20.0.1 with PID 5942 (/Users/yushuzhan/Documents/GitHub/FullStackPractices/wiki/target/classes started by yushuzhan in /Users/yushuzhan/Documents/GitHub/FullStackPractices/wiki)
2025-08-27 00:23:08.525 INFO  com.matt.wiki.WikiApplication                     :652  [32m                  [0;39m No active profile set, falling back to 1 default profile: "default"
2025-08-27 00:23:08.548 INFO  o.s.boot.devtools.restart.ChangeableUrls          :252  [32m                  [0;39m The Class-Path manifest attribute in /Users/yushuzhan/.m2/repository/org/apache/opennlp/opennlp-tools/2.5.4/opennlp-tools-2.5.4.jar referenced one or more files that do not exist: file:/Users/yushuzhan/.m2/repository/org/apache/opennlp/opennlp-tools/2.5.4/slf4j-api-2.0.17.jar
2025-08-27 00:23:08.548 INFO  o.s.b.d.env.DevToolsPropertyDefaultsPostProcessor :252  [32m                  [0;39m Devtools property defaults active! Set 'spring.devtools.add-properties' to 'false' to disable
2025-08-27 00:23:08.548 INFO  o.s.b.d.env.DevToolsPropertyDefaultsPostProcessor :252  [32m                  [0;39m For additional web related logging consider setting the 'logging.level.web' property to 'DEBUG'
2025-08-27 00:23:08.925 INFO  o.s.d.r.config.RepositoryConfigurationDelegate    :294  [32m                  [0;39m Multiple Spring Data modules found, entering strict repository configuration mode
2025-08-27 00:23:08.926 INFO  o.s.d.r.config.RepositoryConfigurationDelegate    :145  [32m                  [0;39m Bootstrapping Spring Data JPA repositories in DEFAULT mode.
2025-08-27 00:23:08.999 INFO  o.s.d.r.config.RepositoryConfigurationDelegate    :213  [32m                  [0;39m Finished Spring Data repository scanning in 68 ms. Found 3 JPA repository interfaces.
2025-08-27 00:23:09.006 INFO  o.s.d.r.config.RepositoryConfigurationDelegate    :294  [32m                  [0;39m Multiple Spring Data modules found, entering strict repository configuration mode
2025-08-27 00:23:09.007 INFO  o.s.d.r.config.RepositoryConfigurationDelegate    :145  [32m                  [0;39m Bootstrapping Spring Data Redis repositories in DEFAULT mode.
2025-08-27 00:23:09.014 INFO  o.s.d.r.c.RepositoryConfigurationExtensionSupport :327  [32m                  [0;39m Spring Data Redis - Could not safely identify store assignment for repository candidate interface com.matt.wiki.repository.BaseRepository; If you want this repository to be a Redis repository, consider annotating your entities with one of these annotations: org.springframework.data.redis.core.RedisHash (preferred), or consider extending one of the following types with your repository: org.springframework.data.keyvalue.repository.KeyValueRepository
2025-08-27 00:23:09.014 INFO  o.s.d.r.c.RepositoryConfigurationExtensionSupport :327  [32m                  [0;39m Spring Data Redis - Could not safely identify store assignment for repository candidate interface com.matt.wiki.repository.ChatHistoryRepository; If you want this repository to be a Redis repository, consider annotating your entities with one of these annotations: org.springframework.data.redis.core.RedisHash (preferred), or consider extending one of the following types with your repository: org.springframework.data.keyvalue.repository.KeyValueRepository
2025-08-27 00:23:09.014 INFO  o.s.d.r.c.RepositoryConfigurationExtensionSupport :327  [32m                  [0;39m Spring Data Redis - Could not safely identify store assignment for repository candidate interface com.matt.wiki.repository.GuestRegisterRepository; If you want this repository to be a Redis repository, consider annotating your entities with one of these annotations: org.springframework.data.redis.core.RedisHash (preferred), or consider extending one of the following types with your repository: org.springframework.data.keyvalue.repository.KeyValueRepository
2025-08-27 00:23:09.015 INFO  o.s.d.r.config.RepositoryConfigurationDelegate    :213  [32m                  [0;39m Finished Spring Data repository scanning in 3 ms. Found 0 Redis repository interfaces.
2025-08-27 00:23:09.448 INFO  o.s.boot.web.embedded.tomcat.TomcatWebServer      :111  [32m                  [0;39m Tomcat initialized with port 8080 (http)
2025-08-27 00:23:09.454 INFO  org.apache.coyote.http11.Http11NioProtocol        :168  [32m                  [0;39m Initializing ProtocolHandler ["http-nio-8080"]
2025-08-27 00:23:09.455 INFO  org.apache.catalina.core.StandardService          :168  [32m                  [0;39m Starting service [Tomcat]
2025-08-27 00:23:09.455 INFO  org.apache.catalina.core.StandardEngine           :168  [32m                  [0;39m Starting Servlet engine: [Apache Tomcat/10.1.42]
2025-08-27 00:23:09.471 INFO  o.a.c.core.ContainerBase.[Tomcat].[localhost].[/] :168  [32m                  [0;39m Initializing Spring embedded WebApplicationContext
2025-08-27 00:23:09.471 INFO  o.s.b.w.s.c.ServletWebServerApplicationContext    :301  [32m                  [0;39m Root WebApplicationContext: initialization completed in 923 ms
2025-08-27 00:23:09.515 INFO  o.s.b.d.autoconfigure.OptionalLiveReloadServer    :59   [32m                  [0;39m LiveReload server is running on port 35729
2025-08-27 00:23:09.568 INFO  com.zaxxer.hikari.HikariDataSource                :109  [32m                  [0;39m HikariPool-1 - Starting...
2025-08-27 00:23:12.674 INFO  com.zaxxer.hikari.pool.HikariPool                 :575  [32m                  [0;39m HikariPool-1 - Added connection com.mysql.cj.jdbc.ConnectionImpl@57111f58
2025-08-27 00:23:12.676 INFO  com.zaxxer.hikari.HikariDataSource                :122  [32m                  [0;39m HikariPool-1 - Start completed.
2025-08-27 00:23:12.699 INFO  org.hibernate.jpa.internal.util.LogHelper         :31   [32m                  [0;39m HHH000204: Processing PersistenceUnitInfo [name: default]
2025-08-27 00:23:12.726 INFO  org.hibernate.Version                             :44   [32m                  [0;39m HHH000412: Hibernate ORM core version 6.6.18.Final
2025-08-27 00:23:12.741 INFO  o.hibernate.cache.internal.RegionFactoryInitiator :50   [32m                  [0;39m HHH000026: Second-level cache disabled
2025-08-27 00:23:12.857 INFO  o.s.o.j.persistenceunit.SpringPersistenceUnitInfo :87   [32m                  [0;39m No LoadTimeWeaver setup: ignoring JPA class transformer
2025-08-27 00:23:13.532 INFO  org.hibernate.orm.connections.pooling             :163  [32m                  [0;39m HHH10001005: Database info:
	Database JDBC URL [Connecting through datasource 'HikariDataSource (HikariPool-1)']
	Database driver: undefined/unknown
	Database version: 8.0.36
	Autocommit mode: undefined/unknown
	Isolation level: undefined/unknown
	Minimum pool size: undefined/unknown
	Maximum pool size: undefined/unknown
2025-08-27 00:23:13.535 DEBUG o.h.type.descriptor.sql.spi.DdlTypeRegistry       :64   [32m                  [0;39m addDescriptor(12, org.hibernate.type.descriptor.sql.internal.CapacityDependentDdlType@180532ce) replaced previous registration(org.hibernate.type.descriptor.sql.internal.CapacityDependentDdlType@aa9710d)
2025-08-27 00:23:13.535 DEBUG o.h.type.descriptor.sql.spi.DdlTypeRegistry       :64   [32m                  [0;39m addDescriptor(-9, org.hibernate.type.descriptor.sql.internal.CapacityDependentDdlType@1c088255) replaced previous registration(org.hibernate.type.descriptor.sql.internal.CapacityDependentDdlType@1180c075)
2025-08-27 00:23:13.535 DEBUG o.h.type.descriptor.sql.spi.DdlTypeRegistry       :64   [32m                  [0;39m addDescriptor(-3, org.hibernate.type.descriptor.sql.internal.CapacityDependentDdlType@20a213c9) replaced previous registration(org.hibernate.type.descriptor.sql.internal.CapacityDependentDdlType@61c23fc9)
2025-08-27 00:23:13.535 DEBUG o.h.type.descriptor.sql.spi.DdlTypeRegistry       :64   [32m                  [0;39m addDescriptor(4003, org.hibernate.type.descriptor.sql.internal.DdlTypeImpl@3980138e) replaced previous registration(org.hibernate.type.descriptor.sql.internal.DdlTypeImpl@2e14efa3)
2025-08-27 00:23:13.535 DEBUG o.h.type.descriptor.sql.spi.DdlTypeRegistry       :64   [32m                  [0;39m addDescriptor(4001, org.hibernate.type.descriptor.sql.internal.DdlTypeImpl@1e989df3) replaced previous registration(org.hibernate.type.descriptor.sql.internal.DdlTypeImpl@6e54d59e)
2025-08-27 00:23:13.535 DEBUG o.h.type.descriptor.sql.spi.DdlTypeRegistry       :64   [32m                  [0;39m addDescriptor(4002, org.hibernate.type.descriptor.sql.internal.DdlTypeImpl@57f1b7b9) replaced previous registration(org.hibernate.type.descriptor.sql.internal.DdlTypeImpl@5e912313)
2025-08-27 00:23:13.535 DEBUG o.h.type.descriptor.sql.spi.DdlTypeRegistry       :64   [32m                  [0;39m addDescriptor(2004, org.hibernate.type.descriptor.sql.internal.CapacityDependentDdlType@43c5a37) replaced previous registration(org.hibernate.type.descriptor.sql.internal.DdlTypeImpl@4c8c970b)
2025-08-27 00:23:13.536 DEBUG o.h.type.descriptor.sql.spi.DdlTypeRegistry       :64   [32m                  [0;39m addDescriptor(2005, org.hibernate.type.descriptor.sql.internal.CapacityDependentDdlType@161abd5c) replaced previous registration(org.hibernate.type.descriptor.sql.internal.DdlTypeImpl@41448d37)
2025-08-27 00:23:13.536 DEBUG o.h.type.descriptor.sql.spi.DdlTypeRegistry       :64   [32m                  [0;39m addDescriptor(2011, org.hibernate.type.descriptor.sql.internal.CapacityDependentDdlType@27cf9aca) replaced previous registration(org.hibernate.type.descriptor.sql.internal.DdlTypeImpl@f5375f7)
2025-08-27 00:23:13.949 INFO  o.h.e.t.jta.platform.internal.JtaPlatformInitiator:59   [32m                  [0;39m HHH000489: No JTA platform available (set 'hibernate.transaction.jta.platform' to enable JTA platform integration)
2025-08-27 00:23:13.951 INFO  o.s.orm.jpa.LocalContainerEntityManagerFactoryBean:447  [32m                  [0;39m Initialized JPA EntityManagerFactory for persistence unit 'default'
2025-08-27 00:23:14.349 WARN  o.s.b.w.s.c.AnnotationConfigServletWebServerApplicationContext:635  [32m                  [0;39m Exception encountered during context initialization - cancelling refresh attempt: org.springframework.beans.factory.UnsatisfiedDependencyException: Error creating bean with name 'aiController': Unsatisfied dependency expressed through field 'aiAssistant': Error creating bean with name 'aiAssistant': FactoryBean threw exception on object creation
2025-08-27 00:23:14.353 INFO  o.s.orm.jpa.LocalContainerEntityManagerFactoryBean:660  [32m                  [0;39m Closing JPA EntityManagerFactory for persistence unit 'default'
2025-08-27 00:23:14.355 INFO  com.zaxxer.hikari.HikariDataSource                :349  [32m                  [0;39m HikariPool-1 - Shutdown initiated...
2025-08-27 00:23:14.987 INFO  com.zaxxer.hikari.HikariDataSource                :351  [32m                  [0;39m HikariPool-1 - Shutdown completed.
2025-08-27 00:23:14.993 INFO  org.apache.catalina.core.StandardService          :168  [32m                  [0;39m Stopping service [Tomcat]
2025-08-27 00:23:15.005 INFO  o.s.b.a.logging.ConditionEvaluationReportLogger   :82   [32m                  [0;39m 

Error starting ApplicationContext. To display the condition evaluation report re-run your application with 'debug' enabled.
2025-08-27 00:23:15.014 ERROR org.springframework.boot.SpringApplication        :857  [32m                  [0;39m Application run failed
org.springframework.beans.factory.UnsatisfiedDependencyException: Error creating bean with name 'aiController': Unsatisfied dependency expressed through field 'aiAssistant': Error creating bean with name 'aiAssistant': FactoryBean threw exception on object creation
	at org.springframework.beans.factory.annotation.AutowiredAnnotationBeanPostProcessor$AutowiredFieldElement.resolveFieldValue(AutowiredAnnotationBeanPostProcessor.java:788)
	at org.springframework.beans.factory.annotation.AutowiredAnnotationBeanPostProcessor$AutowiredFieldElement.inject(AutowiredAnnotationBeanPostProcessor.java:768)
	at org.springframework.beans.factory.annotation.InjectionMetadata.inject(InjectionMetadata.java:146)
	at org.springframework.beans.factory.annotation.AutowiredAnnotationBeanPostProcessor.postProcessProperties(AutowiredAnnotationBeanPostProcessor.java:509)
	at org.springframework.beans.factory.support.AbstractAutowireCapableBeanFactory.populateBean(AbstractAutowireCapableBeanFactory.java:1459)
	at org.springframework.beans.factory.support.AbstractAutowireCapableBeanFactory.doCreateBean(AbstractAutowireCapableBeanFactory.java:606)
	at org.springframework.beans.factory.support.AbstractAutowireCapableBeanFactory.createBean(AbstractAutowireCapableBeanFactory.java:529)
	at org.springframework.beans.factory.support.AbstractBeanFactory.lambda$doGetBean$0(AbstractBeanFactory.java:339)
	at org.springframework.beans.factory.support.DefaultSingletonBeanRegistry.getSingleton(DefaultSingletonBeanRegistry.java:373)
	at org.springframework.beans.factory.support.AbstractBeanFactory.doGetBean(AbstractBeanFactory.java:337)
	at org.springframework.beans.factory.support.AbstractBeanFactory.getBean(AbstractBeanFactory.java:202)
	at org.springframework.beans.factory.support.DefaultListableBeanFactory.instantiateSingleton(DefaultListableBeanFactory.java:1222)
	at org.springframework.beans.factory.support.DefaultListableBeanFactory.preInstantiateSingleton(DefaultListableBeanFactory.java:1188)
	at org.springframework.beans.factory.support.DefaultListableBeanFactory.preInstantiateSingletons(DefaultListableBeanFactory.java:1123)
	at org.springframework.context.support.AbstractApplicationContext.finishBeanFactoryInitialization(AbstractApplicationContext.java:987)
	at org.springframework.context.support.AbstractApplicationContext.refresh(AbstractApplicationContext.java:627)
	at org.springframework.boot.web.servlet.context.ServletWebServerApplicationContext.refresh(ServletWebServerApplicationContext.java:146)
	at org.springframework.boot.SpringApplication.refresh(SpringApplication.java:752)
	at org.springframework.boot.SpringApplication.refreshContext(SpringApplication.java:439)
	at org.springframework.boot.SpringApplication.run(SpringApplication.java:318)
	at com.matt.wiki.WikiApplication.main(WikiApplication.java:27)
	at java.base/jdk.internal.reflect.DirectMethodHandleAccessor.invoke(DirectMethodHandleAccessor.java:104)
	at java.base/java.lang.reflect.Method.invoke(Method.java:578)
	at org.springframework.boot.devtools.restart.RestartLauncher.run(RestartLauncher.java:50)
Caused by: org.springframework.beans.factory.BeanCreationException: Error creating bean with name 'aiAssistant': FactoryBean threw exception on object creation
	at org.springframework.beans.factory.support.FactoryBeanRegistrySupport.doGetObjectFromFactoryBean(FactoryBeanRegistrySupport.java:206)
	at org.springframework.beans.factory.support.FactoryBeanRegistrySupport.getObjectFromFactoryBean(FactoryBeanRegistrySupport.java:133)
	at org.springframework.beans.factory.support.AbstractBeanFactory.getObjectForBeanInstance(AbstractBeanFactory.java:1896)
	at org.springframework.beans.factory.support.AbstractAutowireCapableBeanFactory.getObjectForBeanInstance(AbstractAutowireCapableBeanFactory.java:1316)
	at org.springframework.beans.factory.support.AbstractBeanFactory.doGetBean(AbstractBeanFactory.java:349)
	at org.springframework.beans.factory.support.AbstractBeanFactory.getBean(AbstractBeanFactory.java:202)
	at org.springframework.beans.factory.support.DefaultListableBeanFactory.doResolveDependency(DefaultListableBeanFactory.java:1683)
	at org.springframework.beans.factory.support.DefaultListableBeanFactory.resolveDependency(DefaultListableBeanFactory.java:1628)
	at org.springframework.beans.factory.annotation.AutowiredAnnotationBeanPostProcessor$AutowiredFieldElement.resolveFieldValue(AutowiredAnnotationBeanPostProcessor.java:785)
	... 23 common frames omitted
Caused by: dev.langchain4j.service.IllegalConfigurationException: In order to use @MemoryId, please configure the ChatMemoryProvider on the 'com.matt.wiki.aiservice.AiAssistant'.
	at dev.langchain4j.service.IllegalConfigurationException.illegalConfiguration(IllegalConfigurationException.java:18)
	at dev.langchain4j.service.DefaultAiServices.validateMethods(DefaultAiServices.java:116)
	at dev.langchain4j.service.DefaultAiServices.validate(DefaultAiServices.java:128)
	at dev.langchain4j.service.DefaultAiServices.build(DefaultAiServices.java:142)
	at dev.langchain4j.service.spring.AiServiceFactory.getObject(AiServiceFactory.java:117)
	at org.springframework.beans.factory.support.FactoryBeanRegistrySupport.doGetObjectFromFactoryBean(FactoryBeanRegistrySupport.java:200)
	... 31 common frames omitted
2025-08-27 00:23:30.255 INFO  org.hibernate.validator.internal.util.Version     :21   [32m                  [0;39m HV000001: Hibernate Validator 8.0.2.Final
2025-08-27 00:23:30.273 INFO  com.matt.wiki.WikiApplication                     :53   [32m                  [0;39m Starting WikiApplication using Java 20.0.1 with PID 5955 (/Users/yushuzhan/Documents/GitHub/FullStackPractices/wiki/target/classes started by yushuzhan in /Users/yushuzhan/Documents/GitHub/FullStackPractices/wiki)
2025-08-27 00:23:30.274 INFO  com.matt.wiki.WikiApplication                     :652  [32m                  [0;39m No active profile set, falling back to 1 default profile: "default"
2025-08-27 00:23:30.295 INFO  o.s.boot.devtools.restart.ChangeableUrls          :252  [32m                  [0;39m The Class-Path manifest attribute in /Users/yushuzhan/.m2/repository/org/apache/opennlp/opennlp-tools/2.5.4/opennlp-tools-2.5.4.jar referenced one or more files that do not exist: file:/Users/yushuzhan/.m2/repository/org/apache/opennlp/opennlp-tools/2.5.4/slf4j-api-2.0.17.jar
2025-08-27 00:23:30.295 INFO  o.s.b.d.env.DevToolsPropertyDefaultsPostProcessor :252  [32m                  [0;39m Devtools property defaults active! Set 'spring.devtools.add-properties' to 'false' to disable
2025-08-27 00:23:30.296 INFO  o.s.b.d.env.DevToolsPropertyDefaultsPostProcessor :252  [32m                  [0;39m For additional web related logging consider setting the 'logging.level.web' property to 'DEBUG'
2025-08-27 00:23:30.705 INFO  o.s.d.r.config.RepositoryConfigurationDelegate    :294  [32m                  [0;39m Multiple Spring Data modules found, entering strict repository configuration mode
2025-08-27 00:23:30.706 INFO  o.s.d.r.config.RepositoryConfigurationDelegate    :145  [32m                  [0;39m Bootstrapping Spring Data JPA repositories in DEFAULT mode.
2025-08-27 00:23:30.769 INFO  o.s.d.r.config.RepositoryConfigurationDelegate    :213  [32m                  [0;39m Finished Spring Data repository scanning in 59 ms. Found 3 JPA repository interfaces.
2025-08-27 00:23:30.776 INFO  o.s.d.r.config.RepositoryConfigurationDelegate    :294  [32m                  [0;39m Multiple Spring Data modules found, entering strict repository configuration mode
2025-08-27 00:23:30.776 INFO  o.s.d.r.config.RepositoryConfigurationDelegate    :145  [32m                  [0;39m Bootstrapping Spring Data Redis repositories in DEFAULT mode.
2025-08-27 00:23:30.783 INFO  o.s.d.r.c.RepositoryConfigurationExtensionSupport :327  [32m                  [0;39m Spring Data Redis - Could not safely identify store assignment for repository candidate interface com.matt.wiki.repository.BaseRepository; If you want this repository to be a Redis repository, consider annotating your entities with one of these annotations: org.springframework.data.redis.core.RedisHash (preferred), or consider extending one of the following types with your repository: org.springframework.data.keyvalue.repository.KeyValueRepository
2025-08-27 00:23:30.783 INFO  o.s.d.r.c.RepositoryConfigurationExtensionSupport :327  [32m                  [0;39m Spring Data Redis - Could not safely identify store assignment for repository candidate interface com.matt.wiki.repository.ChatHistoryRepository; If you want this repository to be a Redis repository, consider annotating your entities with one of these annotations: org.springframework.data.redis.core.RedisHash (preferred), or consider extending one of the following types with your repository: org.springframework.data.keyvalue.repository.KeyValueRepository
2025-08-27 00:23:30.783 INFO  o.s.d.r.c.RepositoryConfigurationExtensionSupport :327  [32m                  [0;39m Spring Data Redis - Could not safely identify store assignment for repository candidate interface com.matt.wiki.repository.GuestRegisterRepository; If you want this repository to be a Redis repository, consider annotating your entities with one of these annotations: org.springframework.data.redis.core.RedisHash (preferred), or consider extending one of the following types with your repository: org.springframework.data.keyvalue.repository.KeyValueRepository
2025-08-27 00:23:30.783 INFO  o.s.d.r.config.RepositoryConfigurationDelegate    :213  [32m                  [0;39m Finished Spring Data repository scanning in 3 ms. Found 0 Redis repository interfaces.
2025-08-27 00:23:31.166 INFO  o.s.boot.web.embedded.tomcat.TomcatWebServer      :111  [32m                  [0;39m Tomcat initialized with port 8080 (http)
2025-08-27 00:23:31.171 INFO  org.apache.coyote.http11.Http11NioProtocol        :168  [32m                  [0;39m Initializing ProtocolHandler ["http-nio-8080"]
2025-08-27 00:23:31.172 INFO  org.apache.catalina.core.StandardService          :168  [32m                  [0;39m Starting service [Tomcat]
2025-08-27 00:23:31.172 INFO  org.apache.catalina.core.StandardEngine           :168  [32m                  [0;39m Starting Servlet engine: [Apache Tomcat/10.1.42]
2025-08-27 00:23:31.186 INFO  o.a.c.core.ContainerBase.[Tomcat].[localhost].[/] :168  [32m                  [0;39m Initializing Spring embedded WebApplicationContext
2025-08-27 00:23:31.186 INFO  o.s.b.w.s.c.ServletWebServerApplicationContext    :301  [32m                  [0;39m Root WebApplicationContext: initialization completed in 890 ms
2025-08-27 00:23:31.227 INFO  o.s.b.d.autoconfigure.OptionalLiveReloadServer    :59   [32m                  [0;39m LiveReload server is running on port 35729
2025-08-27 00:23:31.283 INFO  com.zaxxer.hikari.HikariDataSource                :109  [32m                  [0;39m HikariPool-1 - Starting...
2025-08-27 00:23:33.970 INFO  com.zaxxer.hikari.pool.HikariPool                 :575  [32m                  [0;39m HikariPool-1 - Added connection com.mysql.cj.jdbc.ConnectionImpl@270f18e8
2025-08-27 00:23:33.971 INFO  com.zaxxer.hikari.HikariDataSource                :122  [32m                  [0;39m HikariPool-1 - Start completed.
2025-08-27 00:23:33.992 INFO  org.hibernate.jpa.internal.util.LogHelper         :31   [32m                  [0;39m HHH000204: Processing PersistenceUnitInfo [name: default]
2025-08-27 00:23:34.022 INFO  org.hibernate.Version                             :44   [32m                  [0;39m HHH000412: Hibernate ORM core version 6.6.18.Final
2025-08-27 00:23:34.039 INFO  o.hibernate.cache.internal.RegionFactoryInitiator :50   [32m                  [0;39m HHH000026: Second-level cache disabled
2025-08-27 00:23:34.148 INFO  o.s.o.j.persistenceunit.SpringPersistenceUnitInfo :87   [32m                  [0;39m No LoadTimeWeaver setup: ignoring JPA class transformer
2025-08-27 00:23:34.742 INFO  org.hibernate.orm.connections.pooling             :163  [32m                  [0;39m HHH10001005: Database info:
	Database JDBC URL [Connecting through datasource 'HikariDataSource (HikariPool-1)']
	Database driver: undefined/unknown
	Database version: 8.0.36
	Autocommit mode: undefined/unknown
	Isolation level: undefined/unknown
	Minimum pool size: undefined/unknown
	Maximum pool size: undefined/unknown
2025-08-27 00:23:34.749 DEBUG o.h.type.descriptor.sql.spi.DdlTypeRegistry       :64   [32m                  [0;39m addDescriptor(12, org.hibernate.type.descriptor.sql.internal.CapacityDependentDdlType@7a25a07a) replaced previous registration(org.hibernate.type.descriptor.sql.internal.CapacityDependentDdlType@4bd49f5f)
2025-08-27 00:23:34.749 DEBUG o.h.type.descriptor.sql.spi.DdlTypeRegistry       :64   [32m                  [0;39m addDescriptor(-9, org.hibernate.type.descriptor.sql.internal.CapacityDependentDdlType@39ec8f4a) replaced previous registration(org.hibernate.type.descriptor.sql.internal.CapacityDependentDdlType@1b4dbd6d)
2025-08-27 00:23:34.749 DEBUG o.h.type.descriptor.sql.spi.DdlTypeRegistry       :64   [32m                  [0;39m addDescriptor(-3, org.hibernate.type.descriptor.sql.internal.CapacityDependentDdlType@4c3cf80e) replaced previous registration(org.hibernate.type.descriptor.sql.internal.CapacityDependentDdlType@23fda8b1)
2025-08-27 00:23:34.749 DEBUG o.h.type.descriptor.sql.spi.DdlTypeRegistry       :64   [32m                  [0;39m addDescriptor(4003, org.hibernate.type.descriptor.sql.internal.DdlTypeImpl@7e36e55b) replaced previous registration(org.hibernate.type.descriptor.sql.internal.DdlTypeImpl@8669925)
2025-08-27 00:23:34.749 DEBUG o.h.type.descriptor.sql.spi.DdlTypeRegistry       :64   [32m                  [0;39m addDescriptor(4001, org.hibernate.type.descriptor.sql.internal.DdlTypeImpl@23b1fcaf) replaced previous registration(org.hibernate.type.descriptor.sql.internal.DdlTypeImpl@6dc77048)
2025-08-27 00:23:34.750 DEBUG o.h.type.descriptor.sql.spi.DdlTypeRegistry       :64   [32m                  [0;39m addDescriptor(4002, org.hibernate.type.descriptor.sql.internal.DdlTypeImpl@24125c96) replaced previous registration(org.hibernate.type.descriptor.sql.internal.DdlTypeImpl@18015680)
2025-08-27 00:23:34.750 DEBUG o.h.type.descriptor.sql.spi.DdlTypeRegistry       :64   [32m                  [0;39m addDescriptor(2004, org.hibernate.type.descriptor.sql.internal.CapacityDependentDdlType@347985ab) replaced previous registration(org.hibernate.type.descriptor.sql.internal.DdlTypeImpl@626af65c)
2025-08-27 00:23:34.750 DEBUG o.h.type.descriptor.sql.spi.DdlTypeRegistry       :64   [32m                  [0;39m addDescriptor(2005, org.hibernate.type.descriptor.sql.internal.CapacityDependentDdlType@54aae06b) replaced previous registration(org.hibernate.type.descriptor.sql.internal.DdlTypeImpl@460d0928)
2025-08-27 00:23:34.750 DEBUG o.h.type.descriptor.sql.spi.DdlTypeRegistry       :64   [32m                  [0;39m addDescriptor(2011, org.hibernate.type.descriptor.sql.internal.CapacityDependentDdlType@3ea1889f) replaced previous registration(org.hibernate.type.descriptor.sql.internal.DdlTypeImpl@b4c5101)
2025-08-27 00:23:35.151 INFO  o.h.e.t.jta.platform.internal.JtaPlatformInitiator:59   [32m                  [0;39m HHH000489: No JTA platform available (set 'hibernate.transaction.jta.platform' to enable JTA platform integration)
2025-08-27 00:23:35.152 INFO  o.s.orm.jpa.LocalContainerEntityManagerFactoryBean:447  [32m                  [0;39m Initialized JPA EntityManagerFactory for persistence unit 'default'
2025-08-27 00:23:35.870 WARN  o.s.b.a.o.j.JpaBaseConfiguration$JpaWebConfiguration:258  [32m                  [0;39m spring.jpa.open-in-view is enabled by default. Therefore, database queries may be performed during view rendering. Explicitly configure spring.jpa.open-in-view to disable this warning
2025-08-27 00:23:36.168 INFO  org.apache.coyote.http11.Http11NioProtocol        :168  [32m                  [0;39m Starting ProtocolHandler ["http-nio-8080"]
2025-08-27 00:23:36.174 INFO  o.s.boot.web.embedded.tomcat.TomcatWebServer      :243  [32m                  [0;39m Tomcat started on port 8080 (http) with context path '/'
2025-08-27 00:23:36.181 INFO  com.matt.wiki.WikiApplication                     :59   [32m                  [0;39m Started WikiApplication in 6.125 seconds (process running for 6.399)
2025-08-27 00:23:36.182 INFO  com.matt.wiki.WikiApplication                     :168  [32m                  [0;39m Start Successful
2025-08-27 00:23:36.182 INFO  com.matt.wiki.WikiApplication                     :168  [32m                  [0;39m 地址:	http://127.0.0.1:8080
2025-08-27 00:23:44.922 INFO  o.a.c.core.ContainerBase.[Tomcat].[localhost].[/] :168  [32m                  [0;39m Initializing Spring DispatcherServlet 'dispatcherServlet'
2025-08-27 00:23:44.923 INFO  org.springframework.web.servlet.DispatcherServlet :532  [32m                  [0;39m Initializing Servlet 'dispatcherServlet'
2025-08-27 00:23:44.924 INFO  org.springframework.web.servlet.DispatcherServlet :554  [32m                  [0;39m Completed initialization in 1 ms
2025-08-27 00:23:44.950 INFO  com.matt.wiki.aspect.LogAspect                    :53   [32m615551965379825664[0;39m ------------- 开始 -------------
2025-08-27 00:23:44.950 INFO  com.matt.wiki.aspect.LogAspect                    :54   [32m615551965379825664[0;39m 请求地址: http://localhost:8080/ai/chat-stream GET
2025-08-27 00:23:44.950 INFO  com.matt.wiki.aspect.LogAspect                    :55   [32m615551965379825664[0;39m 类名方法: com.matt.wiki.controller.AiController.chatStream
2025-08-27 00:23:44.950 INFO  com.matt.wiki.aspect.LogAspect                    :56   [32m615551965379825664[0;39m 远程地址: 0:0:0:0:0:0:0:1
2025-08-27 00:23:44.968 INFO  com.matt.wiki.aspect.LogAspect                    :82   [32m615551965379825664[0;39m 请求参数: ["我想预约，张三，电话15926499414，邮箱：774364662@qq.com，离婚，悉尼，紧急","111"]
2025-08-27 00:23:47.434 DEBUG org.hibernate.SQL                                 :135  [32m615551965379825664[0;39m 
    select
        che1_0.id,
        che1_0.content,
        che1_0.created_date,
        che1_0.role,
        che1_0.session_id,
        che1_0.updated_date 
    from
        chat_history che1_0 
    where
        che1_0.session_id=? 
    order by
        che1_0.id desc 
    limit
        ?
2025-08-27 00:23:48.045 INFO  com.matt.wiki.util.ChatHistoryTools               :33   [32m615551965379825664[0;39m ========getChatHistory[]
2025-08-27 00:23:51.648 INFO  com.matt.wiki.service.CategoryService             :38   [32m615551965379825664[0;39m ----IntentionOutput(intention=1, output=为便于安排，请告知：①希望时间（日期+时段或线上/线下）。收到后我会查询空闲并回覆可选时段。您提到的情况紧急且涉及离婚事宜，我们会尽快处理。)
2025-08-27 00:23:55.487 DEBUG org.hibernate.SQL                                 :135  [32m615551965379825664[0;39m 
    select
        che1_0.id,
        che1_0.content,
        che1_0.created_date,
        che1_0.role,
        che1_0.session_id,
        che1_0.updated_date 
    from
        chat_history che1_0 
    where
        che1_0.session_id=? 
    order by
        che1_0.id desc 
    limit
        ?
2025-08-27 00:23:55.732 INFO  com.matt.wiki.util.ChatHistoryTools               :33   [32m615551965379825664[0;39m ========getChatHistory[]
2025-08-27 00:24:00.014 INFO  com.matt.wiki.job.EbookSnapshotJob                :31   [32m615552028567015424[0;39m 生成今日电子书快照开始
2025-08-27 00:24:00.302 DEBUG c.m.w.mapper.EbookSnapshotMapperCust.genSnapshot  :135  [32m615552028567015424[0;39m ==>  Preparing: insert into ebook_snapshot(ebook_id, `date`, view_count, vote_count, view_increase, vote_increase) select t1.id, curdate(), 0, 0, 0, 0 from ebook t1 where not exists(select 1 from ebook_snapshot t2 where t1.id = t2.ebook_id and t2.`date` = curdate()); update ebook_snapshot t1, ebook t2 set t1.view_count = t2.view_count, t1.vote_count = t2.vote_count where t1.`date` = curdate() and t1.ebook_id = t2.id; update ebook_snapshot t1 left join (select ebook_id, view_count, vote_count from ebook_snapshot where `date` = date_sub(curdate(), interval 1 day)) t2 on t1.ebook_id = t2.ebook_id set t1.view_increase = (t1.view_count - ifnull(t2.view_count, 0)), t1.vote_increase = (t1.vote_count - ifnull(t2.vote_count, 0)) where t1.`date` = curdate();
2025-08-27 00:24:00.317 DEBUG c.m.w.mapper.EbookSnapshotMapperCust.genSnapshot  :135  [32m615552028567015424[0;39m ==> Parameters: 
2025-08-27 00:24:00.917 DEBUG c.m.w.mapper.EbookSnapshotMapperCust.genSnapshot  :135  [32m615552028567015424[0;39m <==    Updates: 0
2025-08-27 00:24:00.919 INFO  com.matt.wiki.job.EbookSnapshotJob                :34   [32m615552028567015424[0;39m 生成今日电子书快照结束，耗时：904毫秒
2025-08-27 00:24:00.921 INFO  com.matt.wiki.job.DocJob                          :30   [32m615552032371249152[0;39m 更新电子书下的文档数据开始
2025-08-27 00:24:00.922 DEBUG c.matt.wiki.mapper.DocMapperCust.updateEbookInfo  :135  [32m615552032371249152[0;39m ==>  Preparing: update ebook t1, (select ebook_id, count(1) doc_count, sum(view_count) view_count, sum(vote_count) vote_count from doc group by ebook_id) t2 set t1.doc_count = t2.doc_count, t1.view_count = t2.view_count, t1.vote_count = t2.vote_count where t1.id = t2.ebook_id
2025-08-27 00:24:00.923 DEBUG c.matt.wiki.mapper.DocMapperCust.updateEbookInfo  :135  [32m615552032371249152[0;39m ==> Parameters: 
2025-08-27 00:24:01.670 DEBUG c.matt.wiki.mapper.DocMapperCust.updateEbookInfo  :135  [32m615552032371249152[0;39m <==    Updates: 1
2025-08-27 00:24:01.671 INFO  com.matt.wiki.job.DocJob                          :33   [32m615552032371249152[0;39m 更新电子书下的文档数据结束，耗时：749毫秒
2025-08-27 00:24:02.147 INFO  com.matt.wiki.service.CategoryService             :69   [32m615551965379825664[0;39m ----GuestRegisterOutput(output=已记录：张三，电话15926499414，邮箱774364662@qq.com，离婚案件，位于悉尼，情况紧急。登记已完成。我将为您查询合适的律师与时间，并通过您提供的联系方式与您确认。, UserName=张三, phone=15926499414, email=774364662@qq.com, caseType=Family (divorce), area=悉尼, language=zh, urgency=high, completed=true)
2025-08-27 00:24:02.513 DEBUG org.hibernate.SQL                                 :135  [32m615551965379825664[0;39m 
    insert 
    into
        clients
        (area, case_type, created_date, email, language, phone, updated_date, urgency, user_name) 
    values
        (?, ?, ?, ?, ?, ?, ?, ?, ?)
2025-08-27 00:24:03.679 INFO  com.matt.wiki.aspect.LogAspect                    :96   [32m615551965379825664[0;39m 返回结果: FluxJust
2025-08-27 00:24:03.679 INFO  com.matt.wiki.aspect.LogAspect                    :100  [32m615551965379825664[0;39m ------------- 结束 耗时：18730 ms -------------
2025-08-27 00:25:00.001 INFO  com.matt.wiki.job.EbookSnapshotJob                :31   [32m615552280170729472[0;39m 生成今日电子书快照开始
2025-08-27 00:25:00.290 DEBUG c.m.w.mapper.EbookSnapshotMapperCust.genSnapshot  :135  [32m615552280170729472[0;39m ==>  Preparing: insert into ebook_snapshot(ebook_id, `date`, view_count, vote_count, view_increase, vote_increase) select t1.id, curdate(), 0, 0, 0, 0 from ebook t1 where not exists(select 1 from ebook_snapshot t2 where t1.id = t2.ebook_id and t2.`date` = curdate()); update ebook_snapshot t1, ebook t2 set t1.view_count = t2.view_count, t1.vote_count = t2.vote_count where t1.`date` = curdate() and t1.ebook_id = t2.id; update ebook_snapshot t1 left join (select ebook_id, view_count, vote_count from ebook_snapshot where `date` = date_sub(curdate(), interval 1 day)) t2 on t1.ebook_id = t2.ebook_id set t1.view_increase = (t1.view_count - ifnull(t2.view_count, 0)), t1.vote_increase = (t1.vote_count - ifnull(t2.vote_count, 0)) where t1.`date` = curdate();
2025-08-27 00:25:00.292 DEBUG c.m.w.mapper.EbookSnapshotMapperCust.genSnapshot  :135  [32m615552280170729472[0;39m ==> Parameters: 
2025-08-27 00:25:01.021 DEBUG c.m.w.mapper.EbookSnapshotMapperCust.genSnapshot  :135  [32m615552280170729472[0;39m <==    Updates: 0
2025-08-27 00:25:01.022 INFO  com.matt.wiki.job.EbookSnapshotJob                :34   [32m615552280170729472[0;39m 生成今日电子书快照结束，耗时：1018毫秒
2025-08-27 00:25:01.022 INFO  com.matt.wiki.job.DocJob                          :30   [32m615552284453113856[0;39m 更新电子书下的文档数据开始
2025-08-27 00:25:01.023 DEBUG c.matt.wiki.mapper.DocMapperCust.updateEbookInfo  :135  [32m615552284453113856[0;39m ==>  Preparing: update ebook t1, (select ebook_id, count(1) doc_count, sum(view_count) view_count, sum(vote_count) vote_count from doc group by ebook_id) t2 set t1.doc_count = t2.doc_count, t1.view_count = t2.view_count, t1.vote_count = t2.vote_count where t1.id = t2.ebook_id
2025-08-27 00:25:01.024 DEBUG c.matt.wiki.mapper.DocMapperCust.updateEbookInfo  :135  [32m615552284453113856[0;39m ==> Parameters: 
2025-08-27 00:25:01.780 DEBUG c.matt.wiki.mapper.DocMapperCust.updateEbookInfo  :135  [32m615552284453113856[0;39m <==    Updates: 1
2025-08-27 00:25:01.782 INFO  com.matt.wiki.job.DocJob                          :33   [32m615552284453113856[0;39m 更新电子书下的文档数据结束，耗时：759毫秒
2025-08-27 00:25:13.683 INFO  o.s.boot.web.embedded.tomcat.GracefulShutdown     :54   [32m                  [0;39m Commencing graceful shutdown. Waiting for active requests to complete
2025-08-27 00:25:13.685 INFO  o.s.boot.web.embedded.tomcat.GracefulShutdown     :76   [32m                  [0;39m Graceful shutdown complete
2025-08-27 00:25:13.695 INFO  o.s.orm.jpa.LocalContainerEntityManagerFactoryBean:660  [32m                  [0;39m Closing JPA EntityManagerFactory for persistence unit 'default'
2025-08-27 00:25:13.697 INFO  com.zaxxer.hikari.HikariDataSource                :349  [32m                  [0;39m HikariPool-1 - Shutdown initiated...
2025-08-27 00:25:13.699 INFO  com.zaxxer.hikari.HikariDataSource                :351  [32m                  [0;39m HikariPool-1 - Shutdown completed.
2025-08-27 00:25:15.126 INFO  org.hibernate.validator.internal.util.Version     :21   [32m                  [0;39m HV000001: Hibernate Validator 8.0.2.Final
2025-08-27 00:25:15.152 INFO  com.matt.wiki.WikiApplication                     :53   [32m                  [0;39m Starting WikiApplication using Java 20.0.1 with PID 5969 (/Users/yushuzhan/Documents/GitHub/FullStackPractices/wiki/target/classes started by yushuzhan in /Users/yushuzhan/Documents/GitHub/FullStackPractices/wiki)
2025-08-27 00:25:15.152 INFO  com.matt.wiki.WikiApplication                     :652  [32m                  [0;39m No active profile set, falling back to 1 default profile: "default"
2025-08-27 00:25:15.181 INFO  o.s.boot.devtools.restart.ChangeableUrls          :252  [32m                  [0;39m The Class-Path manifest attribute in /Users/yushuzhan/.m2/repository/org/apache/opennlp/opennlp-tools/2.5.4/opennlp-tools-2.5.4.jar referenced one or more files that do not exist: file:/Users/yushuzhan/.m2/repository/org/apache/opennlp/opennlp-tools/2.5.4/slf4j-api-2.0.17.jar
2025-08-27 00:25:15.182 INFO  o.s.b.d.env.DevToolsPropertyDefaultsPostProcessor :252  [32m                  [0;39m Devtools property defaults active! Set 'spring.devtools.add-properties' to 'false' to disable
2025-08-27 00:25:15.182 INFO  o.s.b.d.env.DevToolsPropertyDefaultsPostProcessor :252  [32m                  [0;39m For additional web related logging consider setting the 'logging.level.web' property to 'DEBUG'
2025-08-27 00:25:15.759 INFO  o.s.d.r.config.RepositoryConfigurationDelegate    :294  [32m                  [0;39m Multiple Spring Data modules found, entering strict repository configuration mode
2025-08-27 00:25:15.761 INFO  o.s.d.r.config.RepositoryConfigurationDelegate    :145  [32m                  [0;39m Bootstrapping Spring Data JPA repositories in DEFAULT mode.
2025-08-27 00:25:15.861 INFO  o.s.d.r.config.RepositoryConfigurationDelegate    :213  [32m                  [0;39m Finished Spring Data repository scanning in 91 ms. Found 3 JPA repository interfaces.
2025-08-27 00:25:15.870 INFO  o.s.d.r.config.RepositoryConfigurationDelegate    :294  [32m                  [0;39m Multiple Spring Data modules found, entering strict repository configuration mode
2025-08-27 00:25:15.871 INFO  o.s.d.r.config.RepositoryConfigurationDelegate    :145  [32m                  [0;39m Bootstrapping Spring Data Redis repositories in DEFAULT mode.
2025-08-27 00:25:15.879 INFO  o.s.d.r.c.RepositoryConfigurationExtensionSupport :327  [32m                  [0;39m Spring Data Redis - Could not safely identify store assignment for repository candidate interface com.matt.wiki.repository.BaseRepository; If you want this repository to be a Redis repository, consider annotating your entities with one of these annotations: org.springframework.data.redis.core.RedisHash (preferred), or consider extending one of the following types with your repository: org.springframework.data.keyvalue.repository.KeyValueRepository
2025-08-27 00:25:15.879 INFO  o.s.d.r.c.RepositoryConfigurationExtensionSupport :327  [32m                  [0;39m Spring Data Redis - Could not safely identify store assignment for repository candidate interface com.matt.wiki.repository.ChatHistoryRepository; If you want this repository to be a Redis repository, consider annotating your entities with one of these annotations: org.springframework.data.redis.core.RedisHash (preferred), or consider extending one of the following types with your repository: org.springframework.data.keyvalue.repository.KeyValueRepository
2025-08-27 00:25:15.880 INFO  o.s.d.r.c.RepositoryConfigurationExtensionSupport :327  [32m                  [0;39m Spring Data Redis - Could not safely identify store assignment for repository candidate interface com.matt.wiki.repository.GuestRegisterRepository; If you want this repository to be a Redis repository, consider annotating your entities with one of these annotations: org.springframework.data.redis.core.RedisHash (preferred), or consider extending one of the following types with your repository: org.springframework.data.keyvalue.repository.KeyValueRepository
2025-08-27 00:25:15.880 INFO  o.s.d.r.config.RepositoryConfigurationDelegate    :213  [32m                  [0;39m Finished Spring Data repository scanning in 3 ms. Found 0 Redis repository interfaces.
2025-08-27 00:25:16.334 INFO  o.s.boot.web.embedded.tomcat.TomcatWebServer      :111  [32m                  [0;39m Tomcat initialized with port 8080 (http)
2025-08-27 00:25:16.341 INFO  org.apache.coyote.http11.Http11NioProtocol        :168  [32m                  [0;39m Initializing ProtocolHandler ["http-nio-8080"]
2025-08-27 00:25:16.342 INFO  org.apache.catalina.core.StandardService          :168  [32m                  [0;39m Starting service [Tomcat]
2025-08-27 00:25:16.343 INFO  org.apache.catalina.core.StandardEngine           :168  [32m                  [0;39m Starting Servlet engine: [Apache Tomcat/10.1.42]
2025-08-27 00:25:16.362 INFO  o.a.c.core.ContainerBase.[Tomcat].[localhost].[/] :168  [32m                  [0;39m Initializing Spring embedded WebApplicationContext
2025-08-27 00:25:16.363 INFO  o.s.b.w.s.c.ServletWebServerApplicationContext    :301  [32m                  [0;39m Root WebApplicationContext: initialization completed in 1181 ms
2025-08-27 00:25:16.421 INFO  o.s.b.d.autoconfigure.OptionalLiveReloadServer    :59   [32m                  [0;39m LiveReload server is running on port 35729
2025-08-27 00:25:16.500 INFO  com.zaxxer.hikari.HikariDataSource                :109  [32m                  [0;39m HikariPool-1 - Starting...
2025-08-27 00:25:19.372 INFO  com.zaxxer.hikari.pool.HikariPool                 :575  [32m                  [0;39m HikariPool-1 - Added connection com.mysql.cj.jdbc.ConnectionImpl@19d0ac2d
2025-08-27 00:25:19.374 INFO  com.zaxxer.hikari.HikariDataSource                :122  [32m                  [0;39m HikariPool-1 - Start completed.
2025-08-27 00:25:19.406 INFO  org.hibernate.jpa.internal.util.LogHelper         :31   [32m                  [0;39m HHH000204: Processing PersistenceUnitInfo [name: default]
2025-08-27 00:25:19.438 INFO  org.hibernate.Version                             :44   [32m                  [0;39m HHH000412: Hibernate ORM core version 6.6.18.Final
2025-08-27 00:25:19.454 INFO  o.hibernate.cache.internal.RegionFactoryInitiator :50   [32m                  [0;39m HHH000026: Second-level cache disabled
2025-08-27 00:25:19.576 INFO  o.s.o.j.persistenceunit.SpringPersistenceUnitInfo :87   [32m                  [0;39m No LoadTimeWeaver setup: ignoring JPA class transformer
2025-08-27 00:25:20.204 INFO  org.hibernate.orm.connections.pooling             :163  [32m                  [0;39m HHH10001005: Database info:
	Database JDBC URL [Connecting through datasource 'HikariDataSource (HikariPool-1)']
	Database driver: undefined/unknown
	Database version: 8.0.36
	Autocommit mode: undefined/unknown
	Isolation level: undefined/unknown
	Minimum pool size: undefined/unknown
	Maximum pool size: undefined/unknown
2025-08-27 00:25:20.210 DEBUG o.h.type.descriptor.sql.spi.DdlTypeRegistry       :64   [32m                  [0;39m addDescriptor(12, org.hibernate.type.descriptor.sql.internal.CapacityDependentDdlType@aa9710d) replaced previous registration(org.hibernate.type.descriptor.sql.internal.CapacityDependentDdlType@1c088255)
2025-08-27 00:25:20.210 DEBUG o.h.type.descriptor.sql.spi.DdlTypeRegistry       :64   [32m                  [0;39m addDescriptor(-9, org.hibernate.type.descriptor.sql.internal.CapacityDependentDdlType@1180c075) replaced previous registration(org.hibernate.type.descriptor.sql.internal.CapacityDependentDdlType@20a213c9)
2025-08-27 00:25:20.210 DEBUG o.h.type.descriptor.sql.spi.DdlTypeRegistry       :64   [32m                  [0;39m addDescriptor(-3, org.hibernate.type.descriptor.sql.internal.CapacityDependentDdlType@61c23fc9) replaced previous registration(org.hibernate.type.descriptor.sql.internal.CapacityDependentDdlType@3980138e)
2025-08-27 00:25:20.210 DEBUG o.h.type.descriptor.sql.spi.DdlTypeRegistry       :64   [32m                  [0;39m addDescriptor(4003, org.hibernate.type.descriptor.sql.internal.DdlTypeImpl@2e14efa3) replaced previous registration(org.hibernate.type.descriptor.sql.internal.DdlTypeImpl@1e989df3)
2025-08-27 00:25:20.210 DEBUG o.h.type.descriptor.sql.spi.DdlTypeRegistry       :64   [32m                  [0;39m addDescriptor(4001, org.hibernate.type.descriptor.sql.internal.DdlTypeImpl@6e54d59e) replaced previous registration(org.hibernate.type.descriptor.sql.internal.DdlTypeImpl@57f1b7b9)
2025-08-27 00:25:20.210 DEBUG o.h.type.descriptor.sql.spi.DdlTypeRegistry       :64   [32m                  [0;39m addDescriptor(4002, org.hibernate.type.descriptor.sql.internal.DdlTypeImpl@5e912313) replaced previous registration(org.hibernate.type.descriptor.sql.internal.DdlTypeImpl@43c5a37)
2025-08-27 00:25:20.210 DEBUG o.h.type.descriptor.sql.spi.DdlTypeRegistry       :64   [32m                  [0;39m addDescriptor(2004, org.hibernate.type.descriptor.sql.internal.CapacityDependentDdlType@4c8c970b) replaced previous registration(org.hibernate.type.descriptor.sql.internal.DdlTypeImpl@161abd5c)
2025-08-27 00:25:20.210 DEBUG o.h.type.descriptor.sql.spi.DdlTypeRegistry       :64   [32m                  [0;39m addDescriptor(2005, org.hibernate.type.descriptor.sql.internal.CapacityDependentDdlType@41448d37) replaced previous registration(org.hibernate.type.descriptor.sql.internal.DdlTypeImpl@27cf9aca)
2025-08-27 00:25:20.211 DEBUG o.h.type.descriptor.sql.spi.DdlTypeRegistry       :64   [32m                  [0;39m addDescriptor(2011, org.hibernate.type.descriptor.sql.internal.CapacityDependentDdlType@f5375f7) replaced previous registration(org.hibernate.type.descriptor.sql.internal.DdlTypeImpl@4c60d91c)
2025-08-27 00:25:20.791 INFO  o.h.e.t.jta.platform.internal.JtaPlatformInitiator:59   [32m                  [0;39m HHH000489: No JTA platform available (set 'hibernate.transaction.jta.platform' to enable JTA platform integration)
2025-08-27 00:25:20.792 INFO  o.s.orm.jpa.LocalContainerEntityManagerFactoryBean:447  [32m                  [0;39m Initialized JPA EntityManagerFactory for persistence unit 'default'
2025-08-27 00:25:21.391 WARN  o.s.b.a.o.j.JpaBaseConfiguration$JpaWebConfiguration:258  [32m                  [0;39m spring.jpa.open-in-view is enabled by default. Therefore, database queries may be performed during view rendering. Explicitly configure spring.jpa.open-in-view to disable this warning
2025-08-27 00:25:21.704 INFO  org.apache.coyote.http11.Http11NioProtocol        :168  [32m                  [0;39m Starting ProtocolHandler ["http-nio-8080"]
2025-08-27 00:25:21.709 INFO  o.s.boot.web.embedded.tomcat.TomcatWebServer      :243  [32m                  [0;39m Tomcat started on port 8080 (http) with context path '/'
2025-08-27 00:25:21.716 INFO  com.matt.wiki.WikiApplication                     :59   [32m                  [0;39m Started WikiApplication in 6.838 seconds (process running for 7.259)
2025-08-27 00:25:21.717 INFO  com.matt.wiki.WikiApplication                     :168  [32m                  [0;39m Start Successful
2025-08-27 00:25:21.718 INFO  com.matt.wiki.WikiApplication                     :168  [32m                  [0;39m 地址:	http://127.0.0.1:8080
2025-08-27 00:25:35.985 INFO  o.a.c.core.ContainerBase.[Tomcat].[localhost].[/] :168  [32m                  [0;39m Initializing Spring DispatcherServlet 'dispatcherServlet'
2025-08-27 00:25:35.986 INFO  org.springframework.web.servlet.DispatcherServlet :532  [32m                  [0;39m Initializing Servlet 'dispatcherServlet'
2025-08-27 00:25:35.987 INFO  org.springframework.web.servlet.DispatcherServlet :554  [32m                  [0;39m Completed initialization in 1 ms
2025-08-27 00:25:36.010 INFO  com.matt.wiki.aspect.LogAspect                    :53   [32m615552431203422208[0;39m ------------- 开始 -------------
2025-08-27 00:25:36.011 INFO  com.matt.wiki.aspect.LogAspect                    :54   [32m615552431203422208[0;39m 请求地址: http://localhost:8080/ai/chat-stream GET
2025-08-27 00:25:36.011 INFO  com.matt.wiki.aspect.LogAspect                    :55   [32m615552431203422208[0;39m 类名方法: com.matt.wiki.controller.AiController.chatStream
2025-08-27 00:25:36.011 INFO  com.matt.wiki.aspect.LogAspect                    :56   [32m615552431203422208[0;39m 远程地址: 0:0:0:0:0:0:0:1
2025-08-27 00:25:36.028 INFO  com.matt.wiki.aspect.LogAspect                    :82   [32m615552431203422208[0;39m 请求参数: ["我想咨询","111"]
2025-08-27 00:25:38.806 DEBUG org.hibernate.SQL                                 :135  [32m615552431203422208[0;39m 
    select
        che1_0.id,
        che1_0.content,
        che1_0.created_date,
        che1_0.role,
        che1_0.session_id,
        che1_0.updated_date 
    from
        chat_history che1_0 
    where
        che1_0.session_id=? 
    order by
        che1_0.id desc 
    limit
        ?
2025-08-27 00:25:39.377 INFO  com.matt.wiki.util.ChatHistoryTools               :33   [32m615552431203422208[0;39m ========getChatHistory[]
2025-08-27 00:25:43.755 INFO  com.matt.wiki.service.CategoryService             :38   [32m615552431203422208[0;39m ----IntentionOutput(intention=1, output=您好！看起来您希望进行法律咨询。为便于安排，请告知：①姓名 ②联系电话/邮箱 ③希望时间（如本周三下午或线上）④问题类型（如合约/移民/家庭）。收到后我会查询空闲并回覆可选时段。)
2025-08-27 00:25:46.338 DEBUG org.hibernate.SQL                                 :135  [32m615552431203422208[0;39m 
    select
        che1_0.id,
        che1_0.content,
        che1_0.created_date,
        che1_0.role,
        che1_0.session_id,
        che1_0.updated_date 
    from
        chat_history che1_0 
    where
        che1_0.session_id=? 
    order by
        che1_0.id desc 
    limit
        ?
2025-08-27 00:25:46.600 INFO  com.matt.wiki.util.ChatHistoryTools               :33   [32m615552431203422208[0;39m ========getChatHistory[]
2025-08-27 00:25:50.036 INFO  com.matt.wiki.service.CategoryService             :69   [32m615552431203422208[0;39m ----GuestRegisterOutput(output=我先为您建立登记。请告知：①姓名 ②联系电话或邮箱 ③问题类型（例如合约/移民/家庭）。, UserName=, phone=, email=, caseType=, area=, language=zh, urgency=low, completed=false)
2025-08-27 00:25:50.038 INFO  com.matt.wiki.aspect.LogAspect                    :96   [32m615552431203422208[0;39m 返回结果: FluxJust
2025-08-27 00:25:50.038 INFO  com.matt.wiki.aspect.LogAspect                    :100  [32m615552431203422208[0;39m ------------- 结束 耗时：14028 ms -------------
2025-08-27 00:26:00.021 INFO  com.matt.wiki.job.EbookSnapshotJob                :31   [32m615552531912855552[0;39m 生成今日电子书快照开始
2025-08-27 00:26:00.283 DEBUG c.m.w.mapper.EbookSnapshotMapperCust.genSnapshot  :135  [32m615552531912855552[0;39m ==>  Preparing: insert into ebook_snapshot(ebook_id, `date`, view_count, vote_count, view_increase, vote_increase) select t1.id, curdate(), 0, 0, 0, 0 from ebook t1 where not exists(select 1 from ebook_snapshot t2 where t1.id = t2.ebook_id and t2.`date` = curdate()); update ebook_snapshot t1, ebook t2 set t1.view_count = t2.view_count, t1.vote_count = t2.vote_count where t1.`date` = curdate() and t1.ebook_id = t2.id; update ebook_snapshot t1 left join (select ebook_id, view_count, vote_count from ebook_snapshot where `date` = date_sub(curdate(), interval 1 day)) t2 on t1.ebook_id = t2.ebook_id set t1.view_increase = (t1.view_count - ifnull(t2.view_count, 0)), t1.vote_increase = (t1.vote_count - ifnull(t2.vote_count, 0)) where t1.`date` = curdate();
2025-08-27 00:26:00.291 DEBUG c.m.w.mapper.EbookSnapshotMapperCust.genSnapshot  :135  [32m615552531912855552[0;39m ==> Parameters: 
2025-08-27 00:26:00.827 DEBUG c.m.w.mapper.EbookSnapshotMapperCust.genSnapshot  :135  [32m615552531912855552[0;39m <==    Updates: 0
2025-08-27 00:26:00.828 INFO  com.matt.wiki.job.EbookSnapshotJob                :34   [32m615552531912855552[0;39m 生成今日电子书快照结束，耗时：807毫秒
2025-08-27 00:26:00.829 INFO  com.matt.wiki.job.DocJob                          :30   [32m615552535301853184[0;39m 更新电子书下的文档数据开始
2025-08-27 00:26:00.829 DEBUG c.matt.wiki.mapper.DocMapperCust.updateEbookInfo  :135  [32m615552535301853184[0;39m ==>  Preparing: update ebook t1, (select ebook_id, count(1) doc_count, sum(view_count) view_count, sum(vote_count) vote_count from doc group by ebook_id) t2 set t1.doc_count = t2.doc_count, t1.view_count = t2.view_count, t1.vote_count = t2.vote_count where t1.id = t2.ebook_id
2025-08-27 00:26:00.829 DEBUG c.matt.wiki.mapper.DocMapperCust.updateEbookInfo  :135  [32m615552535301853184[0;39m ==> Parameters: 
2025-08-27 00:26:01.566 DEBUG c.matt.wiki.mapper.DocMapperCust.updateEbookInfo  :135  [32m615552535301853184[0;39m <==    Updates: 1
2025-08-27 00:26:01.566 INFO  com.matt.wiki.job.DocJob                          :33   [32m615552535301853184[0;39m 更新电子书下的文档数据结束，耗时：737毫秒
2025-08-27 00:27:00.003 INFO  com.matt.wiki.job.EbookSnapshotJob                :31   [32m615552783495598080[0;39m 生成今日电子书快照开始
2025-08-27 00:27:00.255 DEBUG c.m.w.mapper.EbookSnapshotMapperCust.genSnapshot  :135  [32m615552783495598080[0;39m ==>  Preparing: insert into ebook_snapshot(ebook_id, `date`, view_count, vote_count, view_increase, vote_increase) select t1.id, curdate(), 0, 0, 0, 0 from ebook t1 where not exists(select 1 from ebook_snapshot t2 where t1.id = t2.ebook_id and t2.`date` = curdate()); update ebook_snapshot t1, ebook t2 set t1.view_count = t2.view_count, t1.vote_count = t2.vote_count where t1.`date` = curdate() and t1.ebook_id = t2.id; update ebook_snapshot t1 left join (select ebook_id, view_count, vote_count from ebook_snapshot where `date` = date_sub(curdate(), interval 1 day)) t2 on t1.ebook_id = t2.ebook_id set t1.view_increase = (t1.view_count - ifnull(t2.view_count, 0)), t1.vote_increase = (t1.vote_count - ifnull(t2.vote_count, 0)) where t1.`date` = curdate();
2025-08-27 00:27:00.256 DEBUG c.m.w.mapper.EbookSnapshotMapperCust.genSnapshot  :135  [32m615552783495598080[0;39m ==> Parameters: 
2025-08-27 00:27:00.930 DEBUG c.m.w.mapper.EbookSnapshotMapperCust.genSnapshot  :135  [32m615552783495598080[0;39m <==    Updates: 0
2025-08-27 00:27:00.931 INFO  com.matt.wiki.job.EbookSnapshotJob                :34   [32m615552783495598080[0;39m 生成今日电子书快照结束，耗时：927毫秒
2025-08-27 00:27:00.931 INFO  com.matt.wiki.job.DocJob                          :30   [32m615552787387912192[0;39m 更新电子书下的文档数据开始
2025-08-27 00:27:00.932 DEBUG c.matt.wiki.mapper.DocMapperCust.updateEbookInfo  :135  [32m615552787387912192[0;39m ==>  Preparing: update ebook t1, (select ebook_id, count(1) doc_count, sum(view_count) view_count, sum(vote_count) vote_count from doc group by ebook_id) t2 set t1.doc_count = t2.doc_count, t1.view_count = t2.view_count, t1.vote_count = t2.vote_count where t1.id = t2.ebook_id
2025-08-27 00:27:00.932 DEBUG c.matt.wiki.mapper.DocMapperCust.updateEbookInfo  :135  [32m615552787387912192[0;39m ==> Parameters: 
2025-08-27 00:27:01.574 DEBUG c.matt.wiki.mapper.DocMapperCust.updateEbookInfo  :135  [32m615552787387912192[0;39m <==    Updates: 1
2025-08-27 00:27:01.575 INFO  com.matt.wiki.job.DocJob                          :33   [32m615552787387912192[0;39m 更新电子书下的文档数据结束，耗时：644毫秒
2025-08-27 00:28:00.005 INFO  com.matt.wiki.job.EbookSnapshotJob                :31   [32m615553035162226688[0;39m 生成今日电子书快照开始
2025-08-27 00:28:00.266 DEBUG c.m.w.mapper.EbookSnapshotMapperCust.genSnapshot  :135  [32m615553035162226688[0;39m ==>  Preparing: insert into ebook_snapshot(ebook_id, `date`, view_count, vote_count, view_increase, vote_increase) select t1.id, curdate(), 0, 0, 0, 0 from ebook t1 where not exists(select 1 from ebook_snapshot t2 where t1.id = t2.ebook_id and t2.`date` = curdate()); update ebook_snapshot t1, ebook t2 set t1.view_count = t2.view_count, t1.vote_count = t2.vote_count where t1.`date` = curdate() and t1.ebook_id = t2.id; update ebook_snapshot t1 left join (select ebook_id, view_count, vote_count from ebook_snapshot where `date` = date_sub(curdate(), interval 1 day)) t2 on t1.ebook_id = t2.ebook_id set t1.view_increase = (t1.view_count - ifnull(t2.view_count, 0)), t1.vote_increase = (t1.vote_count - ifnull(t2.vote_count, 0)) where t1.`date` = curdate();
2025-08-27 00:28:00.268 DEBUG c.m.w.mapper.EbookSnapshotMapperCust.genSnapshot  :135  [32m615553035162226688[0;39m ==> Parameters: 
2025-08-27 00:28:00.910 DEBUG c.m.w.mapper.EbookSnapshotMapperCust.genSnapshot  :135  [32m615553035162226688[0;39m <==    Updates: 0
2025-08-27 00:28:00.911 INFO  com.matt.wiki.job.EbookSnapshotJob                :34   [32m615553035162226688[0;39m 生成今日电子书快照结束，耗时：903毫秒
2025-08-27 00:28:00.912 INFO  com.matt.wiki.job.DocJob                          :30   [32m615553038966460416[0;39m 更新电子书下的文档数据开始
2025-08-27 00:28:00.912 DEBUG c.matt.wiki.mapper.DocMapperCust.updateEbookInfo  :135  [32m615553038966460416[0;39m ==>  Preparing: update ebook t1, (select ebook_id, count(1) doc_count, sum(view_count) view_count, sum(vote_count) vote_count from doc group by ebook_id) t2 set t1.doc_count = t2.doc_count, t1.view_count = t2.view_count, t1.vote_count = t2.vote_count where t1.id = t2.ebook_id
2025-08-27 00:28:00.913 DEBUG c.matt.wiki.mapper.DocMapperCust.updateEbookInfo  :135  [32m615553038966460416[0;39m ==> Parameters: 
2025-08-27 00:28:01.654 DEBUG c.matt.wiki.mapper.DocMapperCust.updateEbookInfo  :135  [32m615553038966460416[0;39m <==    Updates: 1
2025-08-27 00:28:01.655 INFO  com.matt.wiki.job.DocJob                          :33   [32m615553038966460416[0;39m 更新电子书下的文档数据结束，耗时：743毫秒
2025-08-27 00:29:00.006 INFO  com.matt.wiki.job.DocJob                          :30   [32m615553286824660992[0;39m 更新电子书下的文档数据开始
2025-08-27 00:29:00.280 DEBUG c.matt.wiki.mapper.DocMapperCust.updateEbookInfo  :135  [32m615553286824660992[0;39m ==>  Preparing: update ebook t1, (select ebook_id, count(1) doc_count, sum(view_count) view_count, sum(vote_count) vote_count from doc group by ebook_id) t2 set t1.doc_count = t2.doc_count, t1.view_count = t2.view_count, t1.vote_count = t2.vote_count where t1.id = t2.ebook_id
2025-08-27 00:29:00.281 DEBUG c.matt.wiki.mapper.DocMapperCust.updateEbookInfo  :135  [32m615553286824660992[0;39m ==> Parameters: 
2025-08-27 00:29:00.938 DEBUG c.matt.wiki.mapper.DocMapperCust.updateEbookInfo  :135  [32m615553286824660992[0;39m <==    Updates: 1
2025-08-27 00:29:00.939 INFO  com.matt.wiki.job.DocJob                          :33   [32m615553286824660992[0;39m 更新电子书下的文档数据结束，耗时：932毫秒
2025-08-27 00:29:00.940 INFO  com.matt.wiki.job.EbookSnapshotJob                :31   [32m615553290742140928[0;39m 生成今日电子书快照开始
2025-08-27 00:29:00.941 DEBUG c.m.w.mapper.EbookSnapshotMapperCust.genSnapshot  :135  [32m615553290742140928[0;39m ==>  Preparing: insert into ebook_snapshot(ebook_id, `date`, view_count, vote_count, view_increase, vote_increase) select t1.id, curdate(), 0, 0, 0, 0 from ebook t1 where not exists(select 1 from ebook_snapshot t2 where t1.id = t2.ebook_id and t2.`date` = curdate()); update ebook_snapshot t1, ebook t2 set t1.view_count = t2.view_count, t1.vote_count = t2.vote_count where t1.`date` = curdate() and t1.ebook_id = t2.id; update ebook_snapshot t1 left join (select ebook_id, view_count, vote_count from ebook_snapshot where `date` = date_sub(curdate(), interval 1 day)) t2 on t1.ebook_id = t2.ebook_id set t1.view_increase = (t1.view_count - ifnull(t2.view_count, 0)), t1.vote_increase = (t1.vote_count - ifnull(t2.vote_count, 0)) where t1.`date` = curdate();
2025-08-27 00:29:00.943 DEBUG c.m.w.mapper.EbookSnapshotMapperCust.genSnapshot  :135  [32m615553290742140928[0;39m ==> Parameters: 
2025-08-27 00:29:01.662 DEBUG c.m.w.mapper.EbookSnapshotMapperCust.genSnapshot  :135  [32m615553290742140928[0;39m <==    Updates: 0
2025-08-27 00:29:01.664 INFO  com.matt.wiki.job.EbookSnapshotJob                :34   [32m615553290742140928[0;39m 生成今日电子书快照结束，耗时：723毫秒
2025-08-27 00:30:00.004 INFO  com.matt.wiki.job.DocJob                          :30   [32m615553538474512384[0;39m 更新电子书下的文档数据开始
2025-08-27 00:30:00.257 DEBUG c.matt.wiki.mapper.DocMapperCust.updateEbookInfo  :135  [32m615553538474512384[0;39m ==>  Preparing: update ebook t1, (select ebook_id, count(1) doc_count, sum(view_count) view_count, sum(vote_count) vote_count from doc group by ebook_id) t2 set t1.doc_count = t2.doc_count, t1.view_count = t2.view_count, t1.vote_count = t2.vote_count where t1.id = t2.ebook_id
2025-08-27 00:30:00.258 DEBUG c.matt.wiki.mapper.DocMapperCust.updateEbookInfo  :135  [32m615553538474512384[0;39m ==> Parameters: 
2025-08-27 00:30:00.814 DEBUG c.matt.wiki.mapper.DocMapperCust.updateEbookInfo  :135  [32m615553538474512384[0;39m <==    Updates: 1
2025-08-27 00:30:00.815 INFO  com.matt.wiki.job.DocJob                          :33   [32m615553538474512384[0;39m 更新电子书下的文档数据结束，耗时：810毫秒
2025-08-27 00:30:00.815 INFO  com.matt.wiki.job.EbookSnapshotJob                :31   [32m615553541876092928[0;39m 生成今日电子书快照开始
2025-08-27 00:30:00.816 DEBUG c.m.w.mapper.EbookSnapshotMapperCust.genSnapshot  :135  [32m615553541876092928[0;39m ==>  Preparing: insert into ebook_snapshot(ebook_id, `date`, view_count, vote_count, view_increase, vote_increase) select t1.id, curdate(), 0, 0, 0, 0 from ebook t1 where not exists(select 1 from ebook_snapshot t2 where t1.id = t2.ebook_id and t2.`date` = curdate()); update ebook_snapshot t1, ebook t2 set t1.view_count = t2.view_count, t1.vote_count = t2.vote_count where t1.`date` = curdate() and t1.ebook_id = t2.id; update ebook_snapshot t1 left join (select ebook_id, view_count, vote_count from ebook_snapshot where `date` = date_sub(curdate(), interval 1 day)) t2 on t1.ebook_id = t2.ebook_id set t1.view_increase = (t1.view_count - ifnull(t2.view_count, 0)), t1.vote_increase = (t1.vote_count - ifnull(t2.vote_count, 0)) where t1.`date` = curdate();
2025-08-27 00:30:00.817 DEBUG c.m.w.mapper.EbookSnapshotMapperCust.genSnapshot  :135  [32m615553541876092928[0;39m ==> Parameters: 
2025-08-27 00:30:01.463 DEBUG c.m.w.mapper.EbookSnapshotMapperCust.genSnapshot  :135  [32m615553541876092928[0;39m <==    Updates: 0
2025-08-27 00:30:01.464 INFO  com.matt.wiki.job.EbookSnapshotJob                :34   [32m615553541876092928[0;39m 生成今日电子书快照结束，耗时：648毫秒
2025-08-27 00:31:00.002 INFO  com.matt.wiki.job.DocJob                          :30   [32m615553790124363776[0;39m 更新电子书下的文档数据开始
2025-08-27 00:31:00.329 DEBUG c.matt.wiki.mapper.DocMapperCust.updateEbookInfo  :135  [32m615553790124363776[0;39m ==>  Preparing: update ebook t1, (select ebook_id, count(1) doc_count, sum(view_count) view_count, sum(vote_count) vote_count from doc group by ebook_id) t2 set t1.doc_count = t2.doc_count, t1.view_count = t2.view_count, t1.vote_count = t2.vote_count where t1.id = t2.ebook_id
2025-08-27 00:31:00.330 DEBUG c.matt.wiki.mapper.DocMapperCust.updateEbookInfo  :135  [32m615553790124363776[0;39m ==> Parameters: 
2025-08-27 00:31:00.957 DEBUG c.matt.wiki.mapper.DocMapperCust.updateEbookInfo  :135  [32m615553790124363776[0;39m <==    Updates: 1
2025-08-27 00:31:00.958 INFO  com.matt.wiki.job.DocJob                          :33   [32m615553790124363776[0;39m 更新电子书下的文档数据结束，耗时：955毫秒
2025-08-27 00:31:00.958 INFO  com.matt.wiki.job.EbookSnapshotJob                :31   [32m615553794134118400[0;39m 生成今日电子书快照开始
2025-08-27 00:31:00.959 DEBUG c.m.w.mapper.EbookSnapshotMapperCust.genSnapshot  :135  [32m615553794134118400[0;39m ==>  Preparing: insert into ebook_snapshot(ebook_id, `date`, view_count, vote_count, view_increase, vote_increase) select t1.id, curdate(), 0, 0, 0, 0 from ebook t1 where not exists(select 1 from ebook_snapshot t2 where t1.id = t2.ebook_id and t2.`date` = curdate()); update ebook_snapshot t1, ebook t2 set t1.view_count = t2.view_count, t1.vote_count = t2.vote_count where t1.`date` = curdate() and t1.ebook_id = t2.id; update ebook_snapshot t1 left join (select ebook_id, view_count, vote_count from ebook_snapshot where `date` = date_sub(curdate(), interval 1 day)) t2 on t1.ebook_id = t2.ebook_id set t1.view_increase = (t1.view_count - ifnull(t2.view_count, 0)), t1.vote_increase = (t1.vote_count - ifnull(t2.vote_count, 0)) where t1.`date` = curdate();
2025-08-27 00:31:00.960 DEBUG c.m.w.mapper.EbookSnapshotMapperCust.genSnapshot  :135  [32m615553794134118400[0;39m ==> Parameters: 
2025-08-27 00:31:01.777 DEBUG c.m.w.mapper.EbookSnapshotMapperCust.genSnapshot  :135  [32m615553794134118400[0;39m <==    Updates: 0
2025-08-27 00:31:01.778 INFO  com.matt.wiki.job.EbookSnapshotJob                :34   [32m615553794134118400[0;39m 生成今日电子书快照结束，耗时：819毫秒
2025-08-27 00:32:00.003 INFO  com.matt.wiki.job.DocJob                          :30   [32m615554041786798080[0;39m 更新电子书下的文档数据开始
2025-08-27 00:32:00.350 DEBUG c.matt.wiki.mapper.DocMapperCust.updateEbookInfo  :135  [32m615554041786798080[0;39m ==>  Preparing: update ebook t1, (select ebook_id, count(1) doc_count, sum(view_count) view_count, sum(vote_count) vote_count from doc group by ebook_id) t2 set t1.doc_count = t2.doc_count, t1.view_count = t2.view_count, t1.vote_count = t2.vote_count where t1.id = t2.ebook_id
2025-08-27 00:32:00.351 DEBUG c.matt.wiki.mapper.DocMapperCust.updateEbookInfo  :135  [32m615554041786798080[0;39m ==> Parameters: 
2025-08-27 00:32:00.952 DEBUG c.matt.wiki.mapper.DocMapperCust.updateEbookInfo  :135  [32m615554041786798080[0;39m <==    Updates: 1
2025-08-27 00:32:00.953 INFO  com.matt.wiki.job.DocJob                          :33   [32m615554041786798080[0;39m 更新电子书下的文档数据结束，耗时：949毫秒
2025-08-27 00:32:00.953 INFO  com.matt.wiki.job.EbookSnapshotJob                :31   [32m615554045771386880[0;39m 生成今日电子书快照开始
2025-08-27 00:32:00.953 DEBUG c.m.w.mapper.EbookSnapshotMapperCust.genSnapshot  :135  [32m615554045771386880[0;39m ==>  Preparing: insert into ebook_snapshot(ebook_id, `date`, view_count, vote_count, view_increase, vote_increase) select t1.id, curdate(), 0, 0, 0, 0 from ebook t1 where not exists(select 1 from ebook_snapshot t2 where t1.id = t2.ebook_id and t2.`date` = curdate()); update ebook_snapshot t1, ebook t2 set t1.view_count = t2.view_count, t1.vote_count = t2.vote_count where t1.`date` = curdate() and t1.ebook_id = t2.id; update ebook_snapshot t1 left join (select ebook_id, view_count, vote_count from ebook_snapshot where `date` = date_sub(curdate(), interval 1 day)) t2 on t1.ebook_id = t2.ebook_id set t1.view_increase = (t1.view_count - ifnull(t2.view_count, 0)), t1.vote_increase = (t1.vote_count - ifnull(t2.vote_count, 0)) where t1.`date` = curdate();
2025-08-27 00:32:00.954 DEBUG c.m.w.mapper.EbookSnapshotMapperCust.genSnapshot  :135  [32m615554045771386880[0;39m ==> Parameters: 
2025-08-27 00:32:01.681 DEBUG c.m.w.mapper.EbookSnapshotMapperCust.genSnapshot  :135  [32m615554045771386880[0;39m <==    Updates: 0
2025-08-27 00:32:01.681 INFO  com.matt.wiki.job.EbookSnapshotJob                :34   [32m615554045771386880[0;39m 生成今日电子书快照结束，耗时：728毫秒
2025-08-27 00:32:19.193 INFO  o.s.b.d.a.LocalDevToolsAutoConfiguration$RestartingClassPathChangeChangedEventListener:211  [32m                  [0;39m Restarting due to 1 class path change (0 additions, 0 deletions, 1 modification)
2025-08-27 00:32:19.201 INFO  o.s.boot.web.embedded.tomcat.GracefulShutdown     :54   [32m                  [0;39m Commencing graceful shutdown. Waiting for active requests to complete
2025-08-27 00:32:19.203 INFO  org.apache.coyote.http11.Http11NioProtocol        :168  [32m                  [0;39m Pausing ProtocolHandler ["http-nio-8080"]
2025-08-27 00:32:19.208 INFO  o.s.boot.web.embedded.tomcat.GracefulShutdown     :76   [32m                  [0;39m Graceful shutdown complete
2025-08-27 00:32:19.209 INFO  org.apache.coyote.http11.Http11NioProtocol        :168  [32m                  [0;39m Stopping ProtocolHandler ["http-nio-8080"]
2025-08-27 00:32:19.226 INFO  o.s.orm.jpa.LocalContainerEntityManagerFactoryBean:660  [32m                  [0;39m Closing JPA EntityManagerFactory for persistence unit 'default'
2025-08-27 00:32:19.229 INFO  com.zaxxer.hikari.HikariDataSource                :349  [32m                  [0;39m HikariPool-1 - Shutdown initiated...
2025-08-27 00:32:19.233 INFO  com.zaxxer.hikari.HikariDataSource                :351  [32m                  [0;39m HikariPool-1 - Shutdown completed.
2025-08-27 00:32:19.371 INFO  com.matt.wiki.WikiApplication                     :53   [32m                  [0;39m Starting WikiApplication using Java 20.0.1 with PID 5969 (/Users/yushuzhan/Documents/GitHub/FullStackPractices/wiki/target/classes started by yushuzhan in /Users/yushuzhan/Documents/GitHub/FullStackPractices/wiki)
2025-08-27 00:32:19.371 INFO  com.matt.wiki.WikiApplication                     :652  [32m                  [0;39m No active profile set, falling back to 1 default profile: "default"
2025-08-27 00:32:19.488 INFO  o.s.d.r.config.RepositoryConfigurationDelegate    :294  [32m                  [0;39m Multiple Spring Data modules found, entering strict repository configuration mode
2025-08-27 00:32:19.489 INFO  o.s.d.r.config.RepositoryConfigurationDelegate    :145  [32m                  [0;39m Bootstrapping Spring Data JPA repositories in DEFAULT mode.
2025-08-27 00:32:19.495 INFO  o.s.d.r.config.RepositoryConfigurationDelegate    :213  [32m                  [0;39m Finished Spring Data repository scanning in 5 ms. Found 3 JPA repository interfaces.
2025-08-27 00:32:19.497 INFO  o.s.d.r.config.RepositoryConfigurationDelegate    :294  [32m                  [0;39m Multiple Spring Data modules found, entering strict repository configuration mode
2025-08-27 00:32:19.497 INFO  o.s.d.r.config.RepositoryConfigurationDelegate    :145  [32m                  [0;39m Bootstrapping Spring Data Redis repositories in DEFAULT mode.
2025-08-27 00:32:19.499 INFO  o.s.d.r.c.RepositoryConfigurationExtensionSupport :327  [32m                  [0;39m Spring Data Redis - Could not safely identify store assignment for repository candidate interface com.matt.wiki.repository.BaseRepository; If you want this repository to be a Redis repository, consider annotating your entities with one of these annotations: org.springframework.data.redis.core.RedisHash (preferred), or consider extending one of the following types with your repository: org.springframework.data.keyvalue.repository.KeyValueRepository
2025-08-27 00:32:19.499 INFO  o.s.d.r.c.RepositoryConfigurationExtensionSupport :327  [32m                  [0;39m Spring Data Redis - Could not safely identify store assignment for repository candidate interface com.matt.wiki.repository.ChatHistoryRepository; If you want this repository to be a Redis repository, consider annotating your entities with one of these annotations: org.springframework.data.redis.core.RedisHash (preferred), or consider extending one of the following types with your repository: org.springframework.data.keyvalue.repository.KeyValueRepository
2025-08-27 00:32:19.499 INFO  o.s.d.r.c.RepositoryConfigurationExtensionSupport :327  [32m                  [0;39m Spring Data Redis - Could not safely identify store assignment for repository candidate interface com.matt.wiki.repository.GuestRegisterRepository; If you want this repository to be a Redis repository, consider annotating your entities with one of these annotations: org.springframework.data.redis.core.RedisHash (preferred), or consider extending one of the following types with your repository: org.springframework.data.keyvalue.repository.KeyValueRepository
2025-08-27 00:32:19.499 INFO  o.s.d.r.config.RepositoryConfigurationDelegate    :213  [32m                  [0;39m Finished Spring Data repository scanning in 1 ms. Found 0 Redis repository interfaces.
2025-08-27 00:32:19.607 INFO  o.s.boot.web.embedded.tomcat.TomcatWebServer      :111  [32m                  [0;39m Tomcat initialized with port 8080 (http)
2025-08-27 00:32:19.607 INFO  org.apache.coyote.http11.Http11NioProtocol        :168  [32m                  [0;39m Initializing ProtocolHandler ["http-nio-8080"]
2025-08-27 00:32:19.607 INFO  org.apache.catalina.core.StandardService          :168  [32m                  [0;39m Starting service [Tomcat]
2025-08-27 00:32:19.607 INFO  org.apache.catalina.core.StandardEngine           :168  [32m                  [0;39m Starting Servlet engine: [Apache Tomcat/10.1.42]
2025-08-27 00:32:19.612 INFO  o.a.c.core.ContainerBase.[Tomcat].[localhost].[/] :168  [32m                  [0;39m Initializing Spring embedded WebApplicationContext
2025-08-27 00:32:19.612 INFO  o.s.b.w.s.c.ServletWebServerApplicationContext    :301  [32m                  [0;39m Root WebApplicationContext: initialization completed in 239 ms
2025-08-27 00:32:19.631 INFO  o.s.b.d.autoconfigure.OptionalLiveReloadServer    :59   [32m                  [0;39m LiveReload server is running on port 35729
2025-08-27 00:32:19.659 INFO  com.zaxxer.hikari.HikariDataSource                :109  [32m                  [0;39m HikariPool-2 - Starting...
2025-08-27 00:32:22.350 INFO  com.zaxxer.hikari.pool.HikariPool                 :575  [32m                  [0;39m HikariPool-2 - Added connection com.mysql.cj.jdbc.ConnectionImpl@72160743
2025-08-27 00:32:22.352 INFO  com.zaxxer.hikari.HikariDataSource                :122  [32m                  [0;39m HikariPool-2 - Start completed.
2025-08-27 00:32:22.354 INFO  org.hibernate.jpa.internal.util.LogHelper         :31   [32m                  [0;39m HHH000204: Processing PersistenceUnitInfo [name: default]
2025-08-27 00:32:22.362 INFO  o.hibernate.cache.internal.RegionFactoryInitiator :50   [32m                  [0;39m HHH000026: Second-level cache disabled
2025-08-27 00:32:22.375 INFO  o.s.o.j.persistenceunit.SpringPersistenceUnitInfo :87   [32m                  [0;39m No LoadTimeWeaver setup: ignoring JPA class transformer
2025-08-27 00:32:22.628 INFO  org.hibernate.orm.connections.pooling             :163  [32m                  [0;39m HHH10001005: Database info:
	Database JDBC URL [Connecting through datasource 'HikariDataSource (HikariPool-2)']
	Database driver: undefined/unknown
	Database version: 8.0.36
	Autocommit mode: undefined/unknown
	Isolation level: undefined/unknown
	Minimum pool size: undefined/unknown
	Maximum pool size: undefined/unknown
2025-08-27 00:32:22.629 DEBUG o.h.type.descriptor.sql.spi.DdlTypeRegistry       :64   [32m                  [0;39m addDescriptor(12, org.hibernate.type.descriptor.sql.internal.CapacityDependentDdlType@5b729ffd) replaced previous registration(org.hibernate.type.descriptor.sql.internal.CapacityDependentDdlType@6558ebce)
2025-08-27 00:32:22.630 DEBUG o.h.type.descriptor.sql.spi.DdlTypeRegistry       :64   [32m                  [0;39m addDescriptor(-9, org.hibernate.type.descriptor.sql.internal.CapacityDependentDdlType@660192c9) replaced previous registration(org.hibernate.type.descriptor.sql.internal.CapacityDependentDdlType@271187ac)
2025-08-27 00:32:22.630 DEBUG o.h.type.descriptor.sql.spi.DdlTypeRegistry       :64   [32m                  [0;39m addDescriptor(-3, org.hibernate.type.descriptor.sql.internal.CapacityDependentDdlType@685369c4) replaced previous registration(org.hibernate.type.descriptor.sql.internal.CapacityDependentDdlType@4af7f99b)
2025-08-27 00:32:22.630 DEBUG o.h.type.descriptor.sql.spi.DdlTypeRegistry       :64   [32m                  [0;39m addDescriptor(4003, org.hibernate.type.descriptor.sql.internal.DdlTypeImpl@208aadd6) replaced previous registration(org.hibernate.type.descriptor.sql.internal.DdlTypeImpl@b8d628c)
2025-08-27 00:32:22.630 DEBUG o.h.type.descriptor.sql.spi.DdlTypeRegistry       :64   [32m                  [0;39m addDescriptor(4001, org.hibernate.type.descriptor.sql.internal.DdlTypeImpl@78633770) replaced previous registration(org.hibernate.type.descriptor.sql.internal.DdlTypeImpl@d2d32c6)
2025-08-27 00:32:22.630 DEBUG o.h.type.descriptor.sql.spi.DdlTypeRegistry       :64   [32m                  [0;39m addDescriptor(4002, org.hibernate.type.descriptor.sql.internal.DdlTypeImpl@78bcdaa8) replaced previous registration(org.hibernate.type.descriptor.sql.internal.DdlTypeImpl@18455e31)
2025-08-27 00:32:22.630 DEBUG o.h.type.descriptor.sql.spi.DdlTypeRegistry       :64   [32m                  [0;39m addDescriptor(2004, org.hibernate.type.descriptor.sql.internal.CapacityDependentDdlType@797c22fe) replaced previous registration(org.hibernate.type.descriptor.sql.internal.DdlTypeImpl@1d239415)
2025-08-27 00:32:22.630 DEBUG o.h.type.descriptor.sql.spi.DdlTypeRegistry       :64   [32m                  [0;39m addDescriptor(2005, org.hibernate.type.descriptor.sql.internal.CapacityDependentDdlType@3547483) replaced previous registration(org.hibernate.type.descriptor.sql.internal.DdlTypeImpl@3152060e)
2025-08-27 00:32:22.630 DEBUG o.h.type.descriptor.sql.spi.DdlTypeRegistry       :64   [32m                  [0;39m addDescriptor(2011, org.hibernate.type.descriptor.sql.internal.CapacityDependentDdlType@29a1b908) replaced previous registration(org.hibernate.type.descriptor.sql.internal.DdlTypeImpl@28a31315)
2025-08-27 00:32:22.674 INFO  o.h.e.t.jta.platform.internal.JtaPlatformInitiator:59   [32m                  [0;39m HHH000489: No JTA platform available (set 'hibernate.transaction.jta.platform' to enable JTA platform integration)
2025-08-27 00:32:22.675 INFO  o.s.orm.jpa.LocalContainerEntityManagerFactoryBean:447  [32m                  [0;39m Initialized JPA EntityManagerFactory for persistence unit 'default'
2025-08-27 00:32:22.930 WARN  o.s.b.a.o.j.JpaBaseConfiguration$JpaWebConfiguration:258  [32m                  [0;39m spring.jpa.open-in-view is enabled by default. Therefore, database queries may be performed during view rendering. Explicitly configure spring.jpa.open-in-view to disable this warning
2025-08-27 00:32:23.164 INFO  org.apache.coyote.http11.Http11NioProtocol        :168  [32m                  [0;39m Starting ProtocolHandler ["http-nio-8080"]
2025-08-27 00:32:23.166 INFO  o.s.boot.web.embedded.tomcat.TomcatWebServer      :243  [32m                  [0;39m Tomcat started on port 8080 (http) with context path '/'
2025-08-27 00:32:23.171 INFO  com.matt.wiki.WikiApplication                     :59   [32m                  [0;39m Started WikiApplication in 3.819 seconds (process running for 428.713)
2025-08-27 00:32:23.173 INFO  o.s.b.d.a.ConditionEvaluationDeltaLoggingListener :63   [32m                  [0;39m Condition evaluation unchanged
2025-08-27 00:32:23.173 INFO  com.matt.wiki.WikiApplication                     :168  [32m                  [0;39m Start Successful
2025-08-27 00:32:23.174 INFO  com.matt.wiki.WikiApplication                     :168  [32m                  [0;39m 地址:	http://127.0.0.1:8080
2025-08-27 00:32:32.876 INFO  o.s.boot.web.embedded.tomcat.GracefulShutdown     :54   [32m                  [0;39m Commencing graceful shutdown. Waiting for active requests to complete
2025-08-27 00:32:32.878 INFO  o.s.boot.web.embedded.tomcat.GracefulShutdown     :76   [32m                  [0;39m Graceful shutdown complete
2025-08-27 00:32:32.880 INFO  o.s.orm.jpa.LocalContainerEntityManagerFactoryBean:660  [32m                  [0;39m Closing JPA EntityManagerFactory for persistence unit 'default'
2025-08-27 00:32:32.880 INFO  com.zaxxer.hikari.HikariDataSource                :349  [32m                  [0;39m HikariPool-2 - Shutdown initiated...
2025-08-27 00:32:34.663 INFO  com.zaxxer.hikari.HikariDataSource                :351  [32m                  [0;39m HikariPool-2 - Shutdown completed.
2025-08-27 00:32:36.611 INFO  org.hibernate.validator.internal.util.Version     :21   [32m                  [0;39m HV000001: Hibernate Validator 8.0.2.Final
2025-08-27 00:32:36.629 INFO  com.matt.wiki.WikiApplication                     :53   [32m                  [0;39m Starting WikiApplication using Java 20.0.1 with PID 6223 (/Users/yushuzhan/Documents/GitHub/FullStackPractices/wiki/target/classes started by yushuzhan in /Users/yushuzhan/Documents/GitHub/FullStackPractices/wiki)
2025-08-27 00:32:36.629 INFO  com.matt.wiki.WikiApplication                     :652  [32m                  [0;39m No active profile set, falling back to 1 default profile: "default"
2025-08-27 00:32:36.650 INFO  o.s.boot.devtools.restart.ChangeableUrls          :252  [32m                  [0;39m The Class-Path manifest attribute in /Users/yushuzhan/.m2/repository/org/apache/opennlp/opennlp-tools/2.5.4/opennlp-tools-2.5.4.jar referenced one or more files that do not exist: file:/Users/yushuzhan/.m2/repository/org/apache/opennlp/opennlp-tools/2.5.4/slf4j-api-2.0.17.jar
2025-08-27 00:32:36.650 INFO  o.s.b.d.env.DevToolsPropertyDefaultsPostProcessor :252  [32m                  [0;39m Devtools property defaults active! Set 'spring.devtools.add-properties' to 'false' to disable
2025-08-27 00:32:36.650 INFO  o.s.b.d.env.DevToolsPropertyDefaultsPostProcessor :252  [32m                  [0;39m For additional web related logging consider setting the 'logging.level.web' property to 'DEBUG'
2025-08-27 00:32:36.979 INFO  o.s.d.r.config.RepositoryConfigurationDelegate    :294  [32m                  [0;39m Multiple Spring Data modules found, entering strict repository configuration mode
2025-08-27 00:32:36.980 INFO  o.s.d.r.config.RepositoryConfigurationDelegate    :145  [32m                  [0;39m Bootstrapping Spring Data JPA repositories in DEFAULT mode.
2025-08-27 00:32:37.047 INFO  o.s.d.r.config.RepositoryConfigurationDelegate    :213  [32m                  [0;39m Finished Spring Data repository scanning in 63 ms. Found 3 JPA repository interfaces.
2025-08-27 00:32:37.054 INFO  o.s.d.r.config.RepositoryConfigurationDelegate    :294  [32m                  [0;39m Multiple Spring Data modules found, entering strict repository configuration mode
2025-08-27 00:32:37.054 INFO  o.s.d.r.config.RepositoryConfigurationDelegate    :145  [32m                  [0;39m Bootstrapping Spring Data Redis repositories in DEFAULT mode.
2025-08-27 00:32:37.061 INFO  o.s.d.r.c.RepositoryConfigurationExtensionSupport :327  [32m                  [0;39m Spring Data Redis - Could not safely identify store assignment for repository candidate interface com.matt.wiki.repository.BaseRepository; If you want this repository to be a Redis repository, consider annotating your entities with one of these annotations: org.springframework.data.redis.core.RedisHash (preferred), or consider extending one of the following types with your repository: org.springframework.data.keyvalue.repository.KeyValueRepository
2025-08-27 00:32:37.061 INFO  o.s.d.r.c.RepositoryConfigurationExtensionSupport :327  [32m                  [0;39m Spring Data Redis - Could not safely identify store assignment for repository candidate interface com.matt.wiki.repository.ChatHistoryRepository; If you want this repository to be a Redis repository, consider annotating your entities with one of these annotations: org.springframework.data.redis.core.RedisHash (preferred), or consider extending one of the following types with your repository: org.springframework.data.keyvalue.repository.KeyValueRepository
2025-08-27 00:32:37.061 INFO  o.s.d.r.c.RepositoryConfigurationExtensionSupport :327  [32m                  [0;39m Spring Data Redis - Could not safely identify store assignment for repository candidate interface com.matt.wiki.repository.GuestRegisterRepository; If you want this repository to be a Redis repository, consider annotating your entities with one of these annotations: org.springframework.data.redis.core.RedisHash (preferred), or consider extending one of the following types with your repository: org.springframework.data.keyvalue.repository.KeyValueRepository
2025-08-27 00:32:37.061 INFO  o.s.d.r.config.RepositoryConfigurationDelegate    :213  [32m                  [0;39m Finished Spring Data repository scanning in 2 ms. Found 0 Redis repository interfaces.
2025-08-27 00:32:37.443 INFO  o.s.boot.web.embedded.tomcat.TomcatWebServer      :111  [32m                  [0;39m Tomcat initialized with port 8080 (http)
2025-08-27 00:32:37.448 INFO  org.apache.coyote.http11.Http11NioProtocol        :168  [32m                  [0;39m Initializing ProtocolHandler ["http-nio-8080"]
2025-08-27 00:32:37.449 INFO  org.apache.catalina.core.StandardService          :168  [32m                  [0;39m Starting service [Tomcat]
2025-08-27 00:32:37.449 INFO  org.apache.catalina.core.StandardEngine           :168  [32m                  [0;39m Starting Servlet engine: [Apache Tomcat/10.1.42]
2025-08-27 00:32:37.464 INFO  o.a.c.core.ContainerBase.[Tomcat].[localhost].[/] :168  [32m                  [0;39m Initializing Spring embedded WebApplicationContext
2025-08-27 00:32:37.464 INFO  o.s.b.w.s.c.ServletWebServerApplicationContext    :301  [32m                  [0;39m Root WebApplicationContext: initialization completed in 813 ms
2025-08-27 00:32:37.504 INFO  o.s.b.d.autoconfigure.OptionalLiveReloadServer    :59   [32m                  [0;39m LiveReload server is running on port 35729
2025-08-27 00:32:37.559 INFO  com.zaxxer.hikari.HikariDataSource                :109  [32m                  [0;39m HikariPool-1 - Starting...
2025-08-27 00:32:40.533 INFO  com.zaxxer.hikari.pool.HikariPool                 :575  [32m                  [0;39m HikariPool-1 - Added connection com.mysql.cj.jdbc.ConnectionImpl@413bb8d6
2025-08-27 00:32:40.537 INFO  com.zaxxer.hikari.HikariDataSource                :122  [32m                  [0;39m HikariPool-1 - Start completed.
2025-08-27 00:32:40.583 INFO  org.hibernate.jpa.internal.util.LogHelper         :31   [32m                  [0;39m HHH000204: Processing PersistenceUnitInfo [name: default]
2025-08-27 00:32:40.619 INFO  org.hibernate.Version                             :44   [32m                  [0;39m HHH000412: Hibernate ORM core version 6.6.18.Final
2025-08-27 00:32:40.634 INFO  o.hibernate.cache.internal.RegionFactoryInitiator :50   [32m                  [0;39m HHH000026: Second-level cache disabled
2025-08-27 00:32:40.750 INFO  o.s.o.j.persistenceunit.SpringPersistenceUnitInfo :87   [32m                  [0;39m No LoadTimeWeaver setup: ignoring JPA class transformer
2025-08-27 00:32:41.383 INFO  org.hibernate.orm.connections.pooling             :163  [32m                  [0;39m HHH10001005: Database info:
	Database JDBC URL [Connecting through datasource 'HikariDataSource (HikariPool-1)']
	Database driver: undefined/unknown
	Database version: 8.0.36
	Autocommit mode: undefined/unknown
	Isolation level: undefined/unknown
	Minimum pool size: undefined/unknown
	Maximum pool size: undefined/unknown
2025-08-27 00:32:41.388 DEBUG o.h.type.descriptor.sql.spi.DdlTypeRegistry       :64   [32m                  [0;39m addDescriptor(12, org.hibernate.type.descriptor.sql.internal.CapacityDependentDdlType@32cc44ee) replaced previous registration(org.hibernate.type.descriptor.sql.internal.CapacityDependentDdlType@1bb10908)
2025-08-27 00:32:41.388 DEBUG o.h.type.descriptor.sql.spi.DdlTypeRegistry       :64   [32m                  [0;39m addDescriptor(-9, org.hibernate.type.descriptor.sql.internal.CapacityDependentDdlType@5ff0177e) replaced previous registration(org.hibernate.type.descriptor.sql.internal.CapacityDependentDdlType@32c21df2)
2025-08-27 00:32:41.389 DEBUG o.h.type.descriptor.sql.spi.DdlTypeRegistry       :64   [32m                  [0;39m addDescriptor(-3, org.hibernate.type.descriptor.sql.internal.CapacityDependentDdlType@62f9c470) replaced previous registration(org.hibernate.type.descriptor.sql.internal.CapacityDependentDdlType@7113686e)
2025-08-27 00:32:41.389 DEBUG o.h.type.descriptor.sql.spi.DdlTypeRegistry       :64   [32m                  [0;39m addDescriptor(4003, org.hibernate.type.descriptor.sql.internal.DdlTypeImpl@2e07dad5) replaced previous registration(org.hibernate.type.descriptor.sql.internal.DdlTypeImpl@c086f6a)
2025-08-27 00:32:41.389 DEBUG o.h.type.descriptor.sql.spi.DdlTypeRegistry       :64   [32m                  [0;39m addDescriptor(4001, org.hibernate.type.descriptor.sql.internal.DdlTypeImpl@20fee0df) replaced previous registration(org.hibernate.type.descriptor.sql.internal.DdlTypeImpl@4ac4bcb6)
2025-08-27 00:32:41.389 DEBUG o.h.type.descriptor.sql.spi.DdlTypeRegistry       :64   [32m                  [0;39m addDescriptor(4002, org.hibernate.type.descriptor.sql.internal.DdlTypeImpl@5a850649) replaced previous registration(org.hibernate.type.descriptor.sql.internal.DdlTypeImpl@1539414c)
2025-08-27 00:32:41.389 DEBUG o.h.type.descriptor.sql.spi.DdlTypeRegistry       :64   [32m                  [0;39m addDescriptor(2004, org.hibernate.type.descriptor.sql.internal.CapacityDependentDdlType@4296b32c) replaced previous registration(org.hibernate.type.descriptor.sql.internal.DdlTypeImpl@2d5886c4)
2025-08-27 00:32:41.389 DEBUG o.h.type.descriptor.sql.spi.DdlTypeRegistry       :64   [32m                  [0;39m addDescriptor(2005, org.hibernate.type.descriptor.sql.internal.CapacityDependentDdlType@5f9d7a68) replaced previous registration(org.hibernate.type.descriptor.sql.internal.DdlTypeImpl@f163f6)
2025-08-27 00:32:41.389 DEBUG o.h.type.descriptor.sql.spi.DdlTypeRegistry       :64   [32m                  [0;39m addDescriptor(2011, org.hibernate.type.descriptor.sql.internal.CapacityDependentDdlType@7789bf17) replaced previous registration(org.hibernate.type.descriptor.sql.internal.DdlTypeImpl@1e0e7984)
2025-08-27 00:32:41.793 INFO  o.h.e.t.jta.platform.internal.JtaPlatformInitiator:59   [32m                  [0;39m HHH000489: No JTA platform available (set 'hibernate.transaction.jta.platform' to enable JTA platform integration)
2025-08-27 00:32:41.795 INFO  o.s.orm.jpa.LocalContainerEntityManagerFactoryBean:447  [32m                  [0;39m Initialized JPA EntityManagerFactory for persistence unit 'default'
2025-08-27 00:32:42.412 WARN  o.s.b.a.o.j.JpaBaseConfiguration$JpaWebConfiguration:258  [32m                  [0;39m spring.jpa.open-in-view is enabled by default. Therefore, database queries may be performed during view rendering. Explicitly configure spring.jpa.open-in-view to disable this warning
2025-08-27 00:32:42.722 INFO  org.apache.coyote.http11.Http11NioProtocol        :168  [32m                  [0;39m Starting ProtocolHandler ["http-nio-8080"]
2025-08-27 00:32:42.728 INFO  o.s.boot.web.embedded.tomcat.TomcatWebServer      :243  [32m                  [0;39m Tomcat started on port 8080 (http) with context path '/'
2025-08-27 00:32:42.735 INFO  com.matt.wiki.WikiApplication                     :59   [32m                  [0;39m Started WikiApplication in 6.313 seconds (process running for 6.674)
2025-08-27 00:32:42.737 INFO  com.matt.wiki.WikiApplication                     :168  [32m                  [0;39m Start Successful
2025-08-27 00:32:42.738 INFO  com.matt.wiki.WikiApplication                     :168  [32m                  [0;39m 地址:	http://127.0.0.1:8080
2025-08-27 00:33:00.024 INFO  com.matt.wiki.job.EbookSnapshotJob                :31   [32m615554293533118464[0;39m 生成今日电子书快照开始
2025-08-27 00:33:00.362 DEBUG c.m.w.mapper.EbookSnapshotMapperCust.genSnapshot  :135  [32m615554293533118464[0;39m ==>  Preparing: insert into ebook_snapshot(ebook_id, `date`, view_count, vote_count, view_increase, vote_increase) select t1.id, curdate(), 0, 0, 0, 0 from ebook t1 where not exists(select 1 from ebook_snapshot t2 where t1.id = t2.ebook_id and t2.`date` = curdate()); update ebook_snapshot t1, ebook t2 set t1.view_count = t2.view_count, t1.vote_count = t2.vote_count where t1.`date` = curdate() and t1.ebook_id = t2.id; update ebook_snapshot t1 left join (select ebook_id, view_count, vote_count from ebook_snapshot where `date` = date_sub(curdate(), interval 1 day)) t2 on t1.ebook_id = t2.ebook_id set t1.view_increase = (t1.view_count - ifnull(t2.view_count, 0)), t1.vote_increase = (t1.vote_count - ifnull(t2.vote_count, 0)) where t1.`date` = curdate();
2025-08-27 00:33:00.392 DEBUG c.m.w.mapper.EbookSnapshotMapperCust.genSnapshot  :135  [32m615554293533118464[0;39m ==> Parameters: 
2025-08-27 00:33:00.974 DEBUG c.m.w.mapper.EbookSnapshotMapperCust.genSnapshot  :135  [32m615554293533118464[0;39m <==    Updates: 0
2025-08-27 00:33:00.977 INFO  com.matt.wiki.job.EbookSnapshotJob                :34   [32m615554293533118464[0;39m 生成今日电子书快照结束，耗时：953毫秒
2025-08-27 00:33:00.980 INFO  com.matt.wiki.job.DocJob                          :30   [32m615554297542873088[0;39m 更新电子书下的文档数据开始
2025-08-27 00:33:00.981 DEBUG c.matt.wiki.mapper.DocMapperCust.updateEbookInfo  :135  [32m615554297542873088[0;39m ==>  Preparing: update ebook t1, (select ebook_id, count(1) doc_count, sum(view_count) view_count, sum(vote_count) vote_count from doc group by ebook_id) t2 set t1.doc_count = t2.doc_count, t1.view_count = t2.view_count, t1.vote_count = t2.vote_count where t1.id = t2.ebook_id
2025-08-27 00:33:00.981 DEBUG c.matt.wiki.mapper.DocMapperCust.updateEbookInfo  :135  [32m615554297542873088[0;39m ==> Parameters: 
2025-08-27 00:33:01.488 INFO  o.a.c.core.ContainerBase.[Tomcat].[localhost].[/] :168  [32m                  [0;39m Initializing Spring DispatcherServlet 'dispatcherServlet'
2025-08-27 00:33:01.488 INFO  org.springframework.web.servlet.DispatcherServlet :532  [32m                  [0;39m Initializing Servlet 'dispatcherServlet'
2025-08-27 00:33:01.489 INFO  org.springframework.web.servlet.DispatcherServlet :554  [32m                  [0;39m Completed initialization in 1 ms
2025-08-27 00:33:01.516 INFO  com.matt.wiki.aspect.LogAspect                    :53   [32m615554299786825728[0;39m ------------- 开始 -------------
2025-08-27 00:33:01.516 INFO  com.matt.wiki.aspect.LogAspect                    :54   [32m615554299786825728[0;39m 请求地址: http://localhost:8080/ai/chat-stream GET
2025-08-27 00:33:01.516 INFO  com.matt.wiki.aspect.LogAspect                    :55   [32m615554299786825728[0;39m 类名方法: com.matt.wiki.controller.AiController.chatStream
2025-08-27 00:33:01.516 INFO  com.matt.wiki.aspect.LogAspect                    :56   [32m615554299786825728[0;39m 远程地址: 0:0:0:0:0:0:0:1
2025-08-27 00:33:01.534 INFO  com.matt.wiki.aspect.LogAspect                    :82   [32m615554299786825728[0;39m 请求参数: ["我想咨询","111"]
2025-08-27 00:33:01.536 INFO  com.matt.wiki.service.CategoryService             :38   [32m615554299786825728[0;39m -------sessionId:111, message:我想咨询
2025-08-27 00:33:01.724 DEBUG c.matt.wiki.mapper.DocMapperCust.updateEbookInfo  :135  [32m615554297542873088[0;39m <==    Updates: 1
2025-08-27 00:33:01.724 INFO  com.matt.wiki.job.DocJob                          :33   [32m615554297542873088[0;39m 更新电子书下的文档数据结束，耗时：744毫秒
2025-08-27 00:33:02.358 DEBUG org.hibernate.SQL                                 :135  [32m615554299786825728[0;39m 
    insert 
    into
        chat_history
        (content, created_date, role, session_id, updated_date) 
    values
        (?, ?, ?, ?, ?)
2025-08-27 00:33:08.597 DEBUG org.hibernate.SQL                                 :135  [32m615554299786825728[0;39m 
    select
        che1_0.id,
        che1_0.content,
        che1_0.created_date,
        che1_0.role,
        che1_0.session_id,
        che1_0.updated_date 
    from
        chat_history che1_0 
    where
        che1_0.session_id=? 
    order by
        che1_0.id desc 
    limit
        ?
2025-08-27 00:33:08.861 INFO  com.matt.wiki.util.ChatHistoryTools               :33   [32m615554299786825728[0;39m ========getChatHistory[ChatHistory [Hash = 1181117245, id=null, createdDate=null, updatedDate=null, sessionId=null, role=0, content=我想咨询]]
2025-08-27 00:33:13.505 INFO  com.matt.wiki.service.CategoryService             :40   [32m615554299786825728[0;39m ----IntentionOutput(intention=1, output=为便于安排，请告知：①姓名 ②联系电话/邮箱 ③希望时间（如本周三下午或线上）④问题类型（如合约/移民/家庭）。收到后我会查询空闲并回覆可选时段。)
2025-08-27 00:33:15.721 DEBUG org.hibernate.SQL                                 :135  [32m615554299786825728[0;39m 
    select
        che1_0.id,
        che1_0.content,
        che1_0.created_date,
        che1_0.role,
        che1_0.session_id,
        che1_0.updated_date 
    from
        chat_history che1_0 
    where
        che1_0.session_id=? 
    order by
        che1_0.id desc 
    limit
        ?
2025-08-27 00:33:16.025 INFO  com.matt.wiki.util.ChatHistoryTools               :33   [32m615554299786825728[0;39m ========getChatHistory[ChatHistory [Hash = 1474894448, id=null, createdDate=null, updatedDate=null, sessionId=null, role=0, content=我想咨询]]
2025-08-27 00:33:20.432 INFO  com.matt.wiki.service.CategoryService             :71   [32m615554299786825728[0;39m ----GuestRegisterOutput(output=我先为您建立登记。请告知：①姓名 ②联系电话或邮箱 ③问题类型（例如合约/移民/家庭）。（可选：所在城市/语言偏好/是否紧急）, UserName=, phone=, email=, caseType=, area=, language=zh, urgency=low, completed=false)
2025-08-27 00:33:20.434 INFO  com.matt.wiki.service.CategoryService             :41   [32m615554299786825728[0;39m -------sessionId:111, aiMessage:FluxJust
2025-08-27 00:33:20.735 DEBUG org.hibernate.SQL                                 :135  [32m615554299786825728[0;39m 
    insert 
    into
        chat_history
        (content, created_date, role, session_id, updated_date) 
    values
        (?, ?, ?, ?, ?)
2025-08-27 00:33:21.575 INFO  com.matt.wiki.aspect.LogAspect                    :96   [32m615554299786825728[0;39m 返回结果: FluxJust
2025-08-27 00:33:21.576 INFO  com.matt.wiki.aspect.LogAspect                    :100  [32m615554299786825728[0;39m ------------- 结束 耗时：20061 ms -------------
2025-08-27 00:33:27.022 INFO  com.matt.wiki.aspect.LogAspect                    :53   [32m615554406770937856[0;39m ------------- 开始 -------------
2025-08-27 00:33:27.023 INFO  com.matt.wiki.aspect.LogAspect                    :54   [32m615554406770937856[0;39m 请求地址: http://localhost:8080/ai/chat-stream GET
2025-08-27 00:33:27.023 INFO  com.matt.wiki.aspect.LogAspect                    :55   [32m615554406770937856[0;39m 类名方法: com.matt.wiki.controller.AiController.chatStream
2025-08-27 00:33:27.023 INFO  com.matt.wiki.aspect.LogAspect                    :56   [32m615554406770937856[0;39m 远程地址: 0:0:0:0:0:0:0:1
2025-08-27 00:33:27.024 INFO  com.matt.wiki.aspect.LogAspect                    :82   [32m615554406770937856[0;39m 请求参数: ["我想咨询","111"]
2025-08-27 00:33:27.025 INFO  com.matt.wiki.service.CategoryService             :38   [32m615554406770937856[0;39m -------sessionId:111, message:我想咨询
2025-08-27 00:33:27.586 DEBUG org.hibernate.SQL                                 :135  [32m615554406770937856[0;39m 
    insert 
    into
        chat_history
        (content, created_date, role, session_id, updated_date) 
    values
        (?, ?, ?, ?, ?)
2025-08-27 00:33:30.397 DEBUG org.hibernate.SQL                                 :135  [32m615554406770937856[0;39m 
    select
        che1_0.id,
        che1_0.content,
        che1_0.created_date,
        che1_0.role,
        che1_0.session_id,
        che1_0.updated_date 
    from
        chat_history che1_0 
    where
        che1_0.session_id=? 
    order by
        che1_0.id desc 
    limit
        ?
2025-08-27 00:33:30.692 INFO  com.matt.wiki.util.ChatHistoryTools               :33   [32m615554406770937856[0;39m ========getChatHistory[ChatHistory [Hash = 630032767, id=null, createdDate=null, updatedDate=null, sessionId=null, role=0, content=我想咨询], ChatHistory [Hash = 993517523, id=null, createdDate=null, updatedDate=null, sessionId=null, role=1, content=FluxJust], ChatHistory [Hash = 1948513594, id=null, createdDate=null, updatedDate=null, sessionId=null, role=0, content=我想咨询]]
2025-08-27 00:33:33.912 INFO  com.matt.wiki.aspect.LogAspect                    :53   [32m615554435669692416[0;39m ------------- 开始 -------------
2025-08-27 00:33:33.912 INFO  com.matt.wiki.aspect.LogAspect                    :54   [32m615554435669692416[0;39m 请求地址: http://localhost:8080/ai/chat-stream GET
2025-08-27 00:33:33.913 INFO  com.matt.wiki.aspect.LogAspect                    :55   [32m615554435669692416[0;39m 类名方法: com.matt.wiki.controller.AiController.chatStream
2025-08-27 00:33:33.913 INFO  com.matt.wiki.aspect.LogAspect                    :56   [32m615554435669692416[0;39m 远程地址: 0:0:0:0:0:0:0:1
2025-08-27 00:33:33.913 INFO  com.matt.wiki.aspect.LogAspect                    :82   [32m615554435669692416[0;39m 请求参数: ["张三，电话15926499414，邮箱：774364662@qq.com，离婚，悉尼，紧急","111"]
2025-08-27 00:33:33.913 INFO  com.matt.wiki.service.CategoryService             :38   [32m615554435669692416[0;39m -------sessionId:111, message:张三，电话15926499414，邮箱：774364662@qq.com，离婚，悉尼，紧急
2025-08-27 00:33:34.308 INFO  com.matt.wiki.service.CategoryService             :40   [32m615554406770937856[0;39m ----IntentionOutput(intention=1, output=为了更好地安排咨询，请提供以下信息：①您的全名 ②联系电话或电子邮箱 ③您希望的咨询时间（例如本周三下午，或是线上咨询）④您想要咨询的问题类型（如合约、移民、家庭等）。收到这些信息后，我会查询律师的可用时段并回复您。)
2025-08-27 00:33:34.474 DEBUG org.hibernate.SQL                                 :135  [32m615554435669692416[0;39m 
    insert 
    into
        chat_history
        (content, created_date, role, session_id, updated_date) 
    values
        (?, ?, ?, ?, ?)
2025-08-27 00:33:36.717 DEBUG org.hibernate.SQL                                 :135  [32m615554406770937856[0;39m 
    select
        che1_0.id,
        che1_0.content,
        che1_0.created_date,
        che1_0.role,
        che1_0.session_id,
        che1_0.updated_date 
    from
        chat_history che1_0 
    where
        che1_0.session_id=? 
    order by
        che1_0.id desc 
    limit
        ?
2025-08-27 00:33:36.993 INFO  com.matt.wiki.util.ChatHistoryTools               :33   [32m615554406770937856[0;39m ========getChatHistory[ChatHistory [Hash = 752736881, id=null, createdDate=null, updatedDate=null, sessionId=null, role=0, content=张三，电话15926499414，邮箱：774364662@qq.com，离婚，悉尼，紧急], ChatHistory [Hash = 1164159089, id=null, createdDate=null, updatedDate=null, sessionId=null, role=0, content=我想咨询], ChatHistory [Hash = 1384735371, id=null, createdDate=null, updatedDate=null, sessionId=null, role=1, content=FluxJust], ChatHistory [Hash = 185091558, id=null, createdDate=null, updatedDate=null, sessionId=null, role=0, content=我想咨询]]
2025-08-27 00:33:38.412 DEBUG org.hibernate.SQL                                 :135  [32m615554435669692416[0;39m 
    select
        che1_0.id,
        che1_0.content,
        che1_0.created_date,
        che1_0.role,
        che1_0.session_id,
        che1_0.updated_date 
    from
        chat_history che1_0 
    where
        che1_0.session_id=? 
    order by
        che1_0.id desc 
    limit
        ?
2025-08-27 00:33:38.682 INFO  com.matt.wiki.util.ChatHistoryTools               :33   [32m615554435669692416[0;39m ========getChatHistory[ChatHistory [Hash = 678520480, id=null, createdDate=null, updatedDate=null, sessionId=null, role=0, content=张三，电话15926499414，邮箱：774364662@qq.com，离婚，悉尼，紧急], ChatHistory [Hash = 1309356991, id=null, createdDate=null, updatedDate=null, sessionId=null, role=0, content=我想咨询], ChatHistory [Hash = 1291742715, id=null, createdDate=null, updatedDate=null, sessionId=null, role=1, content=FluxJust], ChatHistory [Hash = 785944993, id=null, createdDate=null, updatedDate=null, sessionId=null, role=0, content=我想咨询]]
2025-08-27 00:33:42.446 INFO  com.matt.wiki.service.CategoryService             :40   [32m615554435669692416[0;39m ----IntentionOutput(intention=1, output=您好，张三先生。了解到您目前处于紧急情况中需要咨询离婚相关事宜。为尽快安排合适的律师与您沟通，请告知：①希望时间（如本周三下午或线上）以便我们查询可选时段并回覆。)
2025-08-27 00:33:44.344 DEBUG org.hibernate.SQL                                 :135  [32m615554435669692416[0;39m 
    select
        che1_0.id,
        che1_0.content,
        che1_0.created_date,
        che1_0.role,
        che1_0.session_id,
        che1_0.updated_date 
    from
        chat_history che1_0 
    where
        che1_0.session_id=? 
    order by
        che1_0.id desc 
    limit
        ?
2025-08-27 00:33:44.402 INFO  com.matt.wiki.service.CategoryService             :71   [32m615554406770937856[0;39m ----GuestRegisterOutput(output=已记录：张三，电话15926499414，邮箱774364662@qq.com，案件类型为离婚，位于悉尼，情况紧急。您的登记已完成。, UserName=张三, phone=+8615926499414, email=774364662@qq.com, caseType=Family (divorce), area=Sydney, language=zh, urgency=high, completed=true)
2025-08-27 00:33:44.596 INFO  com.matt.wiki.util.ChatHistoryTools               :33   [32m615554435669692416[0;39m ========getChatHistory[ChatHistory [Hash = 739302898, id=null, createdDate=null, updatedDate=null, sessionId=null, role=0, content=张三，电话15926499414，邮箱：774364662@qq.com，离婚，悉尼，紧急], ChatHistory [Hash = 874572889, id=null, createdDate=null, updatedDate=null, sessionId=null, role=0, content=我想咨询], ChatHistory [Hash = 611454823, id=null, createdDate=null, updatedDate=null, sessionId=null, role=1, content=FluxJust], ChatHistory [Hash = 492395613, id=null, createdDate=null, updatedDate=null, sessionId=null, role=0, content=我想咨询]]
2025-08-27 00:33:44.652 DEBUG org.hibernate.SQL                                 :135  [32m615554406770937856[0;39m 
    insert 
    into
        clients
        (area, case_type, created_date, email, language, phone, updated_date, urgency, user_name) 
    values
        (?, ?, ?, ?, ?, ?, ?, ?, ?)
2025-08-27 00:33:45.385 INFO  com.matt.wiki.service.CategoryService             :41   [32m615554406770937856[0;39m -------sessionId:111, aiMessage:FluxJust
2025-08-27 00:33:45.635 DEBUG org.hibernate.SQL                                 :135  [32m615554406770937856[0;39m 
    insert 
    into
        chat_history
        (content, created_date, role, session_id, updated_date) 
    values
        (?, ?, ?, ?, ?)
2025-08-27 00:33:46.539 INFO  com.matt.wiki.aspect.LogAspect                    :96   [32m615554406770937856[0;39m 返回结果: FluxJust
2025-08-27 00:33:46.540 INFO  com.matt.wiki.aspect.LogAspect                    :100  [32m615554406770937856[0;39m ------------- 结束 耗时：19518 ms -------------
2025-08-27 00:33:50.505 INFO  com.matt.wiki.service.CategoryService             :71   [32m615554435669692416[0;39m ----GuestRegisterOutput(output=已记录：您的姓名是张三，联系电话15926499414，邮箱774364662@qq.com，您咨询的问题类型为离婚，位于悉尼，并且情况紧急。登记已完成。我将为您查询合适的律师与时间，并通过您提供的联系方式与您确认。, UserName=张三, phone=15926499414, email=774364662@qq.com, caseType=Family (divorce), area=Sydney, language=zh, urgency=high, completed=true)
2025-08-27 00:33:50.765 DEBUG org.hibernate.SQL                                 :135  [32m615554435669692416[0;39m 
    insert 
    into
        clients
        (area, case_type, created_date, email, language, phone, updated_date, urgency, user_name) 
    values
        (?, ?, ?, ?, ?, ?, ?, ?, ?)
2025-08-27 00:33:51.557 INFO  com.matt.wiki.service.CategoryService             :41   [32m615554435669692416[0;39m -------sessionId:111, aiMessage:FluxJust
2025-08-27 00:33:51.865 DEBUG org.hibernate.SQL                                 :135  [32m615554435669692416[0;39m 
    insert 
    into
        chat_history
        (content, created_date, role, session_id, updated_date) 
    values
        (?, ?, ?, ?, ?)
2025-08-27 00:33:52.787 INFO  com.matt.wiki.aspect.LogAspect                    :96   [32m615554435669692416[0;39m 返回结果: FluxJust
2025-08-27 00:33:52.788 INFO  com.matt.wiki.aspect.LogAspect                    :100  [32m615554435669692416[0;39m ------------- 结束 耗时：18876 ms -------------
2025-08-27 00:34:00.000 INFO  com.matt.wiki.job.EbookSnapshotJob                :31   [32m615554545090695168[0;39m 生成今日电子书快照开始
2025-08-27 00:34:00.261 DEBUG c.m.w.mapper.EbookSnapshotMapperCust.genSnapshot  :135  [32m615554545090695168[0;39m ==>  Preparing: insert into ebook_snapshot(ebook_id, `date`, view_count, vote_count, view_increase, vote_increase) select t1.id, curdate(), 0, 0, 0, 0 from ebook t1 where not exists(select 1 from ebook_snapshot t2 where t1.id = t2.ebook_id and t2.`date` = curdate()); update ebook_snapshot t1, ebook t2 set t1.view_count = t2.view_count, t1.vote_count = t2.vote_count where t1.`date` = curdate() and t1.ebook_id = t2.id; update ebook_snapshot t1 left join (select ebook_id, view_count, vote_count from ebook_snapshot where `date` = date_sub(curdate(), interval 1 day)) t2 on t1.ebook_id = t2.ebook_id set t1.view_increase = (t1.view_count - ifnull(t2.view_count, 0)), t1.vote_increase = (t1.vote_count - ifnull(t2.vote_count, 0)) where t1.`date` = curdate();
2025-08-27 00:34:00.262 DEBUG c.m.w.mapper.EbookSnapshotMapperCust.genSnapshot  :135  [32m615554545090695168[0;39m ==> Parameters: 
2025-08-27 00:34:00.777 DEBUG c.m.w.mapper.EbookSnapshotMapperCust.genSnapshot  :135  [32m615554545090695168[0;39m <==    Updates: 0
2025-08-27 00:34:00.778 INFO  com.matt.wiki.job.EbookSnapshotJob                :34   [32m615554545090695168[0;39m 生成今日电子书快照结束，耗时：777毫秒
2025-08-27 00:34:00.779 INFO  com.matt.wiki.job.DocJob                          :30   [32m615554548358057984[0;39m 更新电子书下的文档数据开始
2025-08-27 00:34:00.780 DEBUG c.matt.wiki.mapper.DocMapperCust.updateEbookInfo  :135  [32m615554548358057984[0;39m ==>  Preparing: update ebook t1, (select ebook_id, count(1) doc_count, sum(view_count) view_count, sum(vote_count) vote_count from doc group by ebook_id) t2 set t1.doc_count = t2.doc_count, t1.view_count = t2.view_count, t1.vote_count = t2.vote_count where t1.id = t2.ebook_id
2025-08-27 00:34:00.781 DEBUG c.matt.wiki.mapper.DocMapperCust.updateEbookInfo  :135  [32m615554548358057984[0;39m ==> Parameters: 
2025-08-27 00:34:01.527 DEBUG c.matt.wiki.mapper.DocMapperCust.updateEbookInfo  :135  [32m615554548358057984[0;39m <==    Updates: 1
2025-08-27 00:34:01.529 INFO  com.matt.wiki.job.DocJob                          :33   [32m615554548358057984[0;39m 更新电子书下的文档数据结束，耗时：750毫秒
2025-08-27 00:35:00.005 INFO  com.matt.wiki.job.DocJob                          :30   [32m615554796769906688[0;39m 更新电子书下的文档数据开始
2025-08-27 00:35:00.250 DEBUG c.matt.wiki.mapper.DocMapperCust.updateEbookInfo  :135  [32m615554796769906688[0;39m ==>  Preparing: update ebook t1, (select ebook_id, count(1) doc_count, sum(view_count) view_count, sum(vote_count) vote_count from doc group by ebook_id) t2 set t1.doc_count = t2.doc_count, t1.view_count = t2.view_count, t1.vote_count = t2.vote_count where t1.id = t2.ebook_id
2025-08-27 00:35:00.251 DEBUG c.matt.wiki.mapper.DocMapperCust.updateEbookInfo  :135  [32m615554796769906688[0;39m ==> Parameters: 
2025-08-27 00:35:00.801 DEBUG c.matt.wiki.mapper.DocMapperCust.updateEbookInfo  :135  [32m615554796769906688[0;39m <==    Updates: 1
2025-08-27 00:35:00.802 INFO  com.matt.wiki.job.DocJob                          :33   [32m615554796769906688[0;39m 更新电子书下的文档数据结束，耗时：796毫秒
2025-08-27 00:35:00.803 INFO  com.matt.wiki.job.EbookSnapshotJob                :31   [32m615554800116961280[0;39m 生成今日电子书快照开始
2025-08-27 00:35:00.804 DEBUG c.m.w.mapper.EbookSnapshotMapperCust.genSnapshot  :135  [32m615554800116961280[0;39m ==>  Preparing: insert into ebook_snapshot(ebook_id, `date`, view_count, vote_count, view_increase, vote_increase) select t1.id, curdate(), 0, 0, 0, 0 from ebook t1 where not exists(select 1 from ebook_snapshot t2 where t1.id = t2.ebook_id and t2.`date` = curdate()); update ebook_snapshot t1, ebook t2 set t1.view_count = t2.view_count, t1.vote_count = t2.vote_count where t1.`date` = curdate() and t1.ebook_id = t2.id; update ebook_snapshot t1 left join (select ebook_id, view_count, vote_count from ebook_snapshot where `date` = date_sub(curdate(), interval 1 day)) t2 on t1.ebook_id = t2.ebook_id set t1.view_increase = (t1.view_count - ifnull(t2.view_count, 0)), t1.vote_increase = (t1.vote_count - ifnull(t2.vote_count, 0)) where t1.`date` = curdate();
2025-08-27 00:35:00.806 DEBUG c.m.w.mapper.EbookSnapshotMapperCust.genSnapshot  :135  [32m615554800116961280[0;39m ==> Parameters: 
2025-08-27 00:35:01.524 DEBUG c.m.w.mapper.EbookSnapshotMapperCust.genSnapshot  :135  [32m615554800116961280[0;39m <==    Updates: 0
2025-08-27 00:35:01.525 INFO  com.matt.wiki.job.EbookSnapshotJob                :34   [32m615554800116961280[0;39m 生成今日电子书快照结束，耗时：721毫秒
2025-08-27 00:36:00.001 INFO  com.matt.wiki.job.EbookSnapshotJob                :31   [32m615555048411369472[0;39m 生成今日电子书快照开始
2025-08-27 00:36:00.266 DEBUG c.m.w.mapper.EbookSnapshotMapperCust.genSnapshot  :135  [32m615555048411369472[0;39m ==>  Preparing: insert into ebook_snapshot(ebook_id, `date`, view_count, vote_count, view_increase, vote_increase) select t1.id, curdate(), 0, 0, 0, 0 from ebook t1 where not exists(select 1 from ebook_snapshot t2 where t1.id = t2.ebook_id and t2.`date` = curdate()); update ebook_snapshot t1, ebook t2 set t1.view_count = t2.view_count, t1.vote_count = t2.vote_count where t1.`date` = curdate() and t1.ebook_id = t2.id; update ebook_snapshot t1 left join (select ebook_id, view_count, vote_count from ebook_snapshot where `date` = date_sub(curdate(), interval 1 day)) t2 on t1.ebook_id = t2.ebook_id set t1.view_increase = (t1.view_count - ifnull(t2.view_count, 0)), t1.vote_increase = (t1.vote_count - ifnull(t2.vote_count, 0)) where t1.`date` = curdate();
2025-08-27 00:36:00.266 DEBUG c.m.w.mapper.EbookSnapshotMapperCust.genSnapshot  :135  [32m615555048411369472[0;39m ==> Parameters: 
2025-08-27 00:36:00.808 DEBUG c.m.w.mapper.EbookSnapshotMapperCust.genSnapshot  :135  [32m615555048411369472[0;39m <==    Updates: 0
2025-08-27 00:36:00.808 INFO  com.matt.wiki.job.EbookSnapshotJob                :34   [32m615555048411369472[0;39m 生成今日电子书快照结束，耗时：806毫秒
2025-08-27 00:36:00.809 INFO  com.matt.wiki.job.DocJob                          :30   [32m615555051800367104[0;39m 更新电子书下的文档数据开始
2025-08-27 00:36:00.809 DEBUG c.matt.wiki.mapper.DocMapperCust.updateEbookInfo  :135  [32m615555051800367104[0;39m ==>  Preparing: update ebook t1, (select ebook_id, count(1) doc_count, sum(view_count) view_count, sum(vote_count) vote_count from doc group by ebook_id) t2 set t1.doc_count = t2.doc_count, t1.view_count = t2.view_count, t1.vote_count = t2.vote_count where t1.id = t2.ebook_id
2025-08-27 00:36:00.809 DEBUG c.matt.wiki.mapper.DocMapperCust.updateEbookInfo  :135  [32m615555051800367104[0;39m ==> Parameters: 
2025-08-27 00:36:01.504 DEBUG c.matt.wiki.mapper.DocMapperCust.updateEbookInfo  :135  [32m615555051800367104[0;39m <==    Updates: 1
2025-08-27 00:36:01.505 INFO  com.matt.wiki.job.DocJob                          :33   [32m615555051800367104[0;39m 更新电子书下的文档数据结束，耗时：696毫秒
2025-08-27 00:36:06.839 INFO  o.s.b.d.a.LocalDevToolsAutoConfiguration$RestartingClassPathChangeChangedEventListener:211  [32m                  [0;39m Restarting due to 1 class path change (0 additions, 1 deletion, 0 modifications)
2025-08-27 00:36:06.846 INFO  o.s.boot.web.embedded.tomcat.GracefulShutdown     :54   [32m                  [0;39m Commencing graceful shutdown. Waiting for active requests to complete
2025-08-27 00:36:06.847 INFO  org.apache.coyote.http11.Http11NioProtocol        :168  [32m                  [0;39m Pausing ProtocolHandler ["http-nio-8080"]
2025-08-27 00:36:06.854 INFO  o.s.boot.web.embedded.tomcat.GracefulShutdown     :76   [32m                  [0;39m Graceful shutdown complete
2025-08-27 00:36:06.855 INFO  org.apache.coyote.http11.Http11NioProtocol        :168  [32m                  [0;39m Stopping ProtocolHandler ["http-nio-8080"]
2025-08-27 00:36:06.875 INFO  o.s.orm.jpa.LocalContainerEntityManagerFactoryBean:660  [32m                  [0;39m Closing JPA EntityManagerFactory for persistence unit 'default'
2025-08-27 00:36:06.878 INFO  com.zaxxer.hikari.HikariDataSource                :349  [32m                  [0;39m HikariPool-1 - Shutdown initiated...
2025-08-27 00:36:06.882 INFO  com.zaxxer.hikari.HikariDataSource                :351  [32m                  [0;39m HikariPool-1 - Shutdown completed.
2025-08-27 00:36:06.939 INFO  com.matt.wiki.WikiApplication                     :53   [32m                  [0;39m Starting WikiApplication using Java 20.0.1 with PID 6223 (/Users/yushuzhan/Documents/GitHub/FullStackPractices/wiki/target/classes started by yushuzhan in /Users/yushuzhan/Documents/GitHub/FullStackPractices/wiki)
2025-08-27 00:36:06.939 INFO  com.matt.wiki.WikiApplication                     :652  [32m                  [0;39m No active profile set, falling back to 1 default profile: "default"
2025-08-27 00:36:07.033 INFO  o.s.d.r.config.RepositoryConfigurationDelegate    :294  [32m                  [0;39m Multiple Spring Data modules found, entering strict repository configuration mode
2025-08-27 00:36:07.033 INFO  o.s.d.r.config.RepositoryConfigurationDelegate    :145  [32m                  [0;39m Bootstrapping Spring Data JPA repositories in DEFAULT mode.
2025-08-27 00:36:07.039 INFO  o.s.d.r.config.RepositoryConfigurationDelegate    :213  [32m                  [0;39m Finished Spring Data repository scanning in 5 ms. Found 3 JPA repository interfaces.
2025-08-27 00:36:07.041 INFO  o.s.d.r.config.RepositoryConfigurationDelegate    :294  [32m                  [0;39m Multiple Spring Data modules found, entering strict repository configuration mode
2025-08-27 00:36:07.041 INFO  o.s.d.r.config.RepositoryConfigurationDelegate    :145  [32m                  [0;39m Bootstrapping Spring Data Redis repositories in DEFAULT mode.
2025-08-27 00:36:07.043 INFO  o.s.d.r.c.RepositoryConfigurationExtensionSupport :327  [32m                  [0;39m Spring Data Redis - Could not safely identify store assignment for repository candidate interface com.matt.wiki.repository.BaseRepository; If you want this repository to be a Redis repository, consider annotating your entities with one of these annotations: org.springframework.data.redis.core.RedisHash (preferred), or consider extending one of the following types with your repository: org.springframework.data.keyvalue.repository.KeyValueRepository
2025-08-27 00:36:07.044 INFO  o.s.d.r.c.RepositoryConfigurationExtensionSupport :327  [32m                  [0;39m Spring Data Redis - Could not safely identify store assignment for repository candidate interface com.matt.wiki.repository.ChatHistoryRepository; If you want this repository to be a Redis repository, consider annotating your entities with one of these annotations: org.springframework.data.redis.core.RedisHash (preferred), or consider extending one of the following types with your repository: org.springframework.data.keyvalue.repository.KeyValueRepository
2025-08-27 00:36:07.044 INFO  o.s.d.r.c.RepositoryConfigurationExtensionSupport :327  [32m                  [0;39m Spring Data Redis - Could not safely identify store assignment for repository candidate interface com.matt.wiki.repository.GuestRegisterRepository; If you want this repository to be a Redis repository, consider annotating your entities with one of these annotations: org.springframework.data.redis.core.RedisHash (preferred), or consider extending one of the following types with your repository: org.springframework.data.keyvalue.repository.KeyValueRepository
2025-08-27 00:36:07.044 INFO  o.s.d.r.config.RepositoryConfigurationDelegate    :213  [32m                  [0;39m Finished Spring Data repository scanning in 1 ms. Found 0 Redis repository interfaces.
2025-08-27 00:36:07.131 INFO  o.s.boot.web.embedded.tomcat.TomcatWebServer      :111  [32m                  [0;39m Tomcat initialized with port 8080 (http)
2025-08-27 00:36:07.131 INFO  org.apache.coyote.http11.Http11NioProtocol        :168  [32m                  [0;39m Initializing ProtocolHandler ["http-nio-8080"]
2025-08-27 00:36:07.131 INFO  org.apache.catalina.core.StandardService          :168  [32m                  [0;39m Starting service [Tomcat]
2025-08-27 00:36:07.131 INFO  org.apache.catalina.core.StandardEngine           :168  [32m                  [0;39m Starting Servlet engine: [Apache Tomcat/10.1.42]
2025-08-27 00:36:07.136 INFO  o.a.c.core.ContainerBase.[Tomcat].[localhost].[/] :168  [32m                  [0;39m Initializing Spring embedded WebApplicationContext
2025-08-27 00:36:07.136 INFO  o.s.b.w.s.c.ServletWebServerApplicationContext    :301  [32m                  [0;39m Root WebApplicationContext: initialization completed in 196 ms
2025-08-27 00:36:07.155 INFO  o.s.b.d.autoconfigure.OptionalLiveReloadServer    :59   [32m                  [0;39m LiveReload server is running on port 35729
2025-08-27 00:36:07.183 INFO  com.zaxxer.hikari.HikariDataSource                :109  [32m                  [0;39m HikariPool-2 - Starting...
2025-08-27 00:36:10.020 INFO  com.zaxxer.hikari.pool.HikariPool                 :575  [32m                  [0;39m HikariPool-2 - Added connection com.mysql.cj.jdbc.ConnectionImpl@174c2a7e
2025-08-27 00:36:10.021 INFO  com.zaxxer.hikari.HikariDataSource                :122  [32m                  [0;39m HikariPool-2 - Start completed.
2025-08-27 00:36:10.021 INFO  org.hibernate.jpa.internal.util.LogHelper         :31   [32m                  [0;39m HHH000204: Processing PersistenceUnitInfo [name: default]
2025-08-27 00:36:10.023 INFO  o.hibernate.cache.internal.RegionFactoryInitiator :50   [32m                  [0;39m HHH000026: Second-level cache disabled
2025-08-27 00:36:10.028 INFO  o.s.o.j.persistenceunit.SpringPersistenceUnitInfo :87   [32m                  [0;39m No LoadTimeWeaver setup: ignoring JPA class transformer
2025-08-27 00:36:10.283 INFO  org.hibernate.orm.connections.pooling             :163  [32m                  [0;39m HHH10001005: Database info:
	Database JDBC URL [Connecting through datasource 'HikariDataSource (HikariPool-2)']
	Database driver: undefined/unknown
	Database version: 8.0.36
	Autocommit mode: undefined/unknown
	Isolation level: undefined/unknown
	Minimum pool size: undefined/unknown
	Maximum pool size: undefined/unknown
2025-08-27 00:36:10.284 DEBUG o.h.type.descriptor.sql.spi.DdlTypeRegistry       :64   [32m                  [0;39m addDescriptor(12, org.hibernate.type.descriptor.sql.internal.CapacityDependentDdlType@4cd1f0dd) replaced previous registration(org.hibernate.type.descriptor.sql.internal.CapacityDependentDdlType@2387990d)
2025-08-27 00:36:10.284 DEBUG o.h.type.descriptor.sql.spi.DdlTypeRegistry       :64   [32m                  [0;39m addDescriptor(-9, org.hibernate.type.descriptor.sql.internal.CapacityDependentDdlType@22801438) replaced previous registration(org.hibernate.type.descriptor.sql.internal.CapacityDependentDdlType@42fac259)
2025-08-27 00:36:10.285 DEBUG o.h.type.descriptor.sql.spi.DdlTypeRegistry       :64   [32m                  [0;39m addDescriptor(-3, org.hibernate.type.descriptor.sql.internal.CapacityDependentDdlType@1ee95c3) replaced previous registration(org.hibernate.type.descriptor.sql.internal.CapacityDependentDdlType@1e3e3b02)
2025-08-27 00:36:10.286 DEBUG o.h.type.descriptor.sql.spi.DdlTypeRegistry       :64   [32m                  [0;39m addDescriptor(4003, org.hibernate.type.descriptor.sql.internal.DdlTypeImpl@3c3dcd29) replaced previous registration(org.hibernate.type.descriptor.sql.internal.DdlTypeImpl@28c128fd)
2025-08-27 00:36:10.286 DEBUG o.h.type.descriptor.sql.spi.DdlTypeRegistry       :64   [32m                  [0;39m addDescriptor(4001, org.hibernate.type.descriptor.sql.internal.DdlTypeImpl@5d74e0ab) replaced previous registration(org.hibernate.type.descriptor.sql.internal.DdlTypeImpl@327d362c)
2025-08-27 00:36:10.286 DEBUG o.h.type.descriptor.sql.spi.DdlTypeRegistry       :64   [32m                  [0;39m addDescriptor(4002, org.hibernate.type.descriptor.sql.internal.DdlTypeImpl@60fbe1cf) replaced previous registration(org.hibernate.type.descriptor.sql.internal.DdlTypeImpl@415cbbed)
2025-08-27 00:36:10.286 DEBUG o.h.type.descriptor.sql.spi.DdlTypeRegistry       :64   [32m                  [0;39m addDescriptor(2004, org.hibernate.type.descriptor.sql.internal.CapacityDependentDdlType@3b576ad5) replaced previous registration(org.hibernate.type.descriptor.sql.internal.DdlTypeImpl@6040e7c5)
2025-08-27 00:36:10.286 DEBUG o.h.type.descriptor.sql.spi.DdlTypeRegistry       :64   [32m                  [0;39m addDescriptor(2005, org.hibernate.type.descriptor.sql.internal.CapacityDependentDdlType@5f8a879b) replaced previous registration(org.hibernate.type.descriptor.sql.internal.DdlTypeImpl@7b2ddc54)
2025-08-27 00:36:10.286 DEBUG o.h.type.descriptor.sql.spi.DdlTypeRegistry       :64   [32m                  [0;39m addDescriptor(2011, org.hibernate.type.descriptor.sql.internal.CapacityDependentDdlType@7b2c1026) replaced previous registration(org.hibernate.type.descriptor.sql.internal.DdlTypeImpl@1c35ae49)
2025-08-27 00:36:10.346 INFO  o.h.e.t.jta.platform.internal.JtaPlatformInitiator:59   [32m                  [0;39m HHH000489: No JTA platform available (set 'hibernate.transaction.jta.platform' to enable JTA platform integration)
2025-08-27 00:36:10.347 INFO  o.s.orm.jpa.LocalContainerEntityManagerFactoryBean:447  [32m                  [0;39m Initialized JPA EntityManagerFactory for persistence unit 'default'
2025-08-27 00:36:10.428 WARN  o.s.b.w.s.c.AnnotationConfigServletWebServerApplicationContext:635  [32m                  [0;39m Exception encountered during context initialization - cancelling refresh attempt: org.springframework.beans.factory.UnsatisfiedDependencyException: Error creating bean with name 'aiController': Unsatisfied dependency expressed through field 'aiChatService': No qualifying bean of type 'com.matt.wiki.service.AiChatService' available: expected at least 1 bean which qualifies as autowire candidate. Dependency annotations: {@org.springframework.beans.factory.annotation.Autowired(required=true)}
2025-08-27 00:36:10.429 INFO  o.s.orm.jpa.LocalContainerEntityManagerFactoryBean:660  [32m                  [0;39m Closing JPA EntityManagerFactory for persistence unit 'default'
2025-08-27 00:36:10.429 INFO  com.zaxxer.hikari.HikariDataSource                :349  [32m                  [0;39m HikariPool-2 - Shutdown initiated...
2025-08-27 00:36:11.955 INFO  com.zaxxer.hikari.HikariDataSource                :351  [32m                  [0;39m HikariPool-2 - Shutdown completed.
2025-08-27 00:36:11.956 INFO  org.apache.catalina.core.StandardService          :168  [32m                  [0;39m Stopping service [Tomcat]
2025-08-27 00:36:11.965 INFO  o.s.b.a.logging.ConditionEvaluationReportLogger   :82   [32m                  [0;39m 

Error starting ApplicationContext. To display the condition evaluation report re-run your application with 'debug' enabled.
2025-08-27 00:36:11.984 ERROR o.s.b.diagnostics.LoggingFailureAnalysisReporter  :40   [32m                  [0;39m 

***************************
APPLICATION FAILED TO START
***************************

Description:

Field aiChatService in com.matt.wiki.controller.AiController required a bean of type 'com.matt.wiki.service.AiChatService' that could not be found.

The injection point has the following annotations:
	- @org.springframework.beans.factory.annotation.Autowired(required=true)


Action:

Consider defining a bean of type 'com.matt.wiki.service.AiChatService' in your configuration.

2025-08-27 00:37:16.205 INFO  com.matt.wiki.WikiApplication                     :53   [32m                  [0;39m Starting WikiApplication using Java 20.0.1 with PID 6223 (/Users/yushuzhan/Documents/GitHub/FullStackPractices/wiki/target/classes started by yushuzhan in /Users/yushuzhan/Documents/GitHub/FullStackPractices/wiki)
2025-08-27 00:37:16.205 INFO  com.matt.wiki.WikiApplication                     :652  [32m                  [0;39m No active profile set, falling back to 1 default profile: "default"
2025-08-27 00:37:16.289 INFO  o.s.d.r.config.RepositoryConfigurationDelegate    :294  [32m                  [0;39m Multiple Spring Data modules found, entering strict repository configuration mode
2025-08-27 00:37:16.289 INFO  o.s.d.r.config.RepositoryConfigurationDelegate    :145  [32m                  [0;39m Bootstrapping Spring Data JPA repositories in DEFAULT mode.
2025-08-27 00:37:16.295 INFO  o.s.d.r.config.RepositoryConfigurationDelegate    :213  [32m                  [0;39m Finished Spring Data repository scanning in 5 ms. Found 3 JPA repository interfaces.
2025-08-27 00:37:16.297 INFO  o.s.d.r.config.RepositoryConfigurationDelegate    :294  [32m                  [0;39m Multiple Spring Data modules found, entering strict repository configuration mode
2025-08-27 00:37:16.297 INFO  o.s.d.r.config.RepositoryConfigurationDelegate    :145  [32m                  [0;39m Bootstrapping Spring Data Redis repositories in DEFAULT mode.
2025-08-27 00:37:16.299 INFO  o.s.d.r.c.RepositoryConfigurationExtensionSupport :327  [32m                  [0;39m Spring Data Redis - Could not safely identify store assignment for repository candidate interface com.matt.wiki.repository.BaseRepository; If you want this repository to be a Redis repository, consider annotating your entities with one of these annotations: org.springframework.data.redis.core.RedisHash (preferred), or consider extending one of the following types with your repository: org.springframework.data.keyvalue.repository.KeyValueRepository
2025-08-27 00:37:16.299 INFO  o.s.d.r.c.RepositoryConfigurationExtensionSupport :327  [32m                  [0;39m Spring Data Redis - Could not safely identify store assignment for repository candidate interface com.matt.wiki.repository.ChatHistoryRepository; If you want this repository to be a Redis repository, consider annotating your entities with one of these annotations: org.springframework.data.redis.core.RedisHash (preferred), or consider extending one of the following types with your repository: org.springframework.data.keyvalue.repository.KeyValueRepository
2025-08-27 00:37:16.299 INFO  o.s.d.r.c.RepositoryConfigurationExtensionSupport :327  [32m                  [0;39m Spring Data Redis - Could not safely identify store assignment for repository candidate interface com.matt.wiki.repository.GuestRegisterRepository; If you want this repository to be a Redis repository, consider annotating your entities with one of these annotations: org.springframework.data.redis.core.RedisHash (preferred), or consider extending one of the following types with your repository: org.springframework.data.keyvalue.repository.KeyValueRepository
2025-08-27 00:37:16.299 INFO  o.s.d.r.config.RepositoryConfigurationDelegate    :213  [32m                  [0;39m Finished Spring Data repository scanning in 1 ms. Found 0 Redis repository interfaces.
2025-08-27 00:37:16.384 INFO  o.s.boot.web.embedded.tomcat.TomcatWebServer      :111  [32m                  [0;39m Tomcat initialized with port 8080 (http)
2025-08-27 00:37:16.385 INFO  org.apache.coyote.http11.Http11NioProtocol        :168  [32m                  [0;39m Initializing ProtocolHandler ["http-nio-8080"]
2025-08-27 00:37:16.385 INFO  org.apache.catalina.core.StandardService          :168  [32m                  [0;39m Starting service [Tomcat]
2025-08-27 00:37:16.385 INFO  org.apache.catalina.core.StandardEngine           :168  [32m                  [0;39m Starting Servlet engine: [Apache Tomcat/10.1.42]
2025-08-27 00:37:16.390 INFO  o.a.c.c.ContainerBase.[Tomcat-1].[localhost].[/]  :168  [32m                  [0;39m Initializing Spring embedded WebApplicationContext
2025-08-27 00:37:16.390 INFO  o.s.b.w.s.c.ServletWebServerApplicationContext    :301  [32m                  [0;39m Root WebApplicationContext: initialization completed in 184 ms
2025-08-27 00:37:16.408 INFO  o.s.b.d.autoconfigure.OptionalLiveReloadServer    :59   [32m                  [0;39m LiveReload server is running on port 35729
2025-08-27 00:37:16.437 INFO  com.zaxxer.hikari.HikariDataSource                :109  [32m                  [0;39m HikariPool-3 - Starting...
2025-08-27 00:37:19.120 INFO  com.zaxxer.hikari.pool.HikariPool                 :575  [32m                  [0;39m HikariPool-3 - Added connection com.mysql.cj.jdbc.ConnectionImpl@33060018
2025-08-27 00:37:19.121 INFO  com.zaxxer.hikari.HikariDataSource                :122  [32m                  [0;39m HikariPool-3 - Start completed.
2025-08-27 00:37:19.124 INFO  org.hibernate.jpa.internal.util.LogHelper         :31   [32m                  [0;39m HHH000204: Processing PersistenceUnitInfo [name: default]
2025-08-27 00:37:19.129 INFO  o.hibernate.cache.internal.RegionFactoryInitiator :50   [32m                  [0;39m HHH000026: Second-level cache disabled
2025-08-27 00:37:19.141 INFO  o.s.o.j.persistenceunit.SpringPersistenceUnitInfo :87   [32m                  [0;39m No LoadTimeWeaver setup: ignoring JPA class transformer
2025-08-27 00:37:19.414 INFO  org.hibernate.orm.connections.pooling             :163  [32m                  [0;39m HHH10001005: Database info:
	Database JDBC URL [Connecting through datasource 'HikariDataSource (HikariPool-3)']
	Database driver: undefined/unknown
	Database version: 8.0.36
	Autocommit mode: undefined/unknown
	Isolation level: undefined/unknown
	Minimum pool size: undefined/unknown
	Maximum pool size: undefined/unknown
2025-08-27 00:37:19.415 DEBUG o.h.type.descriptor.sql.spi.DdlTypeRegistry       :64   [32m                  [0;39m addDescriptor(12, org.hibernate.type.descriptor.sql.internal.CapacityDependentDdlType@9333897) replaced previous registration(org.hibernate.type.descriptor.sql.internal.CapacityDependentDdlType@187acf)
2025-08-27 00:37:19.415 DEBUG o.h.type.descriptor.sql.spi.DdlTypeRegistry       :64   [32m                  [0;39m addDescriptor(-9, org.hibernate.type.descriptor.sql.internal.CapacityDependentDdlType@292c4c9d) replaced previous registration(org.hibernate.type.descriptor.sql.internal.CapacityDependentDdlType@3e9d8dba)
2025-08-27 00:37:19.416 DEBUG o.h.type.descriptor.sql.spi.DdlTypeRegistry       :64   [32m                  [0;39m addDescriptor(-3, org.hibernate.type.descriptor.sql.internal.CapacityDependentDdlType@2e7aed7e) replaced previous registration(org.hibernate.type.descriptor.sql.internal.CapacityDependentDdlType@6d77347c)
2025-08-27 00:37:19.416 DEBUG o.h.type.descriptor.sql.spi.DdlTypeRegistry       :64   [32m                  [0;39m addDescriptor(4003, org.hibernate.type.descriptor.sql.internal.DdlTypeImpl@2674d5eb) replaced previous registration(org.hibernate.type.descriptor.sql.internal.DdlTypeImpl@74d67cc2)
2025-08-27 00:37:19.416 DEBUG o.h.type.descriptor.sql.spi.DdlTypeRegistry       :64   [32m                  [0;39m addDescriptor(4001, org.hibernate.type.descriptor.sql.internal.DdlTypeImpl@dbe7e3b) replaced previous registration(org.hibernate.type.descriptor.sql.internal.DdlTypeImpl@59be7f24)
2025-08-27 00:37:19.416 DEBUG o.h.type.descriptor.sql.spi.DdlTypeRegistry       :64   [32m                  [0;39m addDescriptor(4002, org.hibernate.type.descriptor.sql.internal.DdlTypeImpl@59e53275) replaced previous registration(org.hibernate.type.descriptor.sql.internal.DdlTypeImpl@1e1265e7)
2025-08-27 00:37:19.416 DEBUG o.h.type.descriptor.sql.spi.DdlTypeRegistry       :64   [32m                  [0;39m addDescriptor(2004, org.hibernate.type.descriptor.sql.internal.CapacityDependentDdlType@60a39fb8) replaced previous registration(org.hibernate.type.descriptor.sql.internal.DdlTypeImpl@4ace8bd7)
2025-08-27 00:37:19.416 DEBUG o.h.type.descriptor.sql.spi.DdlTypeRegistry       :64   [32m                  [0;39m addDescriptor(2005, org.hibernate.type.descriptor.sql.internal.CapacityDependentDdlType@3ac86e61) replaced previous registration(org.hibernate.type.descriptor.sql.internal.DdlTypeImpl@37f80982)
2025-08-27 00:37:19.416 DEBUG o.h.type.descriptor.sql.spi.DdlTypeRegistry       :64   [32m                  [0;39m addDescriptor(2011, org.hibernate.type.descriptor.sql.internal.CapacityDependentDdlType@4bda0e9a) replaced previous registration(org.hibernate.type.descriptor.sql.internal.DdlTypeImpl@7574a405)
2025-08-27 00:37:19.471 INFO  o.h.e.t.jta.platform.internal.JtaPlatformInitiator:59   [32m                  [0;39m HHH000489: No JTA platform available (set 'hibernate.transaction.jta.platform' to enable JTA platform integration)
2025-08-27 00:37:19.472 INFO  o.s.orm.jpa.LocalContainerEntityManagerFactoryBean:447  [32m                  [0;39m Initialized JPA EntityManagerFactory for persistence unit 'default'
2025-08-27 00:37:19.653 WARN  o.s.b.a.o.j.JpaBaseConfiguration$JpaWebConfiguration:258  [32m                  [0;39m spring.jpa.open-in-view is enabled by default. Therefore, database queries may be performed during view rendering. Explicitly configure spring.jpa.open-in-view to disable this warning
2025-08-27 00:37:19.822 INFO  org.apache.coyote.http11.Http11NioProtocol        :168  [32m                  [0;39m Starting ProtocolHandler ["http-nio-8080"]
2025-08-27 00:37:19.823 INFO  o.s.boot.web.embedded.tomcat.TomcatWebServer      :243  [32m                  [0;39m Tomcat started on port 8080 (http) with context path '/'
2025-08-27 00:37:19.825 INFO  com.matt.wiki.WikiApplication                     :59   [32m                  [0;39m Started WikiApplication in 3.635 seconds (process running for 283.763)
2025-08-27 00:37:19.826 INFO  o.s.b.d.a.ConditionEvaluationDeltaLoggingListener :63   [32m                  [0;39m Condition evaluation unchanged
2025-08-27 00:37:19.826 INFO  com.matt.wiki.WikiApplication                     :168  [32m                  [0;39m Start Successful
2025-08-27 00:37:19.827 INFO  com.matt.wiki.WikiApplication                     :168  [32m                  [0;39m 地址:	http://127.0.0.1:8080
2025-08-27 00:37:38.442 INFO  o.s.b.d.a.LocalDevToolsAutoConfiguration$RestartingClassPathChangeChangedEventListener:211  [32m                  [0;39m Restarting due to 130 class path changes (0 additions, 113 deletions, 17 modifications)
2025-08-27 00:37:38.443 INFO  o.s.boot.web.embedded.tomcat.GracefulShutdown     :54   [32m                  [0;39m Commencing graceful shutdown. Waiting for active requests to complete
2025-08-27 00:37:38.443 INFO  org.apache.coyote.http11.Http11NioProtocol        :168  [32m                  [0;39m Pausing ProtocolHandler ["http-nio-8080"]
2025-08-27 00:37:38.444 INFO  o.s.boot.web.embedded.tomcat.GracefulShutdown     :76   [32m                  [0;39m Graceful shutdown complete
2025-08-27 00:37:38.444 INFO  org.apache.coyote.http11.Http11NioProtocol        :168  [32m                  [0;39m Stopping ProtocolHandler ["http-nio-8080"]
2025-08-27 00:37:38.447 INFO  o.s.orm.jpa.LocalContainerEntityManagerFactoryBean:660  [32m                  [0;39m Closing JPA EntityManagerFactory for persistence unit 'default'
2025-08-27 00:37:38.448 INFO  com.zaxxer.hikari.HikariDataSource                :349  [32m                  [0;39m HikariPool-3 - Shutdown initiated...
2025-08-27 00:37:38.449 INFO  com.zaxxer.hikari.HikariDataSource                :351  [32m                  [0;39m HikariPool-3 - Shutdown completed.
2025-08-27 00:37:38.505 INFO  com.matt.wiki.WikiApplication                     :53   [32m                  [0;39m Starting WikiApplication using Java 20.0.1 with PID 6223 (/Users/yushuzhan/Documents/GitHub/FullStackPractices/wiki/target/classes started by yushuzhan in /Users/yushuzhan/Documents/GitHub/FullStackPractices/wiki)
2025-08-27 00:37:38.505 INFO  com.matt.wiki.WikiApplication                     :652  [32m                  [0;39m No active profile set, falling back to 1 default profile: "default"
2025-08-27 00:37:38.579 INFO  o.s.d.r.config.RepositoryConfigurationDelegate    :294  [32m                  [0;39m Multiple Spring Data modules found, entering strict repository configuration mode
2025-08-27 00:37:38.579 INFO  o.s.d.r.config.RepositoryConfigurationDelegate    :145  [32m                  [0;39m Bootstrapping Spring Data JPA repositories in DEFAULT mode.
2025-08-27 00:37:38.586 INFO  o.s.d.r.config.RepositoryConfigurationDelegate    :213  [32m                  [0;39m Finished Spring Data repository scanning in 6 ms. Found 2 JPA repository interfaces.
2025-08-27 00:37:38.588 INFO  o.s.d.r.config.RepositoryConfigurationDelegate    :294  [32m                  [0;39m Multiple Spring Data modules found, entering strict repository configuration mode
2025-08-27 00:37:38.588 INFO  o.s.d.r.config.RepositoryConfigurationDelegate    :145  [32m                  [0;39m Bootstrapping Spring Data Redis repositories in DEFAULT mode.
2025-08-27 00:37:38.592 INFO  o.s.d.r.c.RepositoryConfigurationExtensionSupport :327  [32m                  [0;39m Spring Data Redis - Could not safely identify store assignment for repository candidate interface com.matt.wiki.repository.BaseRepository; If you want this repository to be a Redis repository, consider annotating your entities with one of these annotations: org.springframework.data.redis.core.RedisHash (preferred), or consider extending one of the following types with your repository: org.springframework.data.keyvalue.repository.KeyValueRepository
2025-08-27 00:37:38.593 INFO  o.s.d.r.c.RepositoryConfigurationExtensionSupport :327  [32m                  [0;39m Spring Data Redis - Could not safely identify store assignment for repository candidate interface com.matt.wiki.repository.ChatHistoryRepository; If you want this repository to be a Redis repository, consider annotating your entities with one of these annotations: org.springframework.data.redis.core.RedisHash (preferred), or consider extending one of the following types with your repository: org.springframework.data.keyvalue.repository.KeyValueRepository
2025-08-27 00:37:38.593 INFO  o.s.d.r.config.RepositoryConfigurationDelegate    :213  [32m                  [0;39m Finished Spring Data repository scanning in 4 ms. Found 0 Redis repository interfaces.
2025-08-27 00:37:38.661 INFO  o.s.boot.web.embedded.tomcat.TomcatWebServer      :111  [32m                  [0;39m Tomcat initialized with port 8080 (http)
2025-08-27 00:37:38.662 INFO  org.apache.coyote.http11.Http11NioProtocol        :168  [32m                  [0;39m Initializing ProtocolHandler ["http-nio-8080"]
2025-08-27 00:37:38.662 INFO  org.apache.catalina.core.StandardService          :168  [32m                  [0;39m Starting service [Tomcat]
2025-08-27 00:37:38.662 INFO  org.apache.catalina.core.StandardEngine           :168  [32m                  [0;39m Starting Servlet engine: [Apache Tomcat/10.1.42]
2025-08-27 00:37:38.668 INFO  o.a.c.c.ContainerBase.[Tomcat-1].[localhost].[/]  :168  [32m                  [0;39m Initializing Spring embedded WebApplicationContext
2025-08-27 00:37:38.668 INFO  o.s.b.w.s.c.ServletWebServerApplicationContext    :301  [32m                  [0;39m Root WebApplicationContext: initialization completed in 162 ms
2025-08-27 00:37:38.681 INFO  o.s.b.d.autoconfigure.OptionalLiveReloadServer    :59   [32m                  [0;39m LiveReload server is running on port 35729
2025-08-27 00:37:38.699 INFO  com.zaxxer.hikari.HikariDataSource                :109  [32m                  [0;39m HikariPool-4 - Starting...
2025-08-27 00:37:41.461 INFO  com.zaxxer.hikari.pool.HikariPool                 :575  [32m                  [0;39m HikariPool-4 - Added connection com.mysql.cj.jdbc.ConnectionImpl@45ed7931
2025-08-27 00:37:41.462 INFO  com.zaxxer.hikari.HikariDataSource                :122  [32m                  [0;39m HikariPool-4 - Start completed.
2025-08-27 00:37:41.465 INFO  org.hibernate.jpa.internal.util.LogHelper         :31   [32m                  [0;39m HHH000204: Processing PersistenceUnitInfo [name: default]
2025-08-27 00:37:41.470 INFO  o.hibernate.cache.internal.RegionFactoryInitiator :50   [32m                  [0;39m HHH000026: Second-level cache disabled
2025-08-27 00:37:41.482 INFO  o.s.o.j.persistenceunit.SpringPersistenceUnitInfo :87   [32m                  [0;39m No LoadTimeWeaver setup: ignoring JPA class transformer
2025-08-27 00:37:41.756 INFO  org.hibernate.orm.connections.pooling             :163  [32m                  [0;39m HHH10001005: Database info:
	Database JDBC URL [Connecting through datasource 'HikariDataSource (HikariPool-4)']
	Database driver: undefined/unknown
	Database version: 8.0.36
	Autocommit mode: undefined/unknown
	Isolation level: undefined/unknown
	Minimum pool size: undefined/unknown
	Maximum pool size: undefined/unknown
2025-08-27 00:37:41.757 DEBUG o.h.type.descriptor.sql.spi.DdlTypeRegistry       :64   [32m                  [0;39m addDescriptor(12, org.hibernate.type.descriptor.sql.internal.CapacityDependentDdlType@40617ee6) replaced previous registration(org.hibernate.type.descriptor.sql.internal.CapacityDependentDdlType@2d2a1475)
2025-08-27 00:37:41.758 DEBUG o.h.type.descriptor.sql.spi.DdlTypeRegistry       :64   [32m                  [0;39m addDescriptor(-9, org.hibernate.type.descriptor.sql.internal.CapacityDependentDdlType@57bba05f) replaced previous registration(org.hibernate.type.descriptor.sql.internal.CapacityDependentDdlType@33a44cc2)
2025-08-27 00:37:41.758 DEBUG o.h.type.descriptor.sql.spi.DdlTypeRegistry       :64   [32m                  [0;39m addDescriptor(-3, org.hibernate.type.descriptor.sql.internal.CapacityDependentDdlType@78f9921e) replaced previous registration(org.hibernate.type.descriptor.sql.internal.CapacityDependentDdlType@50db8c8)
2025-08-27 00:37:41.759 DEBUG o.h.type.descriptor.sql.spi.DdlTypeRegistry       :64   [32m                  [0;39m addDescriptor(4003, org.hibernate.type.descriptor.sql.internal.DdlTypeImpl@fbe496e) replaced previous registration(org.hibernate.type.descriptor.sql.internal.DdlTypeImpl@1e6dc607)
2025-08-27 00:37:41.759 DEBUG o.h.type.descriptor.sql.spi.DdlTypeRegistry       :64   [32m                  [0;39m addDescriptor(4001, org.hibernate.type.descriptor.sql.internal.DdlTypeImpl@2a30deb6) replaced previous registration(org.hibernate.type.descriptor.sql.internal.DdlTypeImpl@4213f8c0)
2025-08-27 00:37:41.760 DEBUG o.h.type.descriptor.sql.spi.DdlTypeRegistry       :64   [32m                  [0;39m addDescriptor(4002, org.hibernate.type.descriptor.sql.internal.DdlTypeImpl@3f9b3cd5) replaced previous registration(org.hibernate.type.descriptor.sql.internal.DdlTypeImpl@4f3698df)
2025-08-27 00:37:41.760 DEBUG o.h.type.descriptor.sql.spi.DdlTypeRegistry       :64   [32m                  [0;39m addDescriptor(2004, org.hibernate.type.descriptor.sql.internal.CapacityDependentDdlType@63df2ae1) replaced previous registration(org.hibernate.type.descriptor.sql.internal.DdlTypeImpl@3ed71ba2)
2025-08-27 00:37:41.760 DEBUG o.h.type.descriptor.sql.spi.DdlTypeRegistry       :64   [32m                  [0;39m addDescriptor(2005, org.hibernate.type.descriptor.sql.internal.CapacityDependentDdlType@584cf539) replaced previous registration(org.hibernate.type.descriptor.sql.internal.DdlTypeImpl@23c77e8f)
2025-08-27 00:37:41.761 DEBUG o.h.type.descriptor.sql.spi.DdlTypeRegistry       :64   [32m                  [0;39m addDescriptor(2011, org.hibernate.type.descriptor.sql.internal.CapacityDependentDdlType@3955c034) replaced previous registration(org.hibernate.type.descriptor.sql.internal.DdlTypeImpl@3fd9d6b7)
2025-08-27 00:37:41.802 INFO  o.h.e.t.jta.platform.internal.JtaPlatformInitiator:59   [32m                  [0;39m HHH000489: No JTA platform available (set 'hibernate.transaction.jta.platform' to enable JTA platform integration)
2025-08-27 00:37:41.802 INFO  o.s.orm.jpa.LocalContainerEntityManagerFactoryBean:447  [32m                  [0;39m Initialized JPA EntityManagerFactory for persistence unit 'default'
2025-08-27 00:37:41.829 WARN  o.s.b.w.s.c.AnnotationConfigServletWebServerApplicationContext:635  [32m                  [0;39m Exception encountered during context initialization - cancelling refresh attempt: org.springframework.beans.factory.BeanCreationException: Error creating bean with name 'categoryController': Injection of resource dependencies failed
2025-08-27 00:37:41.829 INFO  o.s.orm.jpa.LocalContainerEntityManagerFactoryBean:660  [32m                  [0;39m Closing JPA EntityManagerFactory for persistence unit 'default'
2025-08-27 00:37:41.829 INFO  com.zaxxer.hikari.HikariDataSource                :349  [32m                  [0;39m HikariPool-4 - Shutdown initiated...
2025-08-27 00:37:43.633 INFO  com.zaxxer.hikari.HikariDataSource                :351  [32m                  [0;39m HikariPool-4 - Shutdown completed.
2025-08-27 00:37:43.634 INFO  org.apache.catalina.core.StandardService          :168  [32m                  [0;39m Stopping service [Tomcat]
2025-08-27 00:37:43.643 INFO  o.s.b.a.logging.ConditionEvaluationReportLogger   :82   [32m                  [0;39m 

Error starting ApplicationContext. To display the condition evaluation report re-run your application with 'debug' enabled.
2025-08-27 00:37:43.646 ERROR org.springframework.boot.SpringApplication        :857  [32m                  [0;39m Application run failed
org.springframework.beans.factory.BeanCreationException: Error creating bean with name 'categoryController': Injection of resource dependencies failed
	at org.springframework.context.annotation.CommonAnnotationBeanPostProcessor.postProcessProperties(CommonAnnotationBeanPostProcessor.java:372)
	at org.springframework.beans.factory.support.AbstractAutowireCapableBeanFactory.populateBean(AbstractAutowireCapableBeanFactory.java:1459)
	at org.springframework.beans.factory.support.AbstractAutowireCapableBeanFactory.doCreateBean(AbstractAutowireCapableBeanFactory.java:606)
	at org.springframework.beans.factory.support.AbstractAutowireCapableBeanFactory.createBean(AbstractAutowireCapableBeanFactory.java:529)
	at org.springframework.beans.factory.support.AbstractBeanFactory.lambda$doGetBean$0(AbstractBeanFactory.java:339)
	at org.springframework.beans.factory.support.DefaultSingletonBeanRegistry.getSingleton(DefaultSingletonBeanRegistry.java:373)
	at org.springframework.beans.factory.support.AbstractBeanFactory.doGetBean(AbstractBeanFactory.java:337)
	at org.springframework.beans.factory.support.AbstractBeanFactory.getBean(AbstractBeanFactory.java:202)
	at org.springframework.beans.factory.support.DefaultListableBeanFactory.instantiateSingleton(DefaultListableBeanFactory.java:1222)
	at org.springframework.beans.factory.support.DefaultListableBeanFactory.preInstantiateSingleton(DefaultListableBeanFactory.java:1188)
	at org.springframework.beans.factory.support.DefaultListableBeanFactory.preInstantiateSingletons(DefaultListableBeanFactory.java:1123)
	at org.springframework.context.support.AbstractApplicationContext.finishBeanFactoryInitialization(AbstractApplicationContext.java:987)
	at org.springframework.context.support.AbstractApplicationContext.refresh(AbstractApplicationContext.java:627)
	at org.springframework.boot.web.servlet.context.ServletWebServerApplicationContext.refresh(ServletWebServerApplicationContext.java:146)
	at org.springframework.boot.SpringApplication.refresh(SpringApplication.java:752)
	at org.springframework.boot.SpringApplication.refreshContext(SpringApplication.java:439)
	at org.springframework.boot.SpringApplication.run(SpringApplication.java:318)
	at com.matt.wiki.WikiApplication.main(WikiApplication.java:27)
	at java.base/jdk.internal.reflect.DirectMethodHandleAccessor.invoke(DirectMethodHandleAccessor.java:104)
	at java.base/java.lang.reflect.Method.invoke(Method.java:578)
	at org.springframework.boot.devtools.restart.RestartLauncher.run(RestartLauncher.java:50)
Caused by: org.springframework.beans.factory.BeanCreationException: Error creating bean with name 'categoryService': Injection of resource dependencies failed
	at org.springframework.context.annotation.CommonAnnotationBeanPostProcessor.postProcessProperties(CommonAnnotationBeanPostProcessor.java:372)
	at org.springframework.beans.factory.support.AbstractAutowireCapableBeanFactory.populateBean(AbstractAutowireCapableBeanFactory.java:1459)
	at org.springframework.beans.factory.support.AbstractAutowireCapableBeanFactory.doCreateBean(AbstractAutowireCapableBeanFactory.java:606)
	at org.springframework.beans.factory.support.AbstractAutowireCapableBeanFactory.createBean(AbstractAutowireCapableBeanFactory.java:529)
	at org.springframework.beans.factory.support.AbstractBeanFactory.lambda$doGetBean$0(AbstractBeanFactory.java:339)
	at org.springframework.beans.factory.support.DefaultSingletonBeanRegistry.getSingleton(DefaultSingletonBeanRegistry.java:373)
	at org.springframework.beans.factory.support.AbstractBeanFactory.doGetBean(AbstractBeanFactory.java:337)
	at org.springframework.beans.factory.support.AbstractBeanFactory.getBean(AbstractBeanFactory.java:207)
	at org.springframework.beans.factory.support.AbstractAutowireCapableBeanFactory.resolveBeanByName(AbstractAutowireCapableBeanFactory.java:468)
	at org.springframework.context.annotation.CommonAnnotationBeanPostProcessor.autowireResource(CommonAnnotationBeanPostProcessor.java:606)
	at org.springframework.context.annotation.CommonAnnotationBeanPostProcessor.getResource(CommonAnnotationBeanPostProcessor.java:577)
	at org.springframework.context.annotation.CommonAnnotationBeanPostProcessor$ResourceElement.getResourceToInject(CommonAnnotationBeanPostProcessor.java:739)
	at org.springframework.beans.factory.annotation.InjectionMetadata$InjectedElement.inject(InjectionMetadata.java:272)
	at org.springframework.beans.factory.annotation.InjectionMetadata.inject(InjectionMetadata.java:146)
	at org.springframework.context.annotation.CommonAnnotationBeanPostProcessor.postProcessProperties(CommonAnnotationBeanPostProcessor.java:369)
	... 20 common frames omitted
Caused by: org.springframework.beans.factory.UnsatisfiedDependencyException: Error creating bean with name 'categoryMapper' defined in file [/Users/yushuzhan/Documents/GitHub/FullStackPractices/wiki/target/classes/com/matt/wiki/mapper/CategoryMapper.class]: Unsatisfied dependency expressed through bean property 'sqlSessionFactory': Error creating bean with name 'sqlSessionFactory' defined in class path resource [org/mybatis/spring/boot/autoconfigure/MybatisAutoConfiguration.class]: Failed to instantiate [org.apache.ibatis.session.SqlSessionFactory]: Factory method 'sqlSessionFactory' threw exception with message: Failed to parse mapping resource: 'file [/Users/yushuzhan/Documents/GitHub/FullStackPractices/wiki/target/classes/mapper/DocMapper.xml]'
	at org.springframework.beans.factory.support.AbstractAutowireCapableBeanFactory.autowireByType(AbstractAutowireCapableBeanFactory.java:1556)
	at org.springframework.beans.factory.support.AbstractAutowireCapableBeanFactory.populateBean(AbstractAutowireCapableBeanFactory.java:1450)
	at org.springframework.beans.factory.support.AbstractAutowireCapableBeanFactory.doCreateBean(AbstractAutowireCapableBeanFactory.java:606)
	at org.springframework.beans.factory.support.AbstractAutowireCapableBeanFactory.createBean(AbstractAutowireCapableBeanFactory.java:529)
	at org.springframework.beans.factory.support.AbstractBeanFactory.lambda$doGetBean$0(AbstractBeanFactory.java:339)
	at org.springframework.beans.factory.support.DefaultSingletonBeanRegistry.getSingleton(DefaultSingletonBeanRegistry.java:373)
	at org.springframework.beans.factory.support.AbstractBeanFactory.doGetBean(AbstractBeanFactory.java:337)
	at org.springframework.beans.factory.support.AbstractBeanFactory.getBean(AbstractBeanFactory.java:207)
	at org.springframework.beans.factory.support.AbstractAutowireCapableBeanFactory.resolveBeanByName(AbstractAutowireCapableBeanFactory.java:468)
	at org.springframework.context.annotation.CommonAnnotationBeanPostProcessor.autowireResource(CommonAnnotationBeanPostProcessor.java:606)
	at org.springframework.context.annotation.CommonAnnotationBeanPostProcessor.getResource(CommonAnnotationBeanPostProcessor.java:577)
	at org.springframework.context.annotation.CommonAnnotationBeanPostProcessor$ResourceElement.getResourceToInject(CommonAnnotationBeanPostProcessor.java:739)
	at org.springframework.beans.factory.annotation.InjectionMetadata$InjectedElement.inject(InjectionMetadata.java:272)
	at org.springframework.beans.factory.annotation.InjectionMetadata.inject(InjectionMetadata.java:146)
	at org.springframework.context.annotation.CommonAnnotationBeanPostProcessor.postProcessProperties(CommonAnnotationBeanPostProcessor.java:369)
	... 34 common frames omitted
Caused by: org.springframework.beans.factory.BeanCreationException: Error creating bean with name 'sqlSessionFactory' defined in class path resource [org/mybatis/spring/boot/autoconfigure/MybatisAutoConfiguration.class]: Failed to instantiate [org.apache.ibatis.session.SqlSessionFactory]: Factory method 'sqlSessionFactory' threw exception with message: Failed to parse mapping resource: 'file [/Users/yushuzhan/Documents/GitHub/FullStackPractices/wiki/target/classes/mapper/DocMapper.xml]'
	at org.springframework.beans.factory.support.ConstructorResolver.instantiate(ConstructorResolver.java:657)
	at org.springframework.beans.factory.support.ConstructorResolver.instantiateUsingFactoryMethod(ConstructorResolver.java:645)
	at org.springframework.beans.factory.support.AbstractAutowireCapableBeanFactory.instantiateUsingFactoryMethod(AbstractAutowireCapableBeanFactory.java:1375)
	at org.springframework.beans.factory.support.AbstractAutowireCapableBeanFactory.createBeanInstance(AbstractAutowireCapableBeanFactory.java:1205)
	at org.springframework.beans.factory.support.AbstractAutowireCapableBeanFactory.doCreateBean(AbstractAutowireCapableBeanFactory.java:569)
	at org.springframework.beans.factory.support.AbstractAutowireCapableBeanFactory.createBean(AbstractAutowireCapableBeanFactory.java:529)
	at org.springframework.beans.factory.support.AbstractBeanFactory.lambda$doGetBean$0(AbstractBeanFactory.java:339)
	at org.springframework.beans.factory.support.DefaultSingletonBeanRegistry.getSingleton(DefaultSingletonBeanRegistry.java:373)
	at org.springframework.beans.factory.support.AbstractBeanFactory.doGetBean(AbstractBeanFactory.java:337)
	at org.springframework.beans.factory.support.AbstractBeanFactory.getBean(AbstractBeanFactory.java:202)
	at org.springframework.beans.factory.config.DependencyDescriptor.resolveCandidate(DependencyDescriptor.java:254)
	at org.springframework.beans.factory.support.DefaultListableBeanFactory.doResolveDependency(DefaultListableBeanFactory.java:1745)
	at org.springframework.beans.factory.support.DefaultListableBeanFactory.resolveDependency(DefaultListableBeanFactory.java:1628)
	at org.springframework.beans.factory.support.AbstractAutowireCapableBeanFactory.autowireByType(AbstractAutowireCapableBeanFactory.java:1541)
	... 48 common frames omitted
Caused by: org.springframework.beans.BeanInstantiationException: Failed to instantiate [org.apache.ibatis.session.SqlSessionFactory]: Factory method 'sqlSessionFactory' threw exception with message: Failed to parse mapping resource: 'file [/Users/yushuzhan/Documents/GitHub/FullStackPractices/wiki/target/classes/mapper/DocMapper.xml]'
	at org.springframework.beans.factory.support.SimpleInstantiationStrategy.lambda$instantiate$0(SimpleInstantiationStrategy.java:199)
	at org.springframework.beans.factory.support.SimpleInstantiationStrategy.instantiateWithFactoryMethod(SimpleInstantiationStrategy.java:88)
	at org.springframework.beans.factory.support.SimpleInstantiationStrategy.instantiate(SimpleInstantiationStrategy.java:168)
	at org.springframework.beans.factory.support.ConstructorResolver.instantiate(ConstructorResolver.java:653)
	... 61 common frames omitted
Caused by: java.io.IOException: Failed to parse mapping resource: 'file [/Users/yushuzhan/Documents/GitHub/FullStackPractices/wiki/target/classes/mapper/DocMapper.xml]'
	at org.mybatis.spring.SqlSessionFactoryBean.buildSqlSessionFactory(SqlSessionFactoryBean.java:700)
	at org.mybatis.spring.SqlSessionFactoryBean.afterPropertiesSet(SqlSessionFactoryBean.java:577)
	at org.mybatis.spring.SqlSessionFactoryBean.getObject(SqlSessionFactoryBean.java:720)
	at org.mybatis.spring.boot.autoconfigure.MybatisAutoConfiguration.sqlSessionFactory(MybatisAutoConfiguration.java:189)
	at java.base/jdk.internal.reflect.DirectMethodHandleAccessor.invoke(DirectMethodHandleAccessor.java:104)
	at java.base/java.lang.reflect.Method.invoke(Method.java:578)
	at org.springframework.beans.factory.support.SimpleInstantiationStrategy.lambda$instantiate$0(SimpleInstantiationStrategy.java:171)
	... 64 common frames omitted
Caused by: org.apache.ibatis.builder.BuilderException: Error parsing Mapper XML. The XML location is 'file [/Users/yushuzhan/Documents/GitHub/FullStackPractices/wiki/target/classes/mapper/DocMapper.xml]'. Cause: org.apache.ibatis.builder.BuilderException: Error resolving class. Cause: org.apache.ibatis.type.TypeException: Could not resolve type alias 'com.matt.wiki.domain.DocExample'.  Cause: java.lang.ClassNotFoundException: Cannot find class: com.matt.wiki.domain.DocExample
	at org.apache.ibatis.builder.xml.XMLMapperBuilder.configurationElement(XMLMapperBuilder.java:127)
	at org.apache.ibatis.builder.xml.XMLMapperBuilder.parse(XMLMapperBuilder.java:100)
	at org.mybatis.spring.SqlSessionFactoryBean.buildSqlSessionFactory(SqlSessionFactoryBean.java:698)
	... 70 common frames omitted
Caused by: org.apache.ibatis.builder.BuilderException: Error resolving class. Cause: org.apache.ibatis.type.TypeException: Could not resolve type alias 'com.matt.wiki.domain.DocExample'.  Cause: java.lang.ClassNotFoundException: Cannot find class: com.matt.wiki.domain.DocExample
	at org.apache.ibatis.builder.BaseBuilder.resolveClass(BaseBuilder.java:103)
	at org.apache.ibatis.builder.xml.XMLStatementBuilder.parseStatementNode(XMLStatementBuilder.java:78)
	at org.apache.ibatis.builder.xml.XMLMapperBuilder.buildStatementFromContext(XMLMapperBuilder.java:143)
	at org.apache.ibatis.builder.xml.XMLMapperBuilder.buildStatementFromContext(XMLMapperBuilder.java:135)
	at org.apache.ibatis.builder.xml.XMLMapperBuilder.configurationElement(XMLMapperBuilder.java:125)
	... 72 common frames omitted
Caused by: org.apache.ibatis.type.TypeException: Could not resolve type alias 'com.matt.wiki.domain.DocExample'.  Cause: java.lang.ClassNotFoundException: Cannot find class: com.matt.wiki.domain.DocExample
	at org.apache.ibatis.type.TypeAliasRegistry.resolveAlias(TypeAliasRegistry.java:128)
	at org.apache.ibatis.builder.BaseBuilder.resolveAlias(BaseBuilder.java:132)
	at org.apache.ibatis.builder.BaseBuilder.resolveClass(BaseBuilder.java:101)
	... 76 common frames omitted
Caused by: java.lang.ClassNotFoundException: Cannot find class: com.matt.wiki.domain.DocExample
	at org.apache.ibatis.io.ClassLoaderWrapper.classForName(ClassLoaderWrapper.java:226)
	at org.apache.ibatis.io.ClassLoaderWrapper.classForName(ClassLoaderWrapper.java:103)
	at org.apache.ibatis.io.Resources.classForName(Resources.java:322)
	at org.apache.ibatis.type.TypeAliasRegistry.resolveAlias(TypeAliasRegistry.java:124)
	... 78 common frames omitted
2025-08-27 00:43:46.398 INFO  org.hibernate.validator.internal.util.Version     :21   [32m                  [0;39m HV000001: Hibernate Validator 8.0.2.Final
2025-08-27 00:43:46.413 INFO  com.matt.wiki.WikiApplication                     :53   [32m                  [0;39m Starting WikiApplication using Java 20.0.1 with PID 6514 (/Users/yushuzhan/Documents/GitHub/FullStackPractices/wiki/target/classes started by yushuzhan in /Users/yushuzhan/Documents/GitHub/FullStackPractices/wiki)
2025-08-27 00:43:46.414 INFO  com.matt.wiki.WikiApplication                     :652  [32m                  [0;39m No active profile set, falling back to 1 default profile: "default"
2025-08-27 00:43:46.435 INFO  o.s.boot.devtools.restart.ChangeableUrls          :252  [32m                  [0;39m The Class-Path manifest attribute in /Users/yushuzhan/.m2/repository/org/apache/opennlp/opennlp-tools/2.5.4/opennlp-tools-2.5.4.jar referenced one or more files that do not exist: file:/Users/yushuzhan/.m2/repository/org/apache/opennlp/opennlp-tools/2.5.4/slf4j-api-2.0.17.jar
2025-08-27 00:43:46.435 INFO  o.s.b.d.env.DevToolsPropertyDefaultsPostProcessor :252  [32m                  [0;39m Devtools property defaults active! Set 'spring.devtools.add-properties' to 'false' to disable
2025-08-27 00:43:46.435 INFO  o.s.b.d.env.DevToolsPropertyDefaultsPostProcessor :252  [32m                  [0;39m For additional web related logging consider setting the 'logging.level.web' property to 'DEBUG'
2025-08-27 00:43:46.746 INFO  o.s.d.r.config.RepositoryConfigurationDelegate    :294  [32m                  [0;39m Multiple Spring Data modules found, entering strict repository configuration mode
2025-08-27 00:43:46.747 INFO  o.s.d.r.config.RepositoryConfigurationDelegate    :145  [32m                  [0;39m Bootstrapping Spring Data JPA repositories in DEFAULT mode.
2025-08-27 00:43:46.815 INFO  o.s.d.r.config.RepositoryConfigurationDelegate    :213  [32m                  [0;39m Finished Spring Data repository scanning in 63 ms. Found 3 JPA repository interfaces.
2025-08-27 00:43:46.821 INFO  o.s.d.r.config.RepositoryConfigurationDelegate    :294  [32m                  [0;39m Multiple Spring Data modules found, entering strict repository configuration mode
2025-08-27 00:43:46.822 INFO  o.s.d.r.config.RepositoryConfigurationDelegate    :145  [32m                  [0;39m Bootstrapping Spring Data Redis repositories in DEFAULT mode.
2025-08-27 00:43:46.828 INFO  o.s.d.r.c.RepositoryConfigurationExtensionSupport :327  [32m                  [0;39m Spring Data Redis - Could not safely identify store assignment for repository candidate interface com.matt.wiki.repository.BaseRepository; If you want this repository to be a Redis repository, consider annotating your entities with one of these annotations: org.springframework.data.redis.core.RedisHash (preferred), or consider extending one of the following types with your repository: org.springframework.data.keyvalue.repository.KeyValueRepository
2025-08-27 00:43:46.828 INFO  o.s.d.r.c.RepositoryConfigurationExtensionSupport :327  [32m                  [0;39m Spring Data Redis - Could not safely identify store assignment for repository candidate interface com.matt.wiki.repository.ChatHistoryRepository; If you want this repository to be a Redis repository, consider annotating your entities with one of these annotations: org.springframework.data.redis.core.RedisHash (preferred), or consider extending one of the following types with your repository: org.springframework.data.keyvalue.repository.KeyValueRepository
2025-08-27 00:43:46.828 INFO  o.s.d.r.c.RepositoryConfigurationExtensionSupport :327  [32m                  [0;39m Spring Data Redis - Could not safely identify store assignment for repository candidate interface com.matt.wiki.repository.GuestRegisterRepository; If you want this repository to be a Redis repository, consider annotating your entities with one of these annotations: org.springframework.data.redis.core.RedisHash (preferred), or consider extending one of the following types with your repository: org.springframework.data.keyvalue.repository.KeyValueRepository
2025-08-27 00:43:46.828 INFO  o.s.d.r.config.RepositoryConfigurationDelegate    :213  [32m                  [0;39m Finished Spring Data repository scanning in 2 ms. Found 0 Redis repository interfaces.
2025-08-27 00:43:47.199 INFO  o.s.boot.web.embedded.tomcat.TomcatWebServer      :111  [32m                  [0;39m Tomcat initialized with port 8080 (http)
2025-08-27 00:43:47.204 INFO  org.apache.coyote.http11.Http11NioProtocol        :168  [32m                  [0;39m Initializing ProtocolHandler ["http-nio-8080"]
2025-08-27 00:43:47.205 INFO  org.apache.catalina.core.StandardService          :168  [32m                  [0;39m Starting service [Tomcat]
2025-08-27 00:43:47.205 INFO  org.apache.catalina.core.StandardEngine           :168  [32m                  [0;39m Starting Servlet engine: [Apache Tomcat/10.1.42]
2025-08-27 00:43:47.219 INFO  o.a.c.core.ContainerBase.[Tomcat].[localhost].[/] :168  [32m                  [0;39m Initializing Spring embedded WebApplicationContext
2025-08-27 00:43:47.219 INFO  o.s.b.w.s.c.ServletWebServerApplicationContext    :301  [32m                  [0;39m Root WebApplicationContext: initialization completed in 784 ms
2025-08-27 00:43:47.259 INFO  o.s.b.d.autoconfigure.OptionalLiveReloadServer    :59   [32m                  [0;39m LiveReload server is running on port 35729
2025-08-27 00:43:47.309 INFO  com.zaxxer.hikari.HikariDataSource                :109  [32m                  [0;39m HikariPool-1 - Starting...
2025-08-27 00:43:50.078 INFO  com.zaxxer.hikari.pool.HikariPool                 :575  [32m                  [0;39m HikariPool-1 - Added connection com.mysql.cj.jdbc.ConnectionImpl@7daa36a9
2025-08-27 00:43:50.081 INFO  com.zaxxer.hikari.HikariDataSource                :122  [32m                  [0;39m HikariPool-1 - Start completed.
2025-08-27 00:43:50.118 INFO  org.hibernate.jpa.internal.util.LogHelper         :31   [32m                  [0;39m HHH000204: Processing PersistenceUnitInfo [name: default]
2025-08-27 00:43:50.151 INFO  org.hibernate.Version                             :44   [32m                  [0;39m HHH000412: Hibernate ORM core version 6.6.18.Final
2025-08-27 00:43:50.165 INFO  o.hibernate.cache.internal.RegionFactoryInitiator :50   [32m                  [0;39m HHH000026: Second-level cache disabled
2025-08-27 00:43:50.278 INFO  o.s.o.j.persistenceunit.SpringPersistenceUnitInfo :87   [32m                  [0;39m No LoadTimeWeaver setup: ignoring JPA class transformer
2025-08-27 00:43:50.911 INFO  org.hibernate.orm.connections.pooling             :163  [32m                  [0;39m HHH10001005: Database info:
	Database JDBC URL [Connecting through datasource 'HikariDataSource (HikariPool-1)']
	Database driver: undefined/unknown
	Database version: 8.0.36
	Autocommit mode: undefined/unknown
	Isolation level: undefined/unknown
	Minimum pool size: undefined/unknown
	Maximum pool size: undefined/unknown
2025-08-27 00:43:50.917 DEBUG o.h.type.descriptor.sql.spi.DdlTypeRegistry       :64   [32m                  [0;39m addDescriptor(12, org.hibernate.type.descriptor.sql.internal.CapacityDependentDdlType@69b2930e) replaced previous registration(org.hibernate.type.descriptor.sql.internal.CapacityDependentDdlType@68b26ac)
2025-08-27 00:43:50.917 DEBUG o.h.type.descriptor.sql.spi.DdlTypeRegistry       :64   [32m                  [0;39m addDescriptor(-9, org.hibernate.type.descriptor.sql.internal.CapacityDependentDdlType@78f6456d) replaced previous registration(org.hibernate.type.descriptor.sql.internal.CapacityDependentDdlType@12047891)
2025-08-27 00:43:50.918 DEBUG o.h.type.descriptor.sql.spi.DdlTypeRegistry       :64   [32m                  [0;39m addDescriptor(-3, org.hibernate.type.descriptor.sql.internal.CapacityDependentDdlType@6fd3b33c) replaced previous registration(org.hibernate.type.descriptor.sql.internal.CapacityDependentDdlType@30b2562c)
2025-08-27 00:43:50.918 DEBUG o.h.type.descriptor.sql.spi.DdlTypeRegistry       :64   [32m                  [0;39m addDescriptor(4003, org.hibernate.type.descriptor.sql.internal.DdlTypeImpl@7a25a07a) replaced previous registration(org.hibernate.type.descriptor.sql.internal.DdlTypeImpl@4bd49f5f)
2025-08-27 00:43:50.918 DEBUG o.h.type.descriptor.sql.spi.DdlTypeRegistry       :64   [32m                  [0;39m addDescriptor(4001, org.hibernate.type.descriptor.sql.internal.DdlTypeImpl@39ec8f4a) replaced previous registration(org.hibernate.type.descriptor.sql.internal.DdlTypeImpl@1b4dbd6d)
2025-08-27 00:43:50.918 DEBUG o.h.type.descriptor.sql.spi.DdlTypeRegistry       :64   [32m                  [0;39m addDescriptor(4002, org.hibernate.type.descriptor.sql.internal.DdlTypeImpl@4c3cf80e) replaced previous registration(org.hibernate.type.descriptor.sql.internal.DdlTypeImpl@23fda8b1)
2025-08-27 00:43:50.918 DEBUG o.h.type.descriptor.sql.spi.DdlTypeRegistry       :64   [32m                  [0;39m addDescriptor(2004, org.hibernate.type.descriptor.sql.internal.CapacityDependentDdlType@7e36e55b) replaced previous registration(org.hibernate.type.descriptor.sql.internal.DdlTypeImpl@8669925)
2025-08-27 00:43:50.918 DEBUG o.h.type.descriptor.sql.spi.DdlTypeRegistry       :64   [32m                  [0;39m addDescriptor(2005, org.hibernate.type.descriptor.sql.internal.CapacityDependentDdlType@23b1fcaf) replaced previous registration(org.hibernate.type.descriptor.sql.internal.DdlTypeImpl@6dc77048)
2025-08-27 00:43:50.918 DEBUG o.h.type.descriptor.sql.spi.DdlTypeRegistry       :64   [32m                  [0;39m addDescriptor(2011, org.hibernate.type.descriptor.sql.internal.CapacityDependentDdlType@24125c96) replaced previous registration(org.hibernate.type.descriptor.sql.internal.DdlTypeImpl@18015680)
2025-08-27 00:43:51.309 INFO  o.h.e.t.jta.platform.internal.JtaPlatformInitiator:59   [32m                  [0;39m HHH000489: No JTA platform available (set 'hibernate.transaction.jta.platform' to enable JTA platform integration)
2025-08-27 00:43:51.310 INFO  o.s.orm.jpa.LocalContainerEntityManagerFactoryBean:447  [32m                  [0;39m Initialized JPA EntityManagerFactory for persistence unit 'default'
2025-08-27 00:43:51.906 WARN  o.s.b.a.o.j.JpaBaseConfiguration$JpaWebConfiguration:258  [32m                  [0;39m spring.jpa.open-in-view is enabled by default. Therefore, database queries may be performed during view rendering. Explicitly configure spring.jpa.open-in-view to disable this warning
2025-08-27 00:43:52.206 INFO  org.apache.coyote.http11.Http11NioProtocol        :168  [32m                  [0;39m Starting ProtocolHandler ["http-nio-8080"]
2025-08-27 00:43:52.211 INFO  o.s.boot.web.embedded.tomcat.TomcatWebServer      :243  [32m                  [0;39m Tomcat started on port 8080 (http) with context path '/'
2025-08-27 00:43:52.218 INFO  com.matt.wiki.WikiApplication                     :59   [32m                  [0;39m Started WikiApplication in 6.014 seconds (process running for 6.311)
2025-08-27 00:43:52.219 INFO  com.matt.wiki.WikiApplication                     :168  [32m                  [0;39m Start Successful
2025-08-27 00:43:52.219 INFO  com.matt.wiki.WikiApplication                     :168  [32m                  [0;39m 地址:	http://127.0.0.1:8080
2025-08-27 00:44:00.016 INFO  com.matt.wiki.job.EbookSnapshotJob                :31   [32m615557061740204032[0;39m 生成今日电子书快照开始
2025-08-27 00:44:00.292 DEBUG c.m.w.mapper.EbookSnapshotMapperCust.genSnapshot  :135  [32m615557061740204032[0;39m ==>  Preparing: insert into ebook_snapshot(ebook_id, `date`, view_count, vote_count, view_increase, vote_increase) select t1.id, curdate(), 0, 0, 0, 0 from ebook t1 where not exists(select 1 from ebook_snapshot t2 where t1.id = t2.ebook_id and t2.`date` = curdate()); update ebook_snapshot t1, ebook t2 set t1.view_count = t2.view_count, t1.vote_count = t2.vote_count where t1.`date` = curdate() and t1.ebook_id = t2.id; update ebook_snapshot t1 left join (select ebook_id, view_count, vote_count from ebook_snapshot where `date` = date_sub(curdate(), interval 1 day)) t2 on t1.ebook_id = t2.ebook_id set t1.view_increase = (t1.view_count - ifnull(t2.view_count, 0)), t1.vote_increase = (t1.vote_count - ifnull(t2.vote_count, 0)) where t1.`date` = curdate();
2025-08-27 00:44:00.309 DEBUG c.m.w.mapper.EbookSnapshotMapperCust.genSnapshot  :135  [32m615557061740204032[0;39m ==> Parameters: 
2025-08-27 00:44:00.946 DEBUG c.m.w.mapper.EbookSnapshotMapperCust.genSnapshot  :135  [32m615557061740204032[0;39m <==    Updates: 0
2025-08-27 00:44:00.949 INFO  com.matt.wiki.job.EbookSnapshotJob                :34   [32m615557061740204032[0;39m 生成今日电子书快照结束，耗时：932毫秒
2025-08-27 00:44:00.950 INFO  com.matt.wiki.job.DocJob                          :30   [32m615557065657683968[0;39m 更新电子书下的文档数据开始
2025-08-27 00:44:00.950 DEBUG c.matt.wiki.mapper.DocMapperCust.updateEbookInfo  :135  [32m615557065657683968[0;39m ==>  Preparing: update ebook t1, (select ebook_id, count(1) doc_count, sum(view_count) view_count, sum(vote_count) vote_count from doc group by ebook_id) t2 set t1.doc_count = t2.doc_count, t1.view_count = t2.view_count, t1.vote_count = t2.vote_count where t1.id = t2.ebook_id
2025-08-27 00:44:00.951 DEBUG c.matt.wiki.mapper.DocMapperCust.updateEbookInfo  :135  [32m615557065657683968[0;39m ==> Parameters: 
2025-08-27 00:44:01.764 DEBUG c.matt.wiki.mapper.DocMapperCust.updateEbookInfo  :135  [32m615557065657683968[0;39m <==    Updates: 1
2025-08-27 00:44:01.765 INFO  com.matt.wiki.job.DocJob                          :33   [32m615557065657683968[0;39m 更新电子书下的文档数据结束，耗时：815毫秒
2025-08-27 00:44:19.885 INFO  o.a.c.core.ContainerBase.[Tomcat].[localhost].[/] :168  [32m                  [0;39m Initializing Spring DispatcherServlet 'dispatcherServlet'
2025-08-27 00:44:19.886 INFO  org.springframework.web.servlet.DispatcherServlet :532  [32m                  [0;39m Initializing Servlet 'dispatcherServlet'
2025-08-27 00:44:19.887 INFO  org.springframework.web.servlet.DispatcherServlet :554  [32m                  [0;39m Completed initialization in 1 ms
2025-08-27 00:44:19.914 INFO  com.matt.wiki.aspect.LogAspect                    :53   [32m615557145198465024[0;39m ------------- 开始 -------------
2025-08-27 00:44:19.915 INFO  com.matt.wiki.aspect.LogAspect                    :54   [32m615557145198465024[0;39m 请求地址: http://localhost:8080/ai/chat-stream GET
2025-08-27 00:44:19.915 INFO  com.matt.wiki.aspect.LogAspect                    :55   [32m615557145198465024[0;39m 类名方法: com.matt.wiki.controller.AiController.chatStream
2025-08-27 00:44:19.915 INFO  com.matt.wiki.aspect.LogAspect                    :56   [32m615557145198465024[0;39m 远程地址: 0:0:0:0:0:0:0:1
2025-08-27 00:44:19.934 INFO  com.matt.wiki.aspect.LogAspect                    :82   [32m615557145198465024[0;39m 请求参数: ["我想咨询，张三，电话15926499414，邮箱：774364662@qq.com，离婚，悉尼，紧急","111"]
2025-08-27 00:44:19.936 INFO  com.matt.wiki.service.CategoryService             :38   [32m615557145198465024[0;39m -------sessionId:111, message:我想咨询，张三，电话15926499414，邮箱：774364662@qq.com，离婚，悉尼，紧急
2025-08-27 00:44:20.610 DEBUG org.hibernate.SQL                                 :135  [32m615557145198465024[0;39m 
    insert 
    into
        chat_history
        (content, created_date, role, session_id, updated_date) 
    values
        (?, ?, ?, ?, ?)
2025-08-27 00:44:24.707 DEBUG org.hibernate.SQL                                 :135  [32m615557145198465024[0;39m 
    select
        che1_0.id,
        che1_0.content,
        che1_0.created_date,
        che1_0.role,
        che1_0.session_id,
        che1_0.updated_date 
    from
        chat_history che1_0 
    where
        che1_0.session_id=? 
    order by
        che1_0.id desc 
    limit
        ?
2025-08-27 00:44:24.975 INFO  com.matt.wiki.util.ChatHistoryTools               :33   [32m615557145198465024[0;39m ========getChatHistory[ChatHistory [Hash = 1231671025, id=null, createdDate=null, updatedDate=null, sessionId=null, role=0, content=我想咨询，张三，电话15926499414，邮箱：774364662@qq.com，离婚，悉尼，紧急]]
2025-08-27 00:44:31.690 INFO  com.matt.wiki.service.CategoryService             :39   [32m615557145198465024[0;39m ----IntentionOutput(intention=1, output=您好，张三先生。您提到的情况属于紧急离婚咨询。根据您提供的信息（电话：15926499414，邮箱：774364662@qq.com），我会尽快为您安排一位合适的律师，并优先考虑您的时间偏好。请告知您希望进行咨询的具体时间（如本周三下午或线上），以便我们更好地为您提供服务。)
2025-08-27 00:44:33.612 DEBUG org.hibernate.SQL                                 :135  [32m615557145198465024[0;39m 
    select
        che1_0.id,
        che1_0.content,
        che1_0.created_date,
        che1_0.role,
        che1_0.session_id,
        che1_0.updated_date 
    from
        chat_history che1_0 
    where
        che1_0.session_id=? 
    order by
        che1_0.id desc 
    limit
        ?
2025-08-27 00:44:34.020 INFO  com.matt.wiki.util.ChatHistoryTools               :33   [32m615557145198465024[0;39m ========getChatHistory[ChatHistory [Hash = 2018634589, id=null, createdDate=null, updatedDate=null, sessionId=null, role=0, content=我想咨询，张三，电话15926499414，邮箱：774364662@qq.com，离婚，悉尼，紧急]]
2025-08-27 00:44:38.535 INFO  com.matt.wiki.service.CategoryService             :67   [32m615557145198465024[0;39m ----GuestRegisterOutput(output=已记录：张三，电话15926499414，邮箱774364662@qq.com，案件类型为离婚，地区悉尼，情况紧急。感谢，登记已完成。我将为您查询合适的律师与时间，并通过您提供的联系方式与您确认。, UserName=张三, phone=15926499414, email=774364662@qq.com, caseType=Family (divorce), area=Sydney, language=zh, urgency=high, completed=true)
2025-08-27 00:44:38.818 DEBUG org.hibernate.SQL                                 :135  [32m615557145198465024[0;39m 
    insert 
    into
        clients
        (area, case_type, created_date, email, language, phone, updated_date, urgency, user_name) 
    values
        (?, ?, ?, ?, ?, ?, ?, ?, ?)
2025-08-27 00:44:39.755 INFO  com.matt.wiki.service.CategoryService             :41   [32m615557145198465024[0;39m -------sessionId:111, aiMessage:已记录：张三，电话15926499414，邮箱774364662@qq.com，案件类型为离婚，地区悉尼，情况紧急。感谢，登记已完成。我将为您查询合适的律师与时间，并通过您提供的联系方式与您确认。
2025-08-27 00:44:40.063 DEBUG org.hibernate.SQL                                 :135  [32m615557145198465024[0;39m 
    insert 
    into
        chat_history
        (content, created_date, role, session_id, updated_date) 
    values
        (?, ?, ?, ?, ?)
2025-08-27 00:44:40.986 INFO  com.matt.wiki.aspect.LogAspect                    :96   [32m615557145198465024[0;39m 返回结果: FluxJust
2025-08-27 00:44:40.987 INFO  com.matt.wiki.aspect.LogAspect                    :100  [32m615557145198465024[0;39m ------------- 结束 耗时：21073 ms -------------
2025-08-27 00:45:00.006 INFO  com.matt.wiki.job.DocJob                          :30   [32m615557313356500992[0;39m 更新电子书下的文档数据开始
2025-08-27 00:45:00.336 DEBUG c.matt.wiki.mapper.DocMapperCust.updateEbookInfo  :135  [32m615557313356500992[0;39m ==>  Preparing: update ebook t1, (select ebook_id, count(1) doc_count, sum(view_count) view_count, sum(vote_count) vote_count from doc group by ebook_id) t2 set t1.doc_count = t2.doc_count, t1.view_count = t2.view_count, t1.vote_count = t2.vote_count where t1.id = t2.ebook_id
2025-08-27 00:45:00.337 DEBUG c.matt.wiki.mapper.DocMapperCust.updateEbookInfo  :135  [32m615557313356500992[0;39m ==> Parameters: 
2025-08-27 00:45:00.935 DEBUG c.matt.wiki.mapper.DocMapperCust.updateEbookInfo  :135  [32m615557313356500992[0;39m <==    Updates: 1
2025-08-27 00:45:00.936 INFO  com.matt.wiki.job.DocJob                          :33   [32m615557313356500992[0;39m 更新电子书下的文档数据结束，耗时：928毫秒
2025-08-27 00:45:00.937 INFO  com.matt.wiki.job.EbookSnapshotJob                :31   [32m615557317261398016[0;39m 生成今日电子书快照开始
2025-08-27 00:45:00.937 DEBUG c.m.w.mapper.EbookSnapshotMapperCust.genSnapshot  :135  [32m615557317261398016[0;39m ==>  Preparing: insert into ebook_snapshot(ebook_id, `date`, view_count, vote_count, view_increase, vote_increase) select t1.id, curdate(), 0, 0, 0, 0 from ebook t1 where not exists(select 1 from ebook_snapshot t2 where t1.id = t2.ebook_id and t2.`date` = curdate()); update ebook_snapshot t1, ebook t2 set t1.view_count = t2.view_count, t1.vote_count = t2.vote_count where t1.`date` = curdate() and t1.ebook_id = t2.id; update ebook_snapshot t1 left join (select ebook_id, view_count, vote_count from ebook_snapshot where `date` = date_sub(curdate(), interval 1 day)) t2 on t1.ebook_id = t2.ebook_id set t1.view_increase = (t1.view_count - ifnull(t2.view_count, 0)), t1.vote_increase = (t1.vote_count - ifnull(t2.vote_count, 0)) where t1.`date` = curdate();
2025-08-27 00:45:00.939 DEBUG c.m.w.mapper.EbookSnapshotMapperCust.genSnapshot  :135  [32m615557317261398016[0;39m ==> Parameters: 
2025-08-27 00:45:01.667 DEBUG c.m.w.mapper.EbookSnapshotMapperCust.genSnapshot  :135  [32m615557317261398016[0;39m <==    Updates: 0
2025-08-27 00:45:01.668 INFO  com.matt.wiki.job.EbookSnapshotJob                :34   [32m615557317261398016[0;39m 生成今日电子书快照结束，耗时：731毫秒
2025-08-27 00:45:07.930 INFO  o.s.boot.web.embedded.tomcat.GracefulShutdown     :54   [32m                  [0;39m Commencing graceful shutdown. Waiting for active requests to complete
2025-08-27 00:45:07.934 INFO  o.s.boot.web.embedded.tomcat.GracefulShutdown     :76   [32m                  [0;39m Graceful shutdown complete
2025-08-27 00:45:07.945 INFO  o.s.orm.jpa.LocalContainerEntityManagerFactoryBean:660  [32m                  [0;39m Closing JPA EntityManagerFactory for persistence unit 'default'
2025-08-27 00:45:07.947 INFO  com.zaxxer.hikari.HikariDataSource                :349  [32m                  [0;39m HikariPool-1 - Shutdown initiated...
2025-08-27 00:45:07.950 INFO  com.zaxxer.hikari.HikariDataSource                :351  [32m                  [0;39m HikariPool-1 - Shutdown completed.
2025-08-27 00:45:09.861 INFO  org.hibernate.validator.internal.util.Version     :21   [32m                  [0;39m HV000001: Hibernate Validator 8.0.2.Final
2025-08-27 00:45:09.950 INFO  com.matt.wiki.WikiApplication                     :53   [32m                  [0;39m Starting WikiApplication using Java 20.0.1 with PID 6527 (/Users/yushuzhan/Documents/GitHub/FullStackPractices/wiki/target/classes started by yushuzhan in /Users/yushuzhan/Documents/GitHub/FullStackPractices/wiki)
2025-08-27 00:45:09.951 INFO  com.matt.wiki.WikiApplication                     :652  [32m                  [0;39m No active profile set, falling back to 1 default profile: "default"
2025-08-27 00:45:09.997 INFO  o.s.boot.devtools.restart.ChangeableUrls          :252  [32m                  [0;39m The Class-Path manifest attribute in /Users/yushuzhan/.m2/repository/org/apache/opennlp/opennlp-tools/2.5.4/opennlp-tools-2.5.4.jar referenced one or more files that do not exist: file:/Users/yushuzhan/.m2/repository/org/apache/opennlp/opennlp-tools/2.5.4/slf4j-api-2.0.17.jar
2025-08-27 00:45:09.998 INFO  o.s.b.d.env.DevToolsPropertyDefaultsPostProcessor :252  [32m                  [0;39m Devtools property defaults active! Set 'spring.devtools.add-properties' to 'false' to disable
2025-08-27 00:45:09.998 INFO  o.s.b.d.env.DevToolsPropertyDefaultsPostProcessor :252  [32m                  [0;39m For additional web related logging consider setting the 'logging.level.web' property to 'DEBUG'
2025-08-27 00:45:10.522 INFO  o.s.d.r.config.RepositoryConfigurationDelegate    :294  [32m                  [0;39m Multiple Spring Data modules found, entering strict repository configuration mode
2025-08-27 00:45:10.523 INFO  o.s.d.r.config.RepositoryConfigurationDelegate    :145  [32m                  [0;39m Bootstrapping Spring Data JPA repositories in DEFAULT mode.
2025-08-27 00:45:10.596 INFO  o.s.d.r.config.RepositoryConfigurationDelegate    :213  [32m                  [0;39m Finished Spring Data repository scanning in 68 ms. Found 3 JPA repository interfaces.
2025-08-27 00:45:10.604 INFO  o.s.d.r.config.RepositoryConfigurationDelegate    :294  [32m                  [0;39m Multiple Spring Data modules found, entering strict repository configuration mode
2025-08-27 00:45:10.605 INFO  o.s.d.r.config.RepositoryConfigurationDelegate    :145  [32m                  [0;39m Bootstrapping Spring Data Redis repositories in DEFAULT mode.
2025-08-27 00:45:10.613 INFO  o.s.d.r.c.RepositoryConfigurationExtensionSupport :327  [32m                  [0;39m Spring Data Redis - Could not safely identify store assignment for repository candidate interface com.matt.wiki.repository.BaseRepository; If you want this repository to be a Redis repository, consider annotating your entities with one of these annotations: org.springframework.data.redis.core.RedisHash (preferred), or consider extending one of the following types with your repository: org.springframework.data.keyvalue.repository.KeyValueRepository
2025-08-27 00:45:10.613 INFO  o.s.d.r.c.RepositoryConfigurationExtensionSupport :327  [32m                  [0;39m Spring Data Redis - Could not safely identify store assignment for repository candidate interface com.matt.wiki.repository.ChatHistoryRepository; If you want this repository to be a Redis repository, consider annotating your entities with one of these annotations: org.springframework.data.redis.core.RedisHash (preferred), or consider extending one of the following types with your repository: org.springframework.data.keyvalue.repository.KeyValueRepository
2025-08-27 00:45:10.613 INFO  o.s.d.r.c.RepositoryConfigurationExtensionSupport :327  [32m                  [0;39m Spring Data Redis - Could not safely identify store assignment for repository candidate interface com.matt.wiki.repository.GuestRegisterRepository; If you want this repository to be a Redis repository, consider annotating your entities with one of these annotations: org.springframework.data.redis.core.RedisHash (preferred), or consider extending one of the following types with your repository: org.springframework.data.keyvalue.repository.KeyValueRepository
2025-08-27 00:45:10.613 INFO  o.s.d.r.config.RepositoryConfigurationDelegate    :213  [32m                  [0;39m Finished Spring Data repository scanning in 3 ms. Found 0 Redis repository interfaces.
2025-08-27 00:45:11.107 INFO  o.s.boot.web.embedded.tomcat.TomcatWebServer      :111  [32m                  [0;39m Tomcat initialized with port 8080 (http)
2025-08-27 00:45:11.113 INFO  org.apache.coyote.http11.Http11NioProtocol        :168  [32m                  [0;39m Initializing ProtocolHandler ["http-nio-8080"]
2025-08-27 00:45:11.113 INFO  org.apache.catalina.core.StandardService          :168  [32m                  [0;39m Starting service [Tomcat]
2025-08-27 00:45:11.113 INFO  org.apache.catalina.core.StandardEngine           :168  [32m                  [0;39m Starting Servlet engine: [Apache Tomcat/10.1.42]
2025-08-27 00:45:11.130 INFO  o.a.c.core.ContainerBase.[Tomcat].[localhost].[/] :168  [32m                  [0;39m Initializing Spring embedded WebApplicationContext
2025-08-27 00:45:11.130 INFO  o.s.b.w.s.c.ServletWebServerApplicationContext    :301  [32m                  [0;39m Root WebApplicationContext: initialization completed in 1131 ms
2025-08-27 00:45:11.176 INFO  o.s.b.d.autoconfigure.OptionalLiveReloadServer    :59   [32m                  [0;39m LiveReload server is running on port 35729
2025-08-27 00:45:11.232 INFO  com.zaxxer.hikari.HikariDataSource                :109  [32m                  [0;39m HikariPool-1 - Starting...
2025-08-27 00:45:14.410 INFO  com.zaxxer.hikari.pool.HikariPool                 :575  [32m                  [0;39m HikariPool-1 - Added connection com.mysql.cj.jdbc.ConnectionImpl@8071e5
2025-08-27 00:45:14.412 INFO  com.zaxxer.hikari.HikariDataSource                :122  [32m                  [0;39m HikariPool-1 - Start completed.
2025-08-27 00:45:14.451 INFO  org.hibernate.jpa.internal.util.LogHelper         :31   [32m                  [0;39m HHH000204: Processing PersistenceUnitInfo [name: default]
2025-08-27 00:45:14.486 INFO  org.hibernate.Version                             :44   [32m                  [0;39m HHH000412: Hibernate ORM core version 6.6.18.Final
2025-08-27 00:45:14.508 INFO  o.hibernate.cache.internal.RegionFactoryInitiator :50   [32m                  [0;39m HHH000026: Second-level cache disabled
2025-08-27 00:45:14.640 INFO  o.s.o.j.persistenceunit.SpringPersistenceUnitInfo :87   [32m                  [0;39m No LoadTimeWeaver setup: ignoring JPA class transformer
2025-08-27 00:45:15.416 INFO  org.hibernate.orm.connections.pooling             :163  [32m                  [0;39m HHH10001005: Database info:
	Database JDBC URL [Connecting through datasource 'HikariDataSource (HikariPool-1)']
	Database driver: undefined/unknown
	Database version: 8.0.36
	Autocommit mode: undefined/unknown
	Isolation level: undefined/unknown
	Minimum pool size: undefined/unknown
	Maximum pool size: undefined/unknown
2025-08-27 00:45:15.421 DEBUG o.h.type.descriptor.sql.spi.DdlTypeRegistry       :64   [32m                  [0;39m addDescriptor(12, org.hibernate.type.descriptor.sql.internal.CapacityDependentDdlType@78392765) replaced previous registration(org.hibernate.type.descriptor.sql.internal.CapacityDependentDdlType@1e2e6ca7)
2025-08-27 00:45:15.421 DEBUG o.h.type.descriptor.sql.spi.DdlTypeRegistry       :64   [32m                  [0;39m addDescriptor(-9, org.hibernate.type.descriptor.sql.internal.CapacityDependentDdlType@2b190775) replaced previous registration(org.hibernate.type.descriptor.sql.internal.CapacityDependentDdlType@69675a68)
2025-08-27 00:45:15.421 DEBUG o.h.type.descriptor.sql.spi.DdlTypeRegistry       :64   [32m                  [0;39m addDescriptor(-3, org.hibernate.type.descriptor.sql.internal.CapacityDependentDdlType@58d45a2e) replaced previous registration(org.hibernate.type.descriptor.sql.internal.CapacityDependentDdlType@35f25ec7)
2025-08-27 00:45:15.421 DEBUG o.h.type.descriptor.sql.spi.DdlTypeRegistry       :64   [32m                  [0;39m addDescriptor(4003, org.hibernate.type.descriptor.sql.internal.DdlTypeImpl@56b3c5a3) replaced previous registration(org.hibernate.type.descriptor.sql.internal.DdlTypeImpl@5547107)
2025-08-27 00:45:15.421 DEBUG o.h.type.descriptor.sql.spi.DdlTypeRegistry       :64   [32m                  [0;39m addDescriptor(4001, org.hibernate.type.descriptor.sql.internal.DdlTypeImpl@7f2b4ea9) replaced previous registration(org.hibernate.type.descriptor.sql.internal.DdlTypeImpl@580833ed)
2025-08-27 00:45:15.422 DEBUG o.h.type.descriptor.sql.spi.DdlTypeRegistry       :64   [32m                  [0;39m addDescriptor(4002, org.hibernate.type.descriptor.sql.internal.DdlTypeImpl@10de6b92) replaced previous registration(org.hibernate.type.descriptor.sql.internal.DdlTypeImpl@3624ecc7)
2025-08-27 00:45:15.422 DEBUG o.h.type.descriptor.sql.spi.DdlTypeRegistry       :64   [32m                  [0;39m addDescriptor(2004, org.hibernate.type.descriptor.sql.internal.CapacityDependentDdlType@13dfa2ac) replaced previous registration(org.hibernate.type.descriptor.sql.internal.DdlTypeImpl@ad16c61)
2025-08-27 00:45:15.422 DEBUG o.h.type.descriptor.sql.spi.DdlTypeRegistry       :64   [32m                  [0;39m addDescriptor(2005, org.hibernate.type.descriptor.sql.internal.CapacityDependentDdlType@69300452) replaced previous registration(org.hibernate.type.descriptor.sql.internal.DdlTypeImpl@78e38f67)
2025-08-27 00:45:15.423 DEBUG o.h.type.descriptor.sql.spi.DdlTypeRegistry       :64   [32m                  [0;39m addDescriptor(2011, org.hibernate.type.descriptor.sql.internal.CapacityDependentDdlType@16c78815) replaced previous registration(org.hibernate.type.descriptor.sql.internal.DdlTypeImpl@17744cc8)
2025-08-27 00:45:15.868 INFO  o.h.e.t.jta.platform.internal.JtaPlatformInitiator:59   [32m                  [0;39m HHH000489: No JTA platform available (set 'hibernate.transaction.jta.platform' to enable JTA platform integration)
2025-08-27 00:45:15.869 INFO  o.s.orm.jpa.LocalContainerEntityManagerFactoryBean:447  [32m                  [0;39m Initialized JPA EntityManagerFactory for persistence unit 'default'
2025-08-27 00:45:16.539 WARN  o.s.b.a.o.j.JpaBaseConfiguration$JpaWebConfiguration:258  [32m                  [0;39m spring.jpa.open-in-view is enabled by default. Therefore, database queries may be performed during view rendering. Explicitly configure spring.jpa.open-in-view to disable this warning
2025-08-27 00:45:16.874 INFO  org.apache.coyote.http11.Http11NioProtocol        :168  [32m                  [0;39m Starting ProtocolHandler ["http-nio-8080"]
2025-08-27 00:45:16.880 INFO  o.s.boot.web.embedded.tomcat.TomcatWebServer      :243  [32m                  [0;39m Tomcat started on port 8080 (http) with context path '/'
2025-08-27 00:45:16.888 INFO  com.matt.wiki.WikiApplication                     :59   [32m                  [0;39m Started WikiApplication in 7.733 seconds (process running for 8.311)
2025-08-27 00:45:16.890 INFO  com.matt.wiki.WikiApplication                     :168  [32m                  [0;39m Start Successful
2025-08-27 00:45:16.890 INFO  com.matt.wiki.WikiApplication                     :168  [32m                  [0;39m 地址:	http://127.0.0.1:8080
2025-08-27 00:45:20.475 INFO  o.a.c.core.ContainerBase.[Tomcat].[localhost].[/] :168  [32m                  [0;39m Initializing Spring DispatcherServlet 'dispatcherServlet'
2025-08-27 00:45:20.476 INFO  org.springframework.web.servlet.DispatcherServlet :532  [32m                  [0;39m Initializing Servlet 'dispatcherServlet'
2025-08-27 00:45:20.477 INFO  org.springframework.web.servlet.DispatcherServlet :554  [32m                  [0;39m Completed initialization in 1 ms
2025-08-27 00:45:20.499 INFO  com.matt.wiki.aspect.LogAspect                    :53   [32m615557399310372864[0;39m ------------- 开始 -------------
2025-08-27 00:45:20.500 INFO  com.matt.wiki.aspect.LogAspect                    :54   [32m615557399310372864[0;39m 请求地址: http://localhost:8080/ai/chat-stream GET
2025-08-27 00:45:20.500 INFO  com.matt.wiki.aspect.LogAspect                    :55   [32m615557399310372864[0;39m 类名方法: com.matt.wiki.controller.AiController.chatStream
2025-08-27 00:45:20.500 INFO  com.matt.wiki.aspect.LogAspect                    :56   [32m615557399310372864[0;39m 远程地址: 0:0:0:0:0:0:0:1
2025-08-27 00:45:20.517 INFO  com.matt.wiki.aspect.LogAspect                    :82   [32m615557399310372864[0;39m 请求参数: ["我是谁","111"]
2025-08-27 00:45:20.520 INFO  com.matt.wiki.service.CategoryService             :38   [32m615557399310372864[0;39m -------sessionId:111, message:我是谁
2025-08-27 00:45:21.054 INFO  com.matt.wiki.aspect.LogAspect                    :53   [32m615557401638211584[0;39m ------------- 开始 -------------
2025-08-27 00:45:21.055 INFO  com.matt.wiki.aspect.LogAspect                    :54   [32m615557401638211584[0;39m 请求地址: http://localhost:8080/ai/chat-stream GET
2025-08-27 00:45:21.055 INFO  com.matt.wiki.aspect.LogAspect                    :55   [32m615557401638211584[0;39m 类名方法: com.matt.wiki.controller.AiController.chatStream
2025-08-27 00:45:21.055 INFO  com.matt.wiki.aspect.LogAspect                    :56   [32m615557401638211584[0;39m 远程地址: 0:0:0:0:0:0:0:1
2025-08-27 00:45:21.056 INFO  com.matt.wiki.aspect.LogAspect                    :82   [32m615557401638211584[0;39m 请求参数: ["我是谁","111"]
2025-08-27 00:45:21.056 INFO  com.matt.wiki.service.CategoryService             :38   [32m615557401638211584[0;39m -------sessionId:111, message:我是谁
2025-08-27 00:45:21.082 DEBUG org.hibernate.SQL                                 :135  [32m615557399310372864[0;39m 
    insert 
    into
        chat_history
        (content, created_date, role, session_id, updated_date) 
    values
        (?, ?, ?, ?, ?)
2025-08-27 00:45:21.556 DEBUG org.hibernate.SQL                                 :135  [32m615557401638211584[0;39m 
    insert 
    into
        chat_history
        (content, created_date, role, session_id, updated_date) 
    values
        (?, ?, ?, ?, ?)
2025-08-27 00:45:24.282 DEBUG org.hibernate.SQL                                 :135  [32m615557399310372864[0;39m 
    select
        che1_0.id,
        che1_0.content,
        che1_0.created_date,
        che1_0.role,
        che1_0.session_id,
        che1_0.updated_date 
    from
        chat_history che1_0 
    where
        che1_0.session_id=? 
    order by
        che1_0.id desc 
    limit
        ?
2025-08-27 00:45:24.468 DEBUG org.hibernate.SQL                                 :135  [32m615557401638211584[0;39m 
    select
        che1_0.id,
        che1_0.content,
        che1_0.created_date,
        che1_0.role,
        che1_0.session_id,
        che1_0.updated_date 
    from
        chat_history che1_0 
    where
        che1_0.session_id=? 
    order by
        che1_0.id desc 
    limit
        ?
2025-08-27 00:45:24.547 INFO  com.matt.wiki.util.ChatHistoryTools               :33   [32m615557399310372864[0;39m ========getChatHistory[ChatHistory [Hash = 1988471539, id=null, createdDate=null, updatedDate=null, sessionId=null, role=0, content=我是谁], ChatHistory [Hash = 875753304, id=null, createdDate=null, updatedDate=null, sessionId=null, role=0, content=我是谁], ChatHistory [Hash = 275725574, id=null, createdDate=null, updatedDate=null, sessionId=null, role=1, content=已记录：张三，电话15926499414，邮箱774364662@qq.com，案件类型为离婚，地区悉尼，情况紧急。感谢，登记已完成。我将为您查询合适的律师与时间，并通过您提供的联系方式与您确认。], ChatHistory [Hash = 2102434716, id=null, createdDate=null, updatedDate=null, sessionId=null, role=0, content=我想咨询，张三，电话15926499414，邮箱：774364662@qq.com，离婚，悉尼，紧急]]
2025-08-27 00:45:24.721 INFO  com.matt.wiki.util.ChatHistoryTools               :33   [32m615557401638211584[0;39m ========getChatHistory[ChatHistory [Hash = 1666122306, id=null, createdDate=null, updatedDate=null, sessionId=null, role=0, content=我是谁], ChatHistory [Hash = 394009841, id=null, createdDate=null, updatedDate=null, sessionId=null, role=0, content=我是谁], ChatHistory [Hash = 338698718, id=null, createdDate=null, updatedDate=null, sessionId=null, role=1, content=已记录：张三，电话15926499414，邮箱774364662@qq.com，案件类型为离婚，地区悉尼，情况紧急。感谢，登记已完成。我将为您查询合适的律师与时间，并通过您提供的联系方式与您确认。], ChatHistory [Hash = 253660507, id=null, createdDate=null, updatedDate=null, sessionId=null, role=0, content=我想咨询，张三，电话15926499414，邮箱：774364662@qq.com，离婚，悉尼，紧急]]
2025-08-27 00:45:28.646 INFO  com.matt.wiki.service.CategoryService             :39   [32m615557399310372864[0;39m ----IntentionOutput(intention=3, output=为保护隐私，请用登记手机号或邮箱告知本人身份，并提供：①案件号或经办律师姓名 ②您要查询的具体节点（如已提交文件/开庭时间/回覆期限）。核验后我会同步最新进度或为您安排回访。)
2025-08-27 00:45:28.646 INFO  com.matt.wiki.service.CategoryService             :41   [32m615557399310372864[0;39m -------sessionId:111, aiMessage:为保护隐私，请用登记手机号或邮箱告知本人身份，并提供：①案件号或经办律师姓名 ②您要查询的具体节点（如已提交文件/开庭时间/回覆期限）。核验后我会同步最新进度或为您安排回访。
2025-08-27 00:45:28.911 DEBUG org.hibernate.SQL                                 :135  [32m615557399310372864[0;39m 
    insert 
    into
        chat_history
        (content, created_date, role, session_id, updated_date) 
    values
        (?, ?, ?, ?, ?)
2025-08-27 00:45:29.387 INFO  com.matt.wiki.service.CategoryService             :39   [32m615557401638211584[0;39m ----IntentionOutput(intention=3, output=为保护隐私，请用登记手机号或邮箱告知本人身份，并提供：①案件号或经办律师姓名 ②您要查询的具体节点（如已提交文件/开庭时间/回覆期限）。核验后我会同步最新进度或为您安排回访。)
2025-08-27 00:45:29.388 INFO  com.matt.wiki.service.CategoryService             :41   [32m615557401638211584[0;39m -------sessionId:111, aiMessage:为保护隐私，请用登记手机号或邮箱告知本人身份，并提供：①案件号或经办律师姓名 ②您要查询的具体节点（如已提交文件/开庭时间/回覆期限）。核验后我会同步最新进度或为您安排回访。
2025-08-27 00:45:29.633 DEBUG org.hibernate.SQL                                 :135  [32m615557401638211584[0;39m 
    insert 
    into
        chat_history
        (content, created_date, role, session_id, updated_date) 
    values
        (?, ?, ?, ?, ?)
2025-08-27 00:45:29.696 INFO  com.matt.wiki.aspect.LogAspect                    :96   [32m615557399310372864[0;39m 返回结果: FluxJust
2025-08-27 00:45:29.697 INFO  com.matt.wiki.aspect.LogAspect                    :100  [32m615557399310372864[0;39m ------------- 结束 耗时：9198 ms -------------
2025-08-27 00:45:30.370 INFO  com.matt.wiki.aspect.LogAspect                    :96   [32m615557401638211584[0;39m 返回结果: FluxJust
2025-08-27 00:45:30.371 INFO  com.matt.wiki.aspect.LogAspect                    :100  [32m615557401638211584[0;39m ------------- 结束 耗时：9317 ms -------------
2025-08-27 00:45:44.521 INFO  com.matt.wiki.aspect.LogAspect                    :53   [32m615557500065943552[0;39m ------------- 开始 -------------
2025-08-27 00:45:44.522 INFO  com.matt.wiki.aspect.LogAspect                    :54   [32m615557500065943552[0;39m 请求地址: http://localhost:8080/ai/chat-stream GET
2025-08-27 00:45:44.522 INFO  com.matt.wiki.aspect.LogAspect                    :55   [32m615557500065943552[0;39m 类名方法: com.matt.wiki.controller.AiController.chatStream
2025-08-27 00:45:44.523 INFO  com.matt.wiki.aspect.LogAspect                    :56   [32m615557500065943552[0;39m 远程地址: 0:0:0:0:0:0:0:1
2025-08-27 00:45:44.523 INFO  com.matt.wiki.aspect.LogAspect                    :82   [32m615557500065943552[0;39m 请求参数: ["15926499414","111"]
2025-08-27 00:45:44.524 INFO  com.matt.wiki.service.CategoryService             :38   [32m615557500065943552[0;39m -------sessionId:111, message:15926499414
2025-08-27 00:45:45.192 DEBUG org.hibernate.SQL                                 :135  [32m615557500065943552[0;39m 
    insert 
    into
        chat_history
        (content, created_date, role, session_id, updated_date) 
    values
        (?, ?, ?, ?, ?)
2025-08-27 00:45:47.668 DEBUG org.hibernate.SQL                                 :135  [32m615557500065943552[0;39m 
    select
        che1_0.id,
        che1_0.content,
        che1_0.created_date,
        che1_0.role,
        che1_0.session_id,
        che1_0.updated_date 
    from
        chat_history che1_0 
    where
        che1_0.session_id=? 
    order by
        che1_0.id desc 
    limit
        ?
2025-08-27 00:45:47.958 INFO  com.matt.wiki.util.ChatHistoryTools               :33   [32m615557500065943552[0;39m ========getChatHistory[ChatHistory [Hash = 120169207, id=null, createdDate=null, updatedDate=null, sessionId=null, role=0, content=15926499414], ChatHistory [Hash = 1811769622, id=null, createdDate=null, updatedDate=null, sessionId=null, role=1, content=为保护隐私，请用登记手机号或邮箱告知本人身份，并提供：①案件号或经办律师姓名 ②您要查询的具体节点（如已提交文件/开庭时间/回覆期限）。核验后我会同步最新进度或为您安排回访。], ChatHistory [Hash = 2080512708, id=null, createdDate=null, updatedDate=null, sessionId=null, role=1, content=为保护隐私，请用登记手机号或邮箱告知本人身份，并提供：①案件号或经办律师姓名 ②您要查询的具体节点（如已提交文件/开庭时间/回覆期限）。核验后我会同步最新进度或为您安排回访。], ChatHistory [Hash = 555233170, id=null, createdDate=null, updatedDate=null, sessionId=null, role=0, content=我是谁], ChatHistory [Hash = 1802243932, id=null, createdDate=null, updatedDate=null, sessionId=null, role=0, content=我是谁], ChatHistory [Hash = 1801023230, id=null, createdDate=null, updatedDate=null, sessionId=null, role=1, content=已记录：张三，电话15926499414，邮箱774364662@qq.com，案件类型为离婚，地区悉尼，情况紧急。感谢，登记已完成。我将为您查询合适的律师与时间，并通过您提供的联系方式与您确认。], ChatHistory [Hash = 123837803, id=null, createdDate=null, updatedDate=null, sessionId=null, role=0, content=我想咨询，张三，电话15926499414，邮箱：774364662@qq.com，离婚，悉尼，紧急]]
2025-08-27 00:45:51.619 INFO  com.matt.wiki.service.CategoryService             :39   [32m615557500065943552[0;39m ----IntentionOutput(intention=3, output=为保护隐私，请用登记手机号或邮箱告知本人身份，并提供：①案件号或经办律师姓名 ②您要查询的具体节点（如已提交文件/开庭时间/回覆期限）。核验后我会同步最新进度或为您安排回访。)
2025-08-27 00:45:51.620 INFO  com.matt.wiki.service.CategoryService             :41   [32m615557500065943552[0;39m -------sessionId:111, aiMessage:为保护隐私，请用登记手机号或邮箱告知本人身份，并提供：①案件号或经办律师姓名 ②您要查询的具体节点（如已提交文件/开庭时间/回覆期限）。核验后我会同步最新进度或为您安排回访。
2025-08-27 00:45:51.882 DEBUG org.hibernate.SQL                                 :135  [32m615557500065943552[0;39m 
    insert 
    into
        chat_history
        (content, created_date, role, session_id, updated_date) 
    values
        (?, ?, ?, ?, ?)
2025-08-27 00:45:52.681 INFO  com.matt.wiki.aspect.LogAspect                    :96   [32m615557500065943552[0;39m 返回结果: FluxJust
2025-08-27 00:45:52.682 INFO  com.matt.wiki.aspect.LogAspect                    :100  [32m615557500065943552[0;39m ------------- 结束 耗时：8161 ms -------------
2025-08-27 00:46:00.018 INFO  com.matt.wiki.job.EbookSnapshotJob                :31   [32m615557565065072640[0;39m 生成今日电子书快照开始
2025-08-27 00:46:00.295 DEBUG c.m.w.mapper.EbookSnapshotMapperCust.genSnapshot  :135  [32m615557565065072640[0;39m ==>  Preparing: insert into ebook_snapshot(ebook_id, `date`, view_count, vote_count, view_increase, vote_increase) select t1.id, curdate(), 0, 0, 0, 0 from ebook t1 where not exists(select 1 from ebook_snapshot t2 where t1.id = t2.ebook_id and t2.`date` = curdate()); update ebook_snapshot t1, ebook t2 set t1.view_count = t2.view_count, t1.vote_count = t2.vote_count where t1.`date` = curdate() and t1.ebook_id = t2.id; update ebook_snapshot t1 left join (select ebook_id, view_count, vote_count from ebook_snapshot where `date` = date_sub(curdate(), interval 1 day)) t2 on t1.ebook_id = t2.ebook_id set t1.view_increase = (t1.view_count - ifnull(t2.view_count, 0)), t1.vote_increase = (t1.vote_count - ifnull(t2.vote_count, 0)) where t1.`date` = curdate();
2025-08-27 00:46:00.316 DEBUG c.m.w.mapper.EbookSnapshotMapperCust.genSnapshot  :135  [32m615557565065072640[0;39m ==> Parameters: 
2025-08-27 00:46:00.868 DEBUG c.m.w.mapper.EbookSnapshotMapperCust.genSnapshot  :135  [32m615557565065072640[0;39m <==    Updates: 0
2025-08-27 00:46:00.871 INFO  com.matt.wiki.job.EbookSnapshotJob                :34   [32m615557565065072640[0;39m 生成今日电子书快照结束，耗时：852毫秒
2025-08-27 00:46:00.873 INFO  com.matt.wiki.job.DocJob                          :30   [32m615557568651202560[0;39m 更新电子书下的文档数据开始
2025-08-27 00:46:00.874 DEBUG c.matt.wiki.mapper.DocMapperCust.updateEbookInfo  :135  [32m615557568651202560[0;39m ==>  Preparing: update ebook t1, (select ebook_id, count(1) doc_count, sum(view_count) view_count, sum(vote_count) vote_count from doc group by ebook_id) t2 set t1.doc_count = t2.doc_count, t1.view_count = t2.view_count, t1.vote_count = t2.vote_count where t1.id = t2.ebook_id
2025-08-27 00:46:00.875 DEBUG c.matt.wiki.mapper.DocMapperCust.updateEbookInfo  :135  [32m615557568651202560[0;39m ==> Parameters: 
2025-08-27 00:46:01.528 DEBUG c.matt.wiki.mapper.DocMapperCust.updateEbookInfo  :135  [32m615557568651202560[0;39m <==    Updates: 1
2025-08-27 00:46:01.529 INFO  com.matt.wiki.job.DocJob                          :33   [32m615557568651202560[0;39m 更新电子书下的文档数据结束，耗时：655毫秒
2025-08-27 00:47:00.001 INFO  com.matt.wiki.job.DocJob                          :30   [32m615557816652009472[0;39m 更新电子书下的文档数据开始
2025-08-27 00:47:00.350 DEBUG c.matt.wiki.mapper.DocMapperCust.updateEbookInfo  :135  [32m615557816652009472[0;39m ==>  Preparing: update ebook t1, (select ebook_id, count(1) doc_count, sum(view_count) view_count, sum(vote_count) vote_count from doc group by ebook_id) t2 set t1.doc_count = t2.doc_count, t1.view_count = t2.view_count, t1.vote_count = t2.vote_count where t1.id = t2.ebook_id
2025-08-27 00:47:00.352 DEBUG c.matt.wiki.mapper.DocMapperCust.updateEbookInfo  :135  [32m615557816652009472[0;39m ==> Parameters: 
2025-08-27 00:47:00.944 DEBUG c.matt.wiki.mapper.DocMapperCust.updateEbookInfo  :135  [32m615557816652009472[0;39m <==    Updates: 1
2025-08-27 00:47:00.946 INFO  com.matt.wiki.job.DocJob                          :33   [32m615557816652009472[0;39m 更新电子书下的文档数据结束，耗时：942毫秒
2025-08-27 00:47:00.947 INFO  com.matt.wiki.job.EbookSnapshotJob                :31   [32m615557820619821056[0;39m 生成今日电子书快照开始
2025-08-27 00:47:00.948 DEBUG c.m.w.mapper.EbookSnapshotMapperCust.genSnapshot  :135  [32m615557820619821056[0;39m ==>  Preparing: insert into ebook_snapshot(ebook_id, `date`, view_count, vote_count, view_increase, vote_increase) select t1.id, curdate(), 0, 0, 0, 0 from ebook t1 where not exists(select 1 from ebook_snapshot t2 where t1.id = t2.ebook_id and t2.`date` = curdate()); update ebook_snapshot t1, ebook t2 set t1.view_count = t2.view_count, t1.vote_count = t2.vote_count where t1.`date` = curdate() and t1.ebook_id = t2.id; update ebook_snapshot t1 left join (select ebook_id, view_count, vote_count from ebook_snapshot where `date` = date_sub(curdate(), interval 1 day)) t2 on t1.ebook_id = t2.ebook_id set t1.view_increase = (t1.view_count - ifnull(t2.view_count, 0)), t1.vote_increase = (t1.vote_count - ifnull(t2.vote_count, 0)) where t1.`date` = curdate();
2025-08-27 00:47:00.949 DEBUG c.m.w.mapper.EbookSnapshotMapperCust.genSnapshot  :135  [32m615557820619821056[0;39m ==> Parameters: 
2025-08-27 00:47:01.682 DEBUG c.m.w.mapper.EbookSnapshotMapperCust.genSnapshot  :135  [32m615557820619821056[0;39m <==    Updates: 0
2025-08-27 00:47:01.683 INFO  com.matt.wiki.job.EbookSnapshotJob                :34   [32m615557820619821056[0;39m 生成今日电子书快照结束，耗时：736毫秒
2025-08-27 00:48:00.005 INFO  com.matt.wiki.job.EbookSnapshotJob                :31   [32m615558068327026688[0;39m 生成今日电子书快照开始
2025-08-27 00:48:00.356 DEBUG c.m.w.mapper.EbookSnapshotMapperCust.genSnapshot  :135  [32m615558068327026688[0;39m ==>  Preparing: insert into ebook_snapshot(ebook_id, `date`, view_count, vote_count, view_increase, vote_increase) select t1.id, curdate(), 0, 0, 0, 0 from ebook t1 where not exists(select 1 from ebook_snapshot t2 where t1.id = t2.ebook_id and t2.`date` = curdate()); update ebook_snapshot t1, ebook t2 set t1.view_count = t2.view_count, t1.vote_count = t2.vote_count where t1.`date` = curdate() and t1.ebook_id = t2.id; update ebook_snapshot t1 left join (select ebook_id, view_count, vote_count from ebook_snapshot where `date` = date_sub(curdate(), interval 1 day)) t2 on t1.ebook_id = t2.ebook_id set t1.view_increase = (t1.view_count - ifnull(t2.view_count, 0)), t1.vote_increase = (t1.vote_count - ifnull(t2.vote_count, 0)) where t1.`date` = curdate();
2025-08-27 00:48:00.358 DEBUG c.m.w.mapper.EbookSnapshotMapperCust.genSnapshot  :135  [32m615558068327026688[0;39m ==> Parameters: 
2025-08-27 00:48:00.919 DEBUG c.m.w.mapper.EbookSnapshotMapperCust.genSnapshot  :135  [32m615558068327026688[0;39m <==    Updates: 0
2025-08-27 00:48:00.920 INFO  com.matt.wiki.job.EbookSnapshotJob                :34   [32m615558068327026688[0;39m 生成今日电子书快照结束，耗时：914毫秒
2025-08-27 00:48:00.920 INFO  com.matt.wiki.job.DocJob                          :30   [32m615558072164814848[0;39m 更新电子书下的文档数据开始
2025-08-27 00:48:00.921 DEBUG c.matt.wiki.mapper.DocMapperCust.updateEbookInfo  :135  [32m615558072164814848[0;39m ==>  Preparing: update ebook t1, (select ebook_id, count(1) doc_count, sum(view_count) view_count, sum(vote_count) vote_count from doc group by ebook_id) t2 set t1.doc_count = t2.doc_count, t1.view_count = t2.view_count, t1.vote_count = t2.vote_count where t1.id = t2.ebook_id
2025-08-27 00:48:00.922 DEBUG c.matt.wiki.mapper.DocMapperCust.updateEbookInfo  :135  [32m615558072164814848[0;39m ==> Parameters: 
2025-08-27 00:48:01.631 DEBUG c.matt.wiki.mapper.DocMapperCust.updateEbookInfo  :135  [32m615558072164814848[0;39m <==    Updates: 1
2025-08-27 00:48:01.632 INFO  com.matt.wiki.job.DocJob                          :33   [32m615558072164814848[0;39m 更新电子书下的文档数据结束，耗时：711毫秒
2025-08-27 00:48:33.255 INFO  com.matt.wiki.aspect.LogAspect                    :53   [32m615558207787634688[0;39m ------------- 开始 -------------
2025-08-27 00:48:33.256 INFO  com.matt.wiki.aspect.LogAspect                    :54   [32m615558207787634688[0;39m 请求地址: http://localhost:8080/ai/chat-stream GET
2025-08-27 00:48:33.256 INFO  com.matt.wiki.aspect.LogAspect                    :55   [32m615558207787634688[0;39m 类名方法: com.matt.wiki.controller.AiController.chatStream
2025-08-27 00:48:33.256 INFO  com.matt.wiki.aspect.LogAspect                    :56   [32m615558207787634688[0;39m 远程地址: 0:0:0:0:0:0:0:1
2025-08-27 00:48:33.257 INFO  com.matt.wiki.aspect.LogAspect                    :82   [32m615558207787634688[0;39m 请求参数: ["我叫张三，我不记得案件号了，但是我想离婚","111"]
2025-08-27 00:48:33.257 INFO  com.matt.wiki.service.CategoryService             :38   [32m615558207787634688[0;39m -------sessionId:111, message:我叫张三，我不记得案件号了，但是我想离婚
2025-08-27 00:48:33.782 DEBUG org.hibernate.SQL                                 :135  [32m615558207787634688[0;39m 
    insert 
    into
        chat_history
        (content, created_date, role, session_id, updated_date) 
    values
        (?, ?, ?, ?, ?)
2025-08-27 00:48:35.794 DEBUG org.hibernate.SQL                                 :135  [32m615558207787634688[0;39m 
    select
        che1_0.id,
        che1_0.content,
        che1_0.created_date,
        che1_0.role,
        che1_0.session_id,
        che1_0.updated_date 
    from
        chat_history che1_0 
    where
        che1_0.session_id=? 
    order by
        che1_0.id desc 
    limit
        ?
2025-08-27 00:48:36.098 INFO  com.matt.wiki.util.ChatHistoryTools               :33   [32m615558207787634688[0;39m ========getChatHistory[ChatHistory [Hash = 1570466067, id=null, createdDate=null, updatedDate=null, sessionId=null, role=0, content=我叫张三，我不记得案件号了，但是我想离婚], ChatHistory [Hash = 1223613867, id=null, createdDate=null, updatedDate=null, sessionId=null, role=1, content=为保护隐私，请用登记手机号或邮箱告知本人身份，并提供：①案件号或经办律师姓名 ②您要查询的具体节点（如已提交文件/开庭时间/回覆期限）。核验后我会同步最新进度或为您安排回访。], ChatHistory [Hash = 751398930, id=null, createdDate=null, updatedDate=null, sessionId=null, role=0, content=15926499414], ChatHistory [Hash = 597003800, id=null, createdDate=null, updatedDate=null, sessionId=null, role=1, content=为保护隐私，请用登记手机号或邮箱告知本人身份，并提供：①案件号或经办律师姓名 ②您要查询的具体节点（如已提交文件/开庭时间/回覆期限）。核验后我会同步最新进度或为您安排回访。], ChatHistory [Hash = 624998536, id=null, createdDate=null, updatedDate=null, sessionId=null, role=1, content=为保护隐私，请用登记手机号或邮箱告知本人身份，并提供：①案件号或经办律师姓名 ②您要查询的具体节点（如已提交文件/开庭时间/回覆期限）。核验后我会同步最新进度或为您安排回访。], ChatHistory [Hash = 469576206, id=null, createdDate=null, updatedDate=null, sessionId=null, role=0, content=我是谁], ChatHistory [Hash = 2085847171, id=null, createdDate=null, updatedDate=null, sessionId=null, role=0, content=我是谁], ChatHistory [Hash = 1941517407, id=null, createdDate=null, updatedDate=null, sessionId=null, role=1, content=已记录：张三，电话15926499414，邮箱774364662@qq.com，案件类型为离婚，地区悉尼，情况紧急。感谢，登记已完成。我将为您查询合适的律师与时间，并通过您提供的联系方式与您确认。], ChatHistory [Hash = 1402820184, id=null, createdDate=null, updatedDate=null, sessionId=null, role=0, content=我想咨询，张三，电话15926499414，邮箱：774364662@qq.com，离婚，悉尼，紧急]]
2025-08-27 00:48:39.068 INFO  com.matt.wiki.service.CategoryService             :39   [32m615558207787634688[0;39m ----IntentionOutput(intention=3, output=为保护隐私，请用登记手机号或邮箱告知本人身份，并提供：①案件号或经办律师姓名 ②您要查询的具体节点（如已提交文件/开庭时间/回覆期限）。核验后我会同步最新进度或为您安排回访。)
2025-08-27 00:48:39.069 INFO  com.matt.wiki.service.CategoryService             :41   [32m615558207787634688[0;39m -------sessionId:111, aiMessage:为保护隐私，请用登记手机号或邮箱告知本人身份，并提供：①案件号或经办律师姓名 ②您要查询的具体节点（如已提交文件/开庭时间/回覆期限）。核验后我会同步最新进度或为您安排回访。
2025-08-27 00:48:39.371 DEBUG org.hibernate.SQL                                 :135  [32m615558207787634688[0;39m 
    insert 
    into
        chat_history
        (content, created_date, role, session_id, updated_date) 
    values
        (?, ?, ?, ?, ?)
2025-08-27 00:48:40.191 INFO  com.matt.wiki.aspect.LogAspect                    :96   [32m615558207787634688[0;39m 返回结果: FluxJust
2025-08-27 00:48:40.192 INFO  com.matt.wiki.aspect.LogAspect                    :100  [32m615558207787634688[0;39m ------------- 结束 耗时：6937 ms -------------
2025-08-27 00:49:00.006 INFO  com.matt.wiki.job.DocJob                          :30   [32m615558319989460992[0;39m 更新电子书下的文档数据开始
2025-08-27 00:49:00.364 DEBUG c.matt.wiki.mapper.DocMapperCust.updateEbookInfo  :135  [32m615558319989460992[0;39m ==>  Preparing: update ebook t1, (select ebook_id, count(1) doc_count, sum(view_count) view_count, sum(vote_count) vote_count from doc group by ebook_id) t2 set t1.doc_count = t2.doc_count, t1.view_count = t2.view_count, t1.vote_count = t2.vote_count where t1.id = t2.ebook_id
2025-08-27 00:49:00.365 DEBUG c.matt.wiki.mapper.DocMapperCust.updateEbookInfo  :135  [32m615558319989460992[0;39m ==> Parameters: 
2025-08-27 00:49:00.978 DEBUG c.matt.wiki.mapper.DocMapperCust.updateEbookInfo  :135  [32m615558319989460992[0;39m <==    Updates: 1
2025-08-27 00:49:00.980 INFO  com.matt.wiki.job.DocJob                          :33   [32m615558319989460992[0;39m 更新电子书下的文档数据结束，耗时：973毫秒
2025-08-27 00:49:00.981 INFO  com.matt.wiki.job.EbookSnapshotJob                :31   [32m615558324078907392[0;39m 生成今日电子书快照开始
2025-08-27 00:49:00.982 DEBUG c.m.w.mapper.EbookSnapshotMapperCust.genSnapshot  :135  [32m615558324078907392[0;39m ==>  Preparing: insert into ebook_snapshot(ebook_id, `date`, view_count, vote_count, view_increase, vote_increase) select t1.id, curdate(), 0, 0, 0, 0 from ebook t1 where not exists(select 1 from ebook_snapshot t2 where t1.id = t2.ebook_id and t2.`date` = curdate()); update ebook_snapshot t1, ebook t2 set t1.view_count = t2.view_count, t1.vote_count = t2.vote_count where t1.`date` = curdate() and t1.ebook_id = t2.id; update ebook_snapshot t1 left join (select ebook_id, view_count, vote_count from ebook_snapshot where `date` = date_sub(curdate(), interval 1 day)) t2 on t1.ebook_id = t2.ebook_id set t1.view_increase = (t1.view_count - ifnull(t2.view_count, 0)), t1.vote_increase = (t1.vote_count - ifnull(t2.vote_count, 0)) where t1.`date` = curdate();
2025-08-27 00:49:00.983 DEBUG c.m.w.mapper.EbookSnapshotMapperCust.genSnapshot  :135  [32m615558324078907392[0;39m ==> Parameters: 
2025-08-27 00:49:01.797 DEBUG c.m.w.mapper.EbookSnapshotMapperCust.genSnapshot  :135  [32m615558324078907392[0;39m <==    Updates: 0
2025-08-27 00:49:01.798 INFO  com.matt.wiki.job.EbookSnapshotJob                :34   [32m615558324078907392[0;39m 生成今日电子书快照结束，耗时：817毫秒
2025-08-27 00:50:00.002 INFO  com.matt.wiki.job.EbookSnapshotJob                :31   [32m615558571626729472[0;39m 生成今日电子书快照开始
2025-08-27 00:50:00.255 DEBUG c.m.w.mapper.EbookSnapshotMapperCust.genSnapshot  :135  [32m615558571626729472[0;39m ==>  Preparing: insert into ebook_snapshot(ebook_id, `date`, view_count, vote_count, view_increase, vote_increase) select t1.id, curdate(), 0, 0, 0, 0 from ebook t1 where not exists(select 1 from ebook_snapshot t2 where t1.id = t2.ebook_id and t2.`date` = curdate()); update ebook_snapshot t1, ebook t2 set t1.view_count = t2.view_count, t1.vote_count = t2.vote_count where t1.`date` = curdate() and t1.ebook_id = t2.id; update ebook_snapshot t1 left join (select ebook_id, view_count, vote_count from ebook_snapshot where `date` = date_sub(curdate(), interval 1 day)) t2 on t1.ebook_id = t2.ebook_id set t1.view_increase = (t1.view_count - ifnull(t2.view_count, 0)), t1.vote_increase = (t1.vote_count - ifnull(t2.vote_count, 0)) where t1.`date` = curdate();
2025-08-27 00:50:00.257 DEBUG c.m.w.mapper.EbookSnapshotMapperCust.genSnapshot  :135  [32m615558571626729472[0;39m ==> Parameters: 
2025-08-27 00:50:00.846 DEBUG c.m.w.mapper.EbookSnapshotMapperCust.genSnapshot  :135  [32m615558571626729472[0;39m <==    Updates: 0
2025-08-27 00:50:00.847 INFO  com.matt.wiki.job.EbookSnapshotJob                :34   [32m615558571626729472[0;39m 生成今日电子书快照结束，耗时：844毫秒
2025-08-27 00:50:00.848 INFO  com.matt.wiki.job.DocJob                          :30   [32m615558575179304960[0;39m 更新电子书下的文档数据开始
2025-08-27 00:50:00.849 DEBUG c.matt.wiki.mapper.DocMapperCust.updateEbookInfo  :135  [32m615558575179304960[0;39m ==>  Preparing: update ebook t1, (select ebook_id, count(1) doc_count, sum(view_count) view_count, sum(vote_count) vote_count from doc group by ebook_id) t2 set t1.doc_count = t2.doc_count, t1.view_count = t2.view_count, t1.vote_count = t2.vote_count where t1.id = t2.ebook_id
2025-08-27 00:50:00.849 DEBUG c.matt.wiki.mapper.DocMapperCust.updateEbookInfo  :135  [32m615558575179304960[0;39m ==> Parameters: 
2025-08-27 00:50:01.497 DEBUG c.matt.wiki.mapper.DocMapperCust.updateEbookInfo  :135  [32m615558575179304960[0;39m <==    Updates: 1
2025-08-27 00:50:01.498 INFO  com.matt.wiki.job.DocJob                          :33   [32m615558575179304960[0;39m 更新电子书下的文档数据结束，耗时：650毫秒
2025-08-27 00:51:00.004 INFO  com.matt.wiki.job.DocJob                          :30   [32m615558823293358080[0;39m 更新电子书下的文档数据开始
2025-08-27 00:51:00.259 DEBUG c.matt.wiki.mapper.DocMapperCust.updateEbookInfo  :135  [32m615558823293358080[0;39m ==>  Preparing: update ebook t1, (select ebook_id, count(1) doc_count, sum(view_count) view_count, sum(vote_count) vote_count from doc group by ebook_id) t2 set t1.doc_count = t2.doc_count, t1.view_count = t2.view_count, t1.vote_count = t2.vote_count where t1.id = t2.ebook_id
2025-08-27 00:51:00.259 DEBUG c.matt.wiki.mapper.DocMapperCust.updateEbookInfo  :135  [32m615558823293358080[0;39m ==> Parameters: 
2025-08-27 00:51:00.884 DEBUG c.matt.wiki.mapper.DocMapperCust.updateEbookInfo  :135  [32m615558823293358080[0;39m <==    Updates: 1
2025-08-27 00:51:00.885 INFO  com.matt.wiki.job.DocJob                          :33   [32m615558823293358080[0;39m 更新电子书下的文档数据结束，耗时：879毫秒
2025-08-27 00:51:00.885 INFO  com.matt.wiki.job.EbookSnapshotJob                :31   [32m615558826992734208[0;39m 生成今日电子书快照开始
2025-08-27 00:51:00.885 DEBUG c.m.w.mapper.EbookSnapshotMapperCust.genSnapshot  :135  [32m615558826992734208[0;39m ==>  Preparing: insert into ebook_snapshot(ebook_id, `date`, view_count, vote_count, view_increase, vote_increase) select t1.id, curdate(), 0, 0, 0, 0 from ebook t1 where not exists(select 1 from ebook_snapshot t2 where t1.id = t2.ebook_id and t2.`date` = curdate()); update ebook_snapshot t1, ebook t2 set t1.view_count = t2.view_count, t1.vote_count = t2.vote_count where t1.`date` = curdate() and t1.ebook_id = t2.id; update ebook_snapshot t1 left join (select ebook_id, view_count, vote_count from ebook_snapshot where `date` = date_sub(curdate(), interval 1 day)) t2 on t1.ebook_id = t2.ebook_id set t1.view_increase = (t1.view_count - ifnull(t2.view_count, 0)), t1.vote_increase = (t1.vote_count - ifnull(t2.vote_count, 0)) where t1.`date` = curdate();
2025-08-27 00:51:00.886 DEBUG c.m.w.mapper.EbookSnapshotMapperCust.genSnapshot  :135  [32m615558826992734208[0;39m ==> Parameters: 
2025-08-27 00:51:01.548 DEBUG c.m.w.mapper.EbookSnapshotMapperCust.genSnapshot  :135  [32m615558826992734208[0;39m <==    Updates: 0
2025-08-27 00:51:01.548 INFO  com.matt.wiki.job.EbookSnapshotJob                :34   [32m615558826992734208[0;39m 生成今日电子书快照结束，耗时：663毫秒
2025-08-27 00:51:10.579 INFO  o.s.boot.web.embedded.tomcat.GracefulShutdown     :54   [32m                  [0;39m Commencing graceful shutdown. Waiting for active requests to complete
2025-08-27 00:51:10.581 INFO  o.s.boot.web.embedded.tomcat.GracefulShutdown     :76   [32m                  [0;39m Graceful shutdown complete
2025-08-27 00:51:10.590 INFO  o.s.orm.jpa.LocalContainerEntityManagerFactoryBean:660  [32m                  [0;39m Closing JPA EntityManagerFactory for persistence unit 'default'
2025-08-27 00:51:10.592 INFO  com.zaxxer.hikari.HikariDataSource                :349  [32m                  [0;39m HikariPool-1 - Shutdown initiated...
2025-08-27 00:51:10.595 INFO  com.zaxxer.hikari.HikariDataSource                :351  [32m                  [0;39m HikariPool-1 - Shutdown completed.
2025-08-27 00:51:11.876 INFO  org.hibernate.validator.internal.util.Version     :21   [32m                  [0;39m HV000001: Hibernate Validator 8.0.2.Final
2025-08-27 00:51:11.898 INFO  com.matt.wiki.WikiApplication                     :53   [32m                  [0;39m Starting WikiApplication using Java 20.0.1 with PID 6587 (/Users/yushuzhan/Documents/GitHub/FullStackPractices/wiki/target/classes started by yushuzhan in /Users/yushuzhan/Documents/GitHub/FullStackPractices/wiki)
2025-08-27 00:51:11.899 INFO  com.matt.wiki.WikiApplication                     :652  [32m                  [0;39m No active profile set, falling back to 1 default profile: "default"
2025-08-27 00:51:11.923 INFO  o.s.boot.devtools.restart.ChangeableUrls          :252  [32m                  [0;39m The Class-Path manifest attribute in /Users/yushuzhan/.m2/repository/org/apache/opennlp/opennlp-tools/2.5.4/opennlp-tools-2.5.4.jar referenced one or more files that do not exist: file:/Users/yushuzhan/.m2/repository/org/apache/opennlp/opennlp-tools/2.5.4/slf4j-api-2.0.17.jar
2025-08-27 00:51:11.924 INFO  o.s.b.d.env.DevToolsPropertyDefaultsPostProcessor :252  [32m                  [0;39m Devtools property defaults active! Set 'spring.devtools.add-properties' to 'false' to disable
2025-08-27 00:51:11.924 INFO  o.s.b.d.env.DevToolsPropertyDefaultsPostProcessor :252  [32m                  [0;39m For additional web related logging consider setting the 'logging.level.web' property to 'DEBUG'
2025-08-27 00:51:12.392 INFO  o.s.d.r.config.RepositoryConfigurationDelegate    :294  [32m                  [0;39m Multiple Spring Data modules found, entering strict repository configuration mode
2025-08-27 00:51:12.393 INFO  o.s.d.r.config.RepositoryConfigurationDelegate    :145  [32m                  [0;39m Bootstrapping Spring Data JPA repositories in DEFAULT mode.
2025-08-27 00:51:12.466 INFO  o.s.d.r.config.RepositoryConfigurationDelegate    :213  [32m                  [0;39m Finished Spring Data repository scanning in 68 ms. Found 3 JPA repository interfaces.
2025-08-27 00:51:12.473 INFO  o.s.d.r.config.RepositoryConfigurationDelegate    :294  [32m                  [0;39m Multiple Spring Data modules found, entering strict repository configuration mode
2025-08-27 00:51:12.474 INFO  o.s.d.r.config.RepositoryConfigurationDelegate    :145  [32m                  [0;39m Bootstrapping Spring Data Redis repositories in DEFAULT mode.
2025-08-27 00:51:12.481 INFO  o.s.d.r.c.RepositoryConfigurationExtensionSupport :327  [32m                  [0;39m Spring Data Redis - Could not safely identify store assignment for repository candidate interface com.matt.wiki.repository.BaseRepository; If you want this repository to be a Redis repository, consider annotating your entities with one of these annotations: org.springframework.data.redis.core.RedisHash (preferred), or consider extending one of the following types with your repository: org.springframework.data.keyvalue.repository.KeyValueRepository
2025-08-27 00:51:12.482 INFO  o.s.d.r.c.RepositoryConfigurationExtensionSupport :327  [32m                  [0;39m Spring Data Redis - Could not safely identify store assignment for repository candidate interface com.matt.wiki.repository.ChatHistoryRepository; If you want this repository to be a Redis repository, consider annotating your entities with one of these annotations: org.springframework.data.redis.core.RedisHash (preferred), or consider extending one of the following types with your repository: org.springframework.data.keyvalue.repository.KeyValueRepository
2025-08-27 00:51:12.482 INFO  o.s.d.r.c.RepositoryConfigurationExtensionSupport :327  [32m                  [0;39m Spring Data Redis - Could not safely identify store assignment for repository candidate interface com.matt.wiki.repository.GuestRegisterRepository; If you want this repository to be a Redis repository, consider annotating your entities with one of these annotations: org.springframework.data.redis.core.RedisHash (preferred), or consider extending one of the following types with your repository: org.springframework.data.keyvalue.repository.KeyValueRepository
2025-08-27 00:51:12.482 INFO  o.s.d.r.config.RepositoryConfigurationDelegate    :213  [32m                  [0;39m Finished Spring Data repository scanning in 3 ms. Found 0 Redis repository interfaces.
2025-08-27 00:51:12.874 INFO  o.s.boot.web.embedded.tomcat.TomcatWebServer      :111  [32m                  [0;39m Tomcat initialized with port 8080 (http)
2025-08-27 00:51:12.879 INFO  org.apache.coyote.http11.Http11NioProtocol        :168  [32m                  [0;39m Initializing ProtocolHandler ["http-nio-8080"]
2025-08-27 00:51:12.880 INFO  org.apache.catalina.core.StandardService          :168  [32m                  [0;39m Starting service [Tomcat]
2025-08-27 00:51:12.880 INFO  org.apache.catalina.core.StandardEngine           :168  [32m                  [0;39m Starting Servlet engine: [Apache Tomcat/10.1.42]
2025-08-27 00:51:12.895 INFO  o.a.c.core.ContainerBase.[Tomcat].[localhost].[/] :168  [32m                  [0;39m Initializing Spring embedded WebApplicationContext
2025-08-27 00:51:12.895 INFO  o.s.b.w.s.c.ServletWebServerApplicationContext    :301  [32m                  [0;39m Root WebApplicationContext: initialization completed in 971 ms
2025-08-27 00:51:12.934 INFO  o.s.b.d.autoconfigure.OptionalLiveReloadServer    :59   [32m                  [0;39m LiveReload server is running on port 35729
2025-08-27 00:51:12.983 INFO  com.zaxxer.hikari.HikariDataSource                :109  [32m                  [0;39m HikariPool-1 - Starting...
2025-08-27 00:51:15.942 INFO  com.zaxxer.hikari.pool.HikariPool                 :575  [32m                  [0;39m HikariPool-1 - Added connection com.mysql.cj.jdbc.ConnectionImpl@5a68d2d6
2025-08-27 00:51:15.943 INFO  com.zaxxer.hikari.HikariDataSource                :122  [32m                  [0;39m HikariPool-1 - Start completed.
2025-08-27 00:51:15.961 INFO  org.hibernate.jpa.internal.util.LogHelper         :31   [32m                  [0;39m HHH000204: Processing PersistenceUnitInfo [name: default]
2025-08-27 00:51:15.985 INFO  org.hibernate.Version                             :44   [32m                  [0;39m HHH000412: Hibernate ORM core version 6.6.18.Final
2025-08-27 00:51:15.999 INFO  o.hibernate.cache.internal.RegionFactoryInitiator :50   [32m                  [0;39m HHH000026: Second-level cache disabled
2025-08-27 00:51:16.108 INFO  o.s.o.j.persistenceunit.SpringPersistenceUnitInfo :87   [32m                  [0;39m No LoadTimeWeaver setup: ignoring JPA class transformer
2025-08-27 00:51:16.675 INFO  org.hibernate.orm.connections.pooling             :163  [32m                  [0;39m HHH10001005: Database info:
	Database JDBC URL [Connecting through datasource 'HikariDataSource (HikariPool-1)']
	Database driver: undefined/unknown
	Database version: 8.0.36
	Autocommit mode: undefined/unknown
	Isolation level: undefined/unknown
	Minimum pool size: undefined/unknown
	Maximum pool size: undefined/unknown
2025-08-27 00:51:16.682 DEBUG o.h.type.descriptor.sql.spi.DdlTypeRegistry       :64   [32m                  [0;39m addDescriptor(12, org.hibernate.type.descriptor.sql.internal.CapacityDependentDdlType@5e3f824f) replaced previous registration(org.hibernate.type.descriptor.sql.internal.CapacityDependentDdlType@6344807b)
2025-08-27 00:51:16.682 DEBUG o.h.type.descriptor.sql.spi.DdlTypeRegistry       :64   [32m                  [0;39m addDescriptor(-9, org.hibernate.type.descriptor.sql.internal.CapacityDependentDdlType@455a1dc1) replaced previous registration(org.hibernate.type.descriptor.sql.internal.CapacityDependentDdlType@780b42a5)
2025-08-27 00:51:16.682 DEBUG o.h.type.descriptor.sql.spi.DdlTypeRegistry       :64   [32m                  [0;39m addDescriptor(-3, org.hibernate.type.descriptor.sql.internal.CapacityDependentDdlType@5a848a11) replaced previous registration(org.hibernate.type.descriptor.sql.internal.CapacityDependentDdlType@1d849e62)
2025-08-27 00:51:16.682 DEBUG o.h.type.descriptor.sql.spi.DdlTypeRegistry       :64   [32m                  [0;39m addDescriptor(4003, org.hibernate.type.descriptor.sql.internal.DdlTypeImpl@8a53c06) replaced previous registration(org.hibernate.type.descriptor.sql.internal.DdlTypeImpl@2a1959dd)
2025-08-27 00:51:16.682 DEBUG o.h.type.descriptor.sql.spi.DdlTypeRegistry       :64   [32m                  [0;39m addDescriptor(4001, org.hibernate.type.descriptor.sql.internal.DdlTypeImpl@54b38a8d) replaced previous registration(org.hibernate.type.descriptor.sql.internal.DdlTypeImpl@6dfd79f7)
2025-08-27 00:51:16.682 DEBUG o.h.type.descriptor.sql.spi.DdlTypeRegistry       :64   [32m                  [0;39m addDescriptor(4002, org.hibernate.type.descriptor.sql.internal.DdlTypeImpl@4c193d42) replaced previous registration(org.hibernate.type.descriptor.sql.internal.DdlTypeImpl@2c2e42ad)
2025-08-27 00:51:16.683 DEBUG o.h.type.descriptor.sql.spi.DdlTypeRegistry       :64   [32m                  [0;39m addDescriptor(2004, org.hibernate.type.descriptor.sql.internal.CapacityDependentDdlType@64014247) replaced previous registration(org.hibernate.type.descriptor.sql.internal.DdlTypeImpl@62b5adf1)
2025-08-27 00:51:16.683 DEBUG o.h.type.descriptor.sql.spi.DdlTypeRegistry       :64   [32m                  [0;39m addDescriptor(2005, org.hibernate.type.descriptor.sql.internal.CapacityDependentDdlType@67437fc8) replaced previous registration(org.hibernate.type.descriptor.sql.internal.DdlTypeImpl@392662a7)
2025-08-27 00:51:16.683 DEBUG o.h.type.descriptor.sql.spi.DdlTypeRegistry       :64   [32m                  [0;39m addDescriptor(2011, org.hibernate.type.descriptor.sql.internal.CapacityDependentDdlType@57db0cbe) replaced previous registration(org.hibernate.type.descriptor.sql.internal.DdlTypeImpl@18cee991)
2025-08-27 00:51:17.108 INFO  o.h.e.t.jta.platform.internal.JtaPlatformInitiator:59   [32m                  [0;39m HHH000489: No JTA platform available (set 'hibernate.transaction.jta.platform' to enable JTA platform integration)
2025-08-27 00:51:17.109 INFO  o.s.orm.jpa.LocalContainerEntityManagerFactoryBean:447  [32m                  [0;39m Initialized JPA EntityManagerFactory for persistence unit 'default'
2025-08-27 00:51:17.799 WARN  o.s.b.a.o.j.JpaBaseConfiguration$JpaWebConfiguration:258  [32m                  [0;39m spring.jpa.open-in-view is enabled by default. Therefore, database queries may be performed during view rendering. Explicitly configure spring.jpa.open-in-view to disable this warning
2025-08-27 00:51:18.106 INFO  org.apache.coyote.http11.Http11NioProtocol        :168  [32m                  [0;39m Starting ProtocolHandler ["http-nio-8080"]
2025-08-27 00:51:18.111 INFO  o.s.boot.web.embedded.tomcat.TomcatWebServer      :243  [32m                  [0;39m Tomcat started on port 8080 (http) with context path '/'
2025-08-27 00:51:18.118 INFO  com.matt.wiki.WikiApplication                     :59   [32m                  [0;39m Started WikiApplication in 6.46 seconds (process running for 6.757)
2025-08-27 00:51:18.120 INFO  com.matt.wiki.WikiApplication                     :168  [32m                  [0;39m Start Successful
2025-08-27 00:51:18.120 INFO  com.matt.wiki.WikiApplication                     :168  [32m                  [0;39m 地址:	http://127.0.0.1:8080
2025-08-27 00:51:25.332 INFO  o.a.c.core.ContainerBase.[Tomcat].[localhost].[/] :168  [32m                  [0;39m Initializing Spring DispatcherServlet 'dispatcherServlet'
2025-08-27 00:51:25.332 INFO  org.springframework.web.servlet.DispatcherServlet :532  [32m                  [0;39m Initializing Servlet 'dispatcherServlet'
2025-08-27 00:51:25.333 INFO  org.springframework.web.servlet.DispatcherServlet :554  [32m                  [0;39m Completed initialization in 1 ms
2025-08-27 00:51:25.359 INFO  com.matt.wiki.aspect.LogAspect                    :53   [32m615558929644130304[0;39m ------------- 开始 -------------
2025-08-27 00:51:25.360 INFO  com.matt.wiki.aspect.LogAspect                    :54   [32m615558929644130304[0;39m 请求地址: http://localhost:8080/ai/chat-stream GET
2025-08-27 00:51:25.360 INFO  com.matt.wiki.aspect.LogAspect                    :55   [32m615558929644130304[0;39m 类名方法: com.matt.wiki.controller.AiController.chatStream
2025-08-27 00:51:25.360 INFO  com.matt.wiki.aspect.LogAspect                    :56   [32m615558929644130304[0;39m 远程地址: 0:0:0:0:0:0:0:1
2025-08-27 00:51:25.378 INFO  com.matt.wiki.aspect.LogAspect                    :82   [32m615558929644130304[0;39m 请求参数: ["我是谁","111"]
2025-08-27 00:51:25.381 INFO  com.matt.wiki.service.CategoryService             :38   [32m615558929644130304[0;39m -------sessionId:111, message:我是谁
2025-08-27 00:51:25.936 DEBUG org.hibernate.SQL                                 :135  [32m615558929644130304[0;39m 
    insert 
    into
        chat_history
        (content, created_date, role, session_id, updated_date) 
    values
        (?, ?, ?, ?, ?)
2025-08-27 00:51:29.822 DEBUG org.hibernate.SQL                                 :135  [32m615558929644130304[0;39m 
    select
        che1_0.id,
        che1_0.content,
        che1_0.created_date,
        che1_0.role,
        che1_0.session_id,
        che1_0.updated_date 
    from
        chat_history che1_0 
    where
        che1_0.session_id=? 
    order by
        che1_0.id desc 
    limit
        ?
2025-08-27 00:51:30.113 INFO  com.matt.wiki.util.ChatHistoryTools               :33   [32m615558929644130304[0;39m ========getChatHistory[ChatHistory [Hash = 1295884377, id=null, createdDate=null, updatedDate=null, sessionId=null, role=0, content=我是谁], ChatHistory [Hash = 1869137846, id=null, createdDate=null, updatedDate=null, sessionId=null, role=1, content=为保护隐私，请用登记手机号或邮箱告知本人身份，并提供：①案件号或经办律师姓名 ②您要查询的具体节点（如已提交文件/开庭时间/回覆期限）。核验后我会同步最新进度或为您安排回访。], ChatHistory [Hash = 1834193765, id=null, createdDate=null, updatedDate=null, sessionId=null, role=0, content=我叫张三，我不记得案件号了，但是我想离婚], ChatHistory [Hash = 1522269173, id=null, createdDate=null, updatedDate=null, sessionId=null, role=1, content=为保护隐私，请用登记手机号或邮箱告知本人身份，并提供：①案件号或经办律师姓名 ②您要查询的具体节点（如已提交文件/开庭时间/回覆期限）。核验后我会同步最新进度或为您安排回访。], ChatHistory [Hash = 2049222547, id=null, createdDate=null, updatedDate=null, sessionId=null, role=0, content=15926499414], ChatHistory [Hash = 1398315542, id=null, createdDate=null, updatedDate=null, sessionId=null, role=1, content=为保护隐私，请用登记手机号或邮箱告知本人身份，并提供：①案件号或经办律师姓名 ②您要查询的具体节点（如已提交文件/开庭时间/回覆期限）。核验后我会同步最新进度或为您安排回访。], ChatHistory [Hash = 576844707, id=null, createdDate=null, updatedDate=null, sessionId=null, role=1, content=为保护隐私，请用登记手机号或邮箱告知本人身份，并提供：①案件号或经办律师姓名 ②您要查询的具体节点（如已提交文件/开庭时间/回覆期限）。核验后我会同步最新进度或为您安排回访。], ChatHistory [Hash = 662749257, id=null, createdDate=null, updatedDate=null, sessionId=null, role=0, content=我是谁], ChatHistory [Hash = 2017981205, id=null, createdDate=null, updatedDate=null, sessionId=null, role=0, content=我是谁], ChatHistory [Hash = 1876450849, id=null, createdDate=null, updatedDate=null, sessionId=null, role=1, content=已记录：张三，电话15926499414，邮箱774364662@qq.com，案件类型为离婚，地区悉尼，情况紧急。感谢，登记已完成。我将为您查询合适的律师与时间，并通过您提供的联系方式与您确认。], ChatHistory [Hash = 1107903634, id=null, createdDate=null, updatedDate=null, sessionId=null, role=0, content=我想咨询，张三，电话15926499414，邮箱：774364662@qq.com，离婚，悉尼，紧急]]
2025-08-27 00:51:37.006 INFO  com.matt.wiki.service.CategoryService             :39   [32m615558929644130304[0;39m ----IntentionOutput(intention=3, output=您好张三先生，根据您之前提供的信息（电话15926499414，邮箱774364662@qq.com），您的案件类型为离婚且位于悉尼。如果您想查询案件的最新进度，请提供案件号或经办律师姓名以及您想要了解的具体节点（如已提交文件、开庭时间等）。若无法提供这些详细信息，我建议我们通过您预留的联系方式安排一次回访，以便更准确地帮助到您。)
2025-08-27 00:51:37.007 INFO  com.matt.wiki.service.CategoryService             :41   [32m615558929644130304[0;39m -------sessionId:111, aiMessage:您好张三先生，根据您之前提供的信息（电话15926499414，邮箱774364662@qq.com），您的案件类型为离婚且位于悉尼。如果您想查询案件的最新进度，请提供案件号或经办律师姓名以及您想要了解的具体节点（如已提交文件、开庭时间等）。若无法提供这些详细信息，我建议我们通过您预留的联系方式安排一次回访，以便更准确地帮助到您。
2025-08-27 00:51:37.254 DEBUG org.hibernate.SQL                                 :135  [32m615558929644130304[0;39m 
    insert 
    into
        chat_history
        (content, created_date, role, session_id, updated_date) 
    values
        (?, ?, ?, ?, ?)
2025-08-27 00:51:38.166 INFO  com.matt.wiki.aspect.LogAspect                    :96   [32m615558929644130304[0;39m 返回结果: FluxJust
2025-08-27 00:51:38.168 INFO  com.matt.wiki.aspect.LogAspect                    :100  [32m615558929644130304[0;39m ------------- 结束 耗时：12809 ms -------------
2025-08-27 00:52:00.009 INFO  com.matt.wiki.job.EbookSnapshotJob                :31   [32m615559074976763904[0;39m 生成今日电子书快照开始
2025-08-27 00:52:00.270 DEBUG c.m.w.mapper.EbookSnapshotMapperCust.genSnapshot  :135  [32m615559074976763904[0;39m ==>  Preparing: insert into ebook_snapshot(ebook_id, `date`, view_count, vote_count, view_increase, vote_increase) select t1.id, curdate(), 0, 0, 0, 0 from ebook t1 where not exists(select 1 from ebook_snapshot t2 where t1.id = t2.ebook_id and t2.`date` = curdate()); update ebook_snapshot t1, ebook t2 set t1.view_count = t2.view_count, t1.vote_count = t2.vote_count where t1.`date` = curdate() and t1.ebook_id = t2.id; update ebook_snapshot t1 left join (select ebook_id, view_count, vote_count from ebook_snapshot where `date` = date_sub(curdate(), interval 1 day)) t2 on t1.ebook_id = t2.ebook_id set t1.view_increase = (t1.view_count - ifnull(t2.view_count, 0)), t1.vote_increase = (t1.vote_count - ifnull(t2.vote_count, 0)) where t1.`date` = curdate();
2025-08-27 00:52:00.276 DEBUG c.m.w.mapper.EbookSnapshotMapperCust.genSnapshot  :135  [32m615559074976763904[0;39m ==> Parameters: 
2025-08-27 00:52:00.878 DEBUG c.m.w.mapper.EbookSnapshotMapperCust.genSnapshot  :135  [32m615559074976763904[0;39m <==    Updates: 0
2025-08-27 00:52:00.882 INFO  com.matt.wiki.job.EbookSnapshotJob                :34   [32m615559074976763904[0;39m 生成今日电子书快照结束，耗时：872毫秒
2025-08-27 00:52:00.885 INFO  com.matt.wiki.job.DocJob                          :30   [32m615559078650974208[0;39m 更新电子书下的文档数据开始
2025-08-27 00:52:00.886 DEBUG c.matt.wiki.mapper.DocMapperCust.updateEbookInfo  :135  [32m615559078650974208[0;39m ==>  Preparing: update ebook t1, (select ebook_id, count(1) doc_count, sum(view_count) view_count, sum(vote_count) vote_count from doc group by ebook_id) t2 set t1.doc_count = t2.doc_count, t1.view_count = t2.view_count, t1.vote_count = t2.vote_count where t1.id = t2.ebook_id
2025-08-27 00:52:00.887 DEBUG c.matt.wiki.mapper.DocMapperCust.updateEbookInfo  :135  [32m615559078650974208[0;39m ==> Parameters: 
2025-08-27 00:52:01.714 DEBUG c.matt.wiki.mapper.DocMapperCust.updateEbookInfo  :135  [32m615559078650974208[0;39m <==    Updates: 1
2025-08-27 00:52:01.715 INFO  com.matt.wiki.job.DocJob                          :33   [32m615559078650974208[0;39m 更新电子书下的文档数据结束，耗时：829毫秒
2025-08-27 00:52:05.200 INFO  o.s.b.d.a.LocalDevToolsAutoConfiguration$RestartingClassPathChangeChangedEventListener:211  [32m                  [0;39m Restarting due to 1 class path change (0 additions, 0 deletions, 1 modification)
2025-08-27 00:52:05.206 INFO  o.s.boot.web.embedded.tomcat.GracefulShutdown     :54   [32m                  [0;39m Commencing graceful shutdown. Waiting for active requests to complete
2025-08-27 00:52:05.207 INFO  org.apache.coyote.http11.Http11NioProtocol        :168  [32m                  [0;39m Pausing ProtocolHandler ["http-nio-8080"]
2025-08-27 00:52:05.212 INFO  o.s.boot.web.embedded.tomcat.GracefulShutdown     :76   [32m                  [0;39m Graceful shutdown complete
2025-08-27 00:52:05.213 INFO  org.apache.coyote.http11.Http11NioProtocol        :168  [32m                  [0;39m Stopping ProtocolHandler ["http-nio-8080"]
2025-08-27 00:52:05.233 INFO  o.s.orm.jpa.LocalContainerEntityManagerFactoryBean:660  [32m                  [0;39m Closing JPA EntityManagerFactory for persistence unit 'default'
2025-08-27 00:52:05.235 INFO  com.zaxxer.hikari.HikariDataSource                :349  [32m                  [0;39m HikariPool-1 - Shutdown initiated...
2025-08-27 00:52:05.238 INFO  com.zaxxer.hikari.HikariDataSource                :351  [32m                  [0;39m HikariPool-1 - Shutdown completed.
2025-08-27 00:52:05.286 INFO  com.matt.wiki.WikiApplication                     :53   [32m                  [0;39m Starting WikiApplication using Java 20.0.1 with PID 6587 (/Users/yushuzhan/Documents/GitHub/FullStackPractices/wiki/target/classes started by yushuzhan in /Users/yushuzhan/Documents/GitHub/FullStackPractices/wiki)
2025-08-27 00:52:05.286 INFO  com.matt.wiki.WikiApplication                     :652  [32m                  [0;39m No active profile set, falling back to 1 default profile: "default"
2025-08-27 00:52:05.373 INFO  o.s.d.r.config.RepositoryConfigurationDelegate    :294  [32m                  [0;39m Multiple Spring Data modules found, entering strict repository configuration mode
2025-08-27 00:52:05.373 INFO  o.s.d.r.config.RepositoryConfigurationDelegate    :145  [32m                  [0;39m Bootstrapping Spring Data JPA repositories in DEFAULT mode.
2025-08-27 00:52:05.379 INFO  o.s.d.r.config.RepositoryConfigurationDelegate    :213  [32m                  [0;39m Finished Spring Data repository scanning in 5 ms. Found 3 JPA repository interfaces.
2025-08-27 00:52:05.381 INFO  o.s.d.r.config.RepositoryConfigurationDelegate    :294  [32m                  [0;39m Multiple Spring Data modules found, entering strict repository configuration mode
2025-08-27 00:52:05.381 INFO  o.s.d.r.config.RepositoryConfigurationDelegate    :145  [32m                  [0;39m Bootstrapping Spring Data Redis repositories in DEFAULT mode.
2025-08-27 00:52:05.383 INFO  o.s.d.r.c.RepositoryConfigurationExtensionSupport :327  [32m                  [0;39m Spring Data Redis - Could not safely identify store assignment for repository candidate interface com.matt.wiki.repository.BaseRepository; If you want this repository to be a Redis repository, consider annotating your entities with one of these annotations: org.springframework.data.redis.core.RedisHash (preferred), or consider extending one of the following types with your repository: org.springframework.data.keyvalue.repository.KeyValueRepository
2025-08-27 00:52:05.383 INFO  o.s.d.r.c.RepositoryConfigurationExtensionSupport :327  [32m                  [0;39m Spring Data Redis - Could not safely identify store assignment for repository candidate interface com.matt.wiki.repository.ChatHistoryRepository; If you want this repository to be a Redis repository, consider annotating your entities with one of these annotations: org.springframework.data.redis.core.RedisHash (preferred), or consider extending one of the following types with your repository: org.springframework.data.keyvalue.repository.KeyValueRepository
2025-08-27 00:52:05.383 INFO  o.s.d.r.c.RepositoryConfigurationExtensionSupport :327  [32m                  [0;39m Spring Data Redis - Could not safely identify store assignment for repository candidate interface com.matt.wiki.repository.GuestRegisterRepository; If you want this repository to be a Redis repository, consider annotating your entities with one of these annotations: org.springframework.data.redis.core.RedisHash (preferred), or consider extending one of the following types with your repository: org.springframework.data.keyvalue.repository.KeyValueRepository
2025-08-27 00:52:05.383 INFO  o.s.d.r.config.RepositoryConfigurationDelegate    :213  [32m                  [0;39m Finished Spring Data repository scanning in 1 ms. Found 0 Redis repository interfaces.
2025-08-27 00:52:05.475 INFO  o.s.boot.web.embedded.tomcat.TomcatWebServer      :111  [32m                  [0;39m Tomcat initialized with port 8080 (http)
2025-08-27 00:52:05.475 INFO  org.apache.coyote.http11.Http11NioProtocol        :168  [32m                  [0;39m Initializing ProtocolHandler ["http-nio-8080"]
2025-08-27 00:52:05.475 INFO  org.apache.catalina.core.StandardService          :168  [32m                  [0;39m Starting service [Tomcat]
2025-08-27 00:52:05.475 INFO  org.apache.catalina.core.StandardEngine           :168  [32m                  [0;39m Starting Servlet engine: [Apache Tomcat/10.1.42]
2025-08-27 00:52:05.481 INFO  o.a.c.core.ContainerBase.[Tomcat].[localhost].[/] :168  [32m                  [0;39m Initializing Spring embedded WebApplicationContext
2025-08-27 00:52:05.481 INFO  o.s.b.w.s.c.ServletWebServerApplicationContext    :301  [32m                  [0;39m Root WebApplicationContext: initialization completed in 194 ms
2025-08-27 00:52:05.503 INFO  o.s.b.d.autoconfigure.OptionalLiveReloadServer    :59   [32m                  [0;39m LiveReload server is running on port 35729
2025-08-27 00:52:05.531 INFO  com.zaxxer.hikari.HikariDataSource                :109  [32m                  [0;39m HikariPool-2 - Starting...
2025-08-27 00:52:08.220 INFO  com.zaxxer.hikari.pool.HikariPool                 :575  [32m                  [0;39m HikariPool-2 - Added connection com.mysql.cj.jdbc.ConnectionImpl@3289d9c9
2025-08-27 00:52:08.221 INFO  com.zaxxer.hikari.HikariDataSource                :122  [32m                  [0;39m HikariPool-2 - Start completed.
2025-08-27 00:52:08.222 INFO  org.hibernate.jpa.internal.util.LogHelper         :31   [32m                  [0;39m HHH000204: Processing PersistenceUnitInfo [name: default]
2025-08-27 00:52:08.225 INFO  o.hibernate.cache.internal.RegionFactoryInitiator :50   [32m                  [0;39m HHH000026: Second-level cache disabled
2025-08-27 00:52:08.234 INFO  o.s.o.j.persistenceunit.SpringPersistenceUnitInfo :87   [32m                  [0;39m No LoadTimeWeaver setup: ignoring JPA class transformer
2025-08-27 00:52:08.488 INFO  org.hibernate.orm.connections.pooling             :163  [32m                  [0;39m HHH10001005: Database info:
	Database JDBC URL [Connecting through datasource 'HikariDataSource (HikariPool-2)']
	Database driver: undefined/unknown
	Database version: 8.0.36
	Autocommit mode: undefined/unknown
	Isolation level: undefined/unknown
	Minimum pool size: undefined/unknown
	Maximum pool size: undefined/unknown
2025-08-27 00:52:08.489 DEBUG o.h.type.descriptor.sql.spi.DdlTypeRegistry       :64   [32m                  [0;39m addDescriptor(12, org.hibernate.type.descriptor.sql.internal.CapacityDependentDdlType@49557945) replaced previous registration(org.hibernate.type.descriptor.sql.internal.CapacityDependentDdlType@1989ed41)
2025-08-27 00:52:08.489 DEBUG o.h.type.descriptor.sql.spi.DdlTypeRegistry       :64   [32m                  [0;39m addDescriptor(-9, org.hibernate.type.descriptor.sql.internal.CapacityDependentDdlType@6ebdfb00) replaced previous registration(org.hibernate.type.descriptor.sql.internal.CapacityDependentDdlType@3bc390c4)
2025-08-27 00:52:08.489 DEBUG o.h.type.descriptor.sql.spi.DdlTypeRegistry       :64   [32m                  [0;39m addDescriptor(-3, org.hibernate.type.descriptor.sql.internal.CapacityDependentDdlType@59be49a8) replaced previous registration(org.hibernate.type.descriptor.sql.internal.CapacityDependentDdlType@f8b443b)
2025-08-27 00:52:08.489 DEBUG o.h.type.descriptor.sql.spi.DdlTypeRegistry       :64   [32m                  [0;39m addDescriptor(4003, org.hibernate.type.descriptor.sql.internal.DdlTypeImpl@e6fcb31) replaced previous registration(org.hibernate.type.descriptor.sql.internal.DdlTypeImpl@298d3f88)
2025-08-27 00:52:08.489 DEBUG o.h.type.descriptor.sql.spi.DdlTypeRegistry       :64   [32m                  [0;39m addDescriptor(4001, org.hibernate.type.descriptor.sql.internal.DdlTypeImpl@2d5d018) replaced previous registration(org.hibernate.type.descriptor.sql.internal.DdlTypeImpl@57aae6e5)
2025-08-27 00:52:08.489 DEBUG o.h.type.descriptor.sql.spi.DdlTypeRegistry       :64   [32m                  [0;39m addDescriptor(4002, org.hibernate.type.descriptor.sql.internal.DdlTypeImpl@27ec8962) replaced previous registration(org.hibernate.type.descriptor.sql.internal.DdlTypeImpl@675d9368)
2025-08-27 00:52:08.490 DEBUG o.h.type.descriptor.sql.spi.DdlTypeRegistry       :64   [32m                  [0;39m addDescriptor(2004, org.hibernate.type.descriptor.sql.internal.CapacityDependentDdlType@4ba4da8b) replaced previous registration(org.hibernate.type.descriptor.sql.internal.DdlTypeImpl@4bb990d4)
2025-08-27 00:52:08.490 DEBUG o.h.type.descriptor.sql.spi.DdlTypeRegistry       :64   [32m                  [0;39m addDescriptor(2005, org.hibernate.type.descriptor.sql.internal.CapacityDependentDdlType@8dda758) replaced previous registration(org.hibernate.type.descriptor.sql.internal.DdlTypeImpl@390a3f8)
2025-08-27 00:52:08.490 DEBUG o.h.type.descriptor.sql.spi.DdlTypeRegistry       :64   [32m                  [0;39m addDescriptor(2011, org.hibernate.type.descriptor.sql.internal.CapacityDependentDdlType@6e0d5183) replaced previous registration(org.hibernate.type.descriptor.sql.internal.DdlTypeImpl@69b543a6)
2025-08-27 00:52:08.537 INFO  o.h.e.t.jta.platform.internal.JtaPlatformInitiator:59   [32m                  [0;39m HHH000489: No JTA platform available (set 'hibernate.transaction.jta.platform' to enable JTA platform integration)
2025-08-27 00:52:08.537 INFO  o.s.orm.jpa.LocalContainerEntityManagerFactoryBean:447  [32m                  [0;39m Initialized JPA EntityManagerFactory for persistence unit 'default'
2025-08-27 00:52:08.734 WARN  o.s.b.a.o.j.JpaBaseConfiguration$JpaWebConfiguration:258  [32m                  [0;39m spring.jpa.open-in-view is enabled by default. Therefore, database queries may be performed during view rendering. Explicitly configure spring.jpa.open-in-view to disable this warning
2025-08-27 00:52:08.909 INFO  org.apache.coyote.http11.Http11NioProtocol        :168  [32m                  [0;39m Starting ProtocolHandler ["http-nio-8080"]
2025-08-27 00:52:08.910 INFO  o.s.boot.web.embedded.tomcat.TomcatWebServer      :243  [32m                  [0;39m Tomcat started on port 8080 (http) with context path '/'
2025-08-27 00:52:08.913 INFO  com.matt.wiki.WikiApplication                     :59   [32m                  [0;39m Started WikiApplication in 3.642 seconds (process running for 57.551)
2025-08-27 00:52:08.913 INFO  o.s.b.d.a.ConditionEvaluationDeltaLoggingListener :63   [32m                  [0;39m Condition evaluation unchanged
2025-08-27 00:52:08.914 INFO  com.matt.wiki.WikiApplication                     :168  [32m                  [0;39m Start Successful
2025-08-27 00:52:08.914 INFO  com.matt.wiki.WikiApplication                     :168  [32m                  [0;39m 地址:	http://127.0.0.1:8080
